customer_id,person_age,person_income,person_home_ownership,person_emp_length,loan_intent,loan_grade,loan_amnt,loan_int_rate,loan_percent_income,dti,revolving_utilization,credit_score,cb_person_default_on_file,cb_person_cred_hist_length,loan_status
CUST-10000,58,50250,OWN,7.6,EDUCATION,D,18266,17.44,0.364,20.26,70.93,653,Y,35,0
CUST-10001,48,91335,RENT,8.8,HOMEIMPROVEMENT,C,9704,12.77,0.106,16.5,65.5,651,N,28,0
CUST-10002,34,59913,MORTGAGE,10.0,MEDICAL,D,9165,16.79,0.153,19.27,61.66,617,N,14,1
CUST-10003,62,118995,RENT,4.2,PERSONAL,B,4897,10.24,0.041,4.69,69.97,664,N,35,0
CUST-10004,27,27006,RENT,9.0,MEDICAL,B,20701,10.64,0.767,29.84,54.79,658,N,5,1
CUST-10005,40,53186,RENT,,HOMEIMPROVEMENT,B,9227,11.4,0.173,16.05,35.56,705,N,18,0
CUST-10006,58,51569,RENT,4.7,MEDICAL,A,12327,7.11,0.239,26.54,59.68,750,N,35,1
CUST-10007,38,25808,RENT,7.1,PERSONAL,C,3756,11.51,0.146,18.18,50.98,593,N,17,1
CUST-10008,42,87009,OTHER,2.8,MEDICAL,D,5845,17.21,0.067,8.71,40.44,643,N,21,1
CUST-10009,30,197758,MORTGAGE,0.4,DEBTCONSOLIDATION,D,4655,17.79,0.024,21.36,29.25,612,N,8,0
CUST-10010,30,48523,MORTGAGE,2.2,VENTURE,B,10934,8.46,0.225,14.13,99.56,682,N,11,0
CUST-10011,43,66370,RENT,4.9,VENTURE,B,2911,10.46,0.044,9.35,83.98,670,N,24,0
CUST-10012,55,51570,MORTGAGE,1.1,HOMEIMPROVEMENT,D,11082,15.38,0.215,25.4,84.95,636,N,35,1
CUST-10013,59,31947,RENT,0.8,PERSONAL,C,10792,14.85,0.338,10.54,60.46,626,N,35,0
CUST-10014,43,16441,RENT,,MEDICAL,D,2162,17.92,0.132,19.56,100.0,618,Y,22,1
CUST-10015,22,32097,RENT,0.2,EDUCATION,C,10509,12.53,0.327,18.02,61.91,644,N,3,0
CUST-10016,41,21265,RENT,6.8,PERSONAL,D,6325,14.92,0.297,31.04,81.12,591,Y,19,1
CUST-10017,21,136279,RENT,1.5,EDUCATION,A,21160,7.79,0.155,13.45,58.81,705,N,2,0
CUST-10018,43,45749,MORTGAGE,0.7,HOMEIMPROVEMENT,C,11700,12.17,0.256,41.05,47.88,696,N,24,0
CUST-10019,63,39832,MORTGAGE,6.0,PERSONAL,A,6224,,0.156,9.65,52.24,715,N,35,0
CUST-10020,49,83574,RENT,9.3,EDUCATION,C,8451,13.34,0.101,10.68,98.23,620,N,28,0
CUST-10021,57,25007,RENT,0.1,EDUCATION,C,13053,15.43,0.522,27.04,56.56,697,N,35,1
CUST-10022,21,30942,RENT,1.3,PERSONAL,A,2488,9.48,0.08,3.01,31.9,746,N,3,0
CUST-10023,40,51064,OWN,14.5,MEDICAL,B,7751,12.36,0.152,13.05,85.69,711,N,20,0
CUST-10024,52,90876,MORTGAGE,2.4,VENTURE,A,12687,7.98,0.14,25.87,30.5,803,N,34,0
CUST-10025,31,66238,MORTGAGE,13.0,PERSONAL,A,6735,,0.102,8.42,47.54,802,N,9,0
CUST-10026,41,56896,OWN,1.6,PERSONAL,A,10470,5.72,0.184,13.71,73.55,731,N,22,0
CUST-10027,63,51373,RENT,1.2,VENTURE,B,7498,11.21,0.146,17.33,73.94,740,N,35,0
CUST-10028,44,62326,OTHER,1.2,MEDICAL,A,2277,8.3,0.037,7.52,88.27,694,N,22,0
CUST-10029,68,55325,RENT,0.4,VENTURE,A,11114,7.81,0.201,9.51,45.44,688,Y,35,0
CUST-10030,46,26423,RENT,11.3,EDUCATION,A,15495,5.91,0.586,30.11,71.26,752,N,26,0
CUST-10031,61,50395,MORTGAGE,19.5,HOMEIMPROVEMENT,A,3577,6.54,0.071,13.85,72.74,747,N,35,0
CUST-10032,47,25739,RENT,15.5,MEDICAL,A,8508,7.6,0.331,26.62,43.65,773,N,29,0
CUST-10033,35,51464,MORTGAGE,9.6,VENTURE,B,4042,9.76,0.079,25.53,29.65,719,N,13,0
CUST-10034,34,36739,RENT,9.4,PERSONAL,B,3626,9.57,0.099,9.72,71.53,724,N,14,0
CUST-10035,66,224948,MORTGAGE,5.4,EDUCATION,F,5474,20.84,0.024,23.34,64.92,586,N,35,0
CUST-10036,63,47861,RENT,8.7,HOMEIMPROVEMENT,A,10784,7.34,0.225,23.42,27.96,819,N,35,0
CUST-10037,22,21109,RENT,1.2,EDUCATION,D,5215,16.25,0.247,24.05,38.22,641,N,4,0
CUST-10038,56,45228,OWN,2.5,PERSONAL,B,4761,9.51,0.105,7.51,35.59,699,N,35,0
CUST-10039,26,66944,OWN,5.1,MEDICAL,B,6161,10.51,0.092,15.94,30.98,693,N,4,0
CUST-10040,40,133788,OWN,10.4,MEDICAL,B,6717,10.8,0.05,14.76,84.22,699,N,21,0
CUST-10041,28,34417,MORTGAGE,5.4,VENTURE,A,7849,7.92,0.228,30.43,52.11,730,N,7,0
CUST-10042,58,18968,MORTGAGE,9.1,VENTURE,B,19927,9.35,1.051,29.51,40.89,732,N,35,1
CUST-10043,37,80025,MORTGAGE,3.2,MEDICAL,C,22848,13.13,0.286,35.73,35.48,686,N,15,1
CUST-10044,23,21410,RENT,5.0,MEDICAL,D,8055,16.52,0.376,19.72,73.97,588,N,1,1
CUST-10045,44,37733,RENT,19.6,DEBTCONSOLIDATION,F,11058,22.15,0.293,16.45,65.65,524,N,23,1
CUST-10046,33,42000,RENT,0.8,MEDICAL,C,2069,11.9,0.049,24.29,100.0,588,N,15,0
CUST-10047,69,47014,OWN,13.1,VENTURE,C,15267,13.09,0.325,24.61,70.44,647,N,35,1
CUST-10048,28,74124,RENT,3.7,EDUCATION,B,8849,11.21,0.119,16.27,31.42,701,N,8,0
CUST-10049,45,32526,OWN,5.2,HOMEIMPROVEMENT,D,2361,15.79,0.073,20.82,57.35,571,Y,27,0
CUST-10050,21,41596,MORTGAGE,3.0,PERSONAL,C,13366,13.93,0.321,14.91,57.58,632,N,1,0
CUST-10051,39,48602,MORTGAGE,2.6,MEDICAL,A,4676,7.52,0.096,10.97,29.04,710,Y,19,0
CUST-10052,47,53624,RENT,2.7,EDUCATION,C,10722,12.95,0.2,19.11,37.97,595,N,25,0
CUST-10053,66,51984,RENT,3.7,VENTURE,B,11825,12.01,0.227,11.09,64.1,752,N,35,0
CUST-10054,26,63678,OWN,0.1,EDUCATION,B,25952,10.14,0.408,26.08,75.05,645,N,8,0
CUST-10055,63,81332,RENT,3.4,VENTURE,D,8095,16.25,0.1,15.73,57.28,614,N,35,1
CUST-10056,27,62042,RENT,1.7,PERSONAL,C,10030,12.92,0.162,14.36,74.91,684,N,6,1
CUST-10057,66,64353,RENT,13.2,EDUCATION,E,8742,21.28,0.136,18.55,36.75,620,N,35,0
CUST-10058,54,18970,RENT,0.5,HOMEIMPROVEMENT,D,5472,18.17,0.288,19.68,79.39,573,N,33,1
CUST-10059,33,50520,RENT,3.1,EDUCATION,A,14518,8.88,0.287,26.08,40.94,795,N,13,0
CUST-10060,36,65362,MORTGAGE,14.7,PERSONAL,A,8362,8.54,0.128,24.23,61.77,756,Y,17,0
CUST-10061,55,75914,RENT,11.6,MEDICAL,B,9744,9.44,0.128,6.48,46.38,720,N,35,0
CUST-10062,69,32357,MORTGAGE,6.0,DEBTCONSOLIDATION,D,17010,15.96,0.526,32.84,71.86,672,N,35,1
CUST-10063,59,33010,RENT,4.5,PERSONAL,A,9929,6.58,0.301,27.68,19.55,771,N,35,0
CUST-10064,23,34736,MORTGAGE,1.6,PERSONAL,C,14392,14.74,0.414,20.42,38.26,618,N,5,1
CUST-10065,21,67632,MORTGAGE,2.3,MEDICAL,B,2717,13.3,0.04,19.9,48.01,628,N,1,1
CUST-10066,25,91156,RENT,0.5,EDUCATION,C,5817,14.32,0.064,25.26,93.45,672,N,6,0
CUST-10067,61,38388,RENT,7.7,EDUCATION,A,13280,9.51,0.346,10.63,85.21,764,Y,35,1
CUST-10068,23,84522,RENT,2.0,HOMEIMPROVEMENT,A,7331,8.05,0.087,13.36,73.5,722,N,4,0
CUST-10069,48,52790,MORTGAGE,5.5,PERSONAL,A,26147,7.88,0.495,29.47,65.24,756,N,28,0
CUST-10070,37,45498,MORTGAGE,2.2,VENTURE,B,5762,9.8,0.127,24.41,64.45,653,N,16,0
CUST-10071,45,43181,OWN,3.1,MEDICAL,A,24465,8.24,0.567,16.23,28.51,763,N,25,0
CUST-10072,63,76723,RENT,4.0,DEBTCONSOLIDATION,D,3576,17.6,0.047,14.74,67.34,563,Y,35,1
CUST-10073,53,59596,RENT,8.1,DEBTCONSOLIDATION,B,2269,11.76,0.038,27.44,25.77,742,N,31,0
CUST-10074,29,192046,RENT,1.2,MEDICAL,C,3534,13.62,0.018,23.11,64.87,724,N,10,0
CUST-10075,55,29397,RENT,2.5,MEDICAL,E,14458,19.74,0.492,27.49,77.23,580,N,35,0
CUST-10076,33,66893,MORTGAGE,0.7,VENTURE,B,2742,10.43,0.041,8.64,53.68,714,N,12,0
CUST-10077,50,35684,RENT,0.4,EDUCATION,A,4025,6.82,0.113,18.27,47.26,771,N,28,0
CUST-10078,67,29098,MORTGAGE,4.6,EDUCATION,D,5298,17.56,0.182,23.09,66.28,620,N,35,1
CUST-10079,34,48702,MORTGAGE,1.0,DEBTCONSOLIDATION,A,19024,5.23,0.391,20.13,34.26,712,N,13,1
CUST-10080,27,53231,MORTGAGE,0.3,MEDICAL,A,11484,5.49,0.216,19.67,64.16,799,N,9,0
CUST-10081,33,282350,RENT,11.4,PERSONAL,B,7461,9.84,0.026,8.38,49.68,716,N,14,0
CUST-10082,42,43893,OWN,3.8,HOMEIMPROVEMENT,A,1566,5.97,0.036,9.84,63.78,770,N,22,0
CUST-10083,59,24881,OTHER,0.7,MEDICAL,B,9338,11.8,0.375,17.88,79.79,735,N,35,0
CUST-10084,40,57745,OWN,0.3,PERSONAL,B,2967,9.97,0.051,2.0,30.96,734,N,19,0
CUST-10085,35,15000,MORTGAGE,0.6,PERSONAL,B,9966,11.55,0.664,51.13,58.37,743,N,16,1
CUST-10086,64,46389,MORTGAGE,3.2,EDUCATION,A,11912,9.07,0.257,29.51,52.82,766,N,35,0
CUST-10087,37,49494,MORTGAGE,5.5,DEBTCONSOLIDATION,B,9799,10.57,0.198,19.41,36.47,670,N,15,1
CUST-10088,66,78965,RENT,5.1,DEBTCONSOLIDATION,A,14681,7.89,0.186,23.07,85.44,765,Y,35,0
CUST-10089,43,87919,MORTGAGE,0.8,EDUCATION,A,5284,8.97,0.06,12.44,83.58,749,N,24,0
CUST-10090,45,36237,MORTGAGE,5.0,HOMEIMPROVEMENT,B,15178,11.7,0.419,15.05,100.0,669,N,23,1
CUST-10091,44,44785,OTHER,2.6,MEDICAL,B,5748,8.01,0.128,5.74,37.07,751,N,26,0
CUST-10092,64,30956,MORTGAGE,3.1,VENTURE,C,3840,13.01,0.124,20.11,74.4,645,Y,35,1
CUST-10093,60,24913,RENT,8.1,EDUCATION,A,5539,8.12,0.222,14.32,93.06,758,Y,35,0
CUST-10094,48,59038,MORTGAGE,2.0,MEDICAL,E,8038,19.76,0.136,25.28,89.32,545,N,28,1
CUST-10095,34,22830,OWN,0.8,EDUCATION,A,3502,6.31,0.153,12.78,25.86,748,N,14,0
CUST-10096,64,38224,RENT,10.3,PERSONAL,C,7420,11.45,0.194,15.13,59.47,683,N,35,0
CUST-10097,20,26981,RENT,1.2,PERSONAL,A,10085,8.23,0.374,23.24,68.02,822,N,1,0
CUST-10098,44,68173,MORTGAGE,1.7,EDUCATION,C,5202,12.49,0.076,4.51,69.27,599,Y,23,1
CUST-10099,26,144474,RENT,6.1,DEBTCONSOLIDATION,B,14131,10.34,0.098,9.26,35.09,701,N,5,0
CUST-10100,28,22450,RENT,5.8,DEBTCONSOLIDATION,B,7266,10.67,0.324,32.33,100.0,590,Y,7,1
CUST-10101,43,16126,RENT,8.1,HOMEIMPROVEMENT,A,2218,7.3,0.138,23.01,97.64,735,N,21,1
CUST-10102,20,45481,MORTGAGE,1.0,EDUCATION,B,7141,9.38,0.157,5.53,75.72,704,N,1,0
CUST-10103,63,49484,RENT,2.2,MEDICAL,C,2787,13.4,0.056,8.56,51.22,656,Y,35,0
CUST-10104,27,55893,RENT,,MEDICAL,C,2667,12.85,0.048,22.52,63.23,707,N,7,0
CUST-10105,43,37504,MORTGAGE,3.9,EDUCATION,A,4344,9.49,0.116,14.79,54.01,742,N,24,0
CUST-10106,30,43460,OWN,1.7,PERSONAL,B,13014,10.76,0.299,30.36,39.81,755,N,9,0
CUST-10107,36,61114,OTHER,5.8,MEDICAL,A,9436,10.58,0.154,12.21,66.83,759,N,18,0
CUST-10108,27,91515,RENT,0.0,PERSONAL,A,2080,5.92,0.023,10.6,30.47,732,N,8,0
CUST-10109,54,15168,OWN,0.3,HOMEIMPROVEMENT,A,13554,7.14,0.894,44.15,57.89,757,Y,33,1
CUST-10110,54,39286,RENT,2.8,VENTURE,A,17645,7.13,0.449,26.45,34.71,755,N,32,0
CUST-10111,52,55730,MORTGAGE,15.9,EDUCATION,C,8860,12.57,0.159,15.42,52.08,657,Y,34,1
CUST-10112,24,28260,MORTGAGE,6.0,VENTURE,B,4947,10.08,0.175,24.1,72.0,676,N,6,0
CUST-10113,61,138510,RENT,25.6,EDUCATION,C,6340,12.92,0.046,21.35,74.77,625,N,35,0
CUST-10114,58,33481,MORTGAGE,2.7,EDUCATION,C,10518,12.33,0.314,42.53,57.55,690,N,35,0
CUST-10115,60,47821,RENT,0.2,EDUCATION,B,1000,12.65,0.021,4.98,35.31,737,Y,35,0
CUST-10116,47,68433,MORTGAGE,1.8,HOMEIMPROVEMENT,B,6281,10.4,0.092,23.73,30.55,671,N,28,0
CUST-10117,26,34379,RENT,5.6,EDUCATION,E,2920,20.61,0.085,13.11,35.12,565,Y,6,1
CUST-10118,28,16188,MORTGAGE,0.7,MEDICAL,B,9109,11.69,0.563,17.46,85.46,713,N,10,0
CUST-10119,27,37903,RENT,1.8,EDUCATION,B,3760,12.21,0.099,9.81,52.85,729,N,5,0
CUST-10120,31,90913,RENT,0.3,EDUCATION,D,20294,15.32,0.223,25.0,68.7,617,Y,10,1
CUST-10121,53,40049,OTHER,3.2,EDUCATION,A,10214,9.02,0.255,8.87,16.69,790,N,35,1
CUST-10122,52,29499,MORTGAGE,1.2,VENTURE,C,9634,13.41,0.327,28.2,69.43,647,N,31,1
CUST-10123,67,85425,OWN,0.5,MEDICAL,A,6934,9.94,0.081,5.47,51.16,804,N,35,0
CUST-10124,42,40196,RENT,2.6,VENTURE,D,4565,17.13,0.114,3.51,74.12,699,N,20,0
CUST-10125,43,36094,RENT,2.2,EDUCATION,C,3064,12.12,0.085,20.61,94.69,653,N,21,1
CUST-10126,56,53619,MORTGAGE,3.9,PERSONAL,B,10785,12.01,0.201,15.91,36.82,713,N,34,0
CUST-10127,54,77843,MORTGAGE,6.9,VENTURE,C,3130,14.89,0.04,4.05,47.43,617,N,35,0
CUST-10128,63,204644,RENT,0.6,PERSONAL,C,6654,11.95,0.033,18.77,94.26,644,N,35,0
CUST-10129,59,80526,MORTGAGE,7.8,EDUCATION,B,5898,11.39,0.073,16.98,45.02,706,N,35,0
CUST-10130,41,98312,RENT,0.1,EDUCATION,D,13781,18.42,0.14,9.44,84.78,634,N,19,1
CUST-10131,46,36185,RENT,2.9,VENTURE,B,11654,11.07,0.322,19.68,92.77,693,N,24,1
CUST-10132,54,26488,RENT,4.4,VENTURE,D,16436,15.33,0.621,38.02,42.16,636,N,34,1
CUST-10133,20,50888,MORTGAGE,2.0,PERSONAL,B,4156,11.71,0.082,9.43,36.66,687,N,1,0
CUST-10134,54,52276,MORTGAGE,,MEDICAL,B,6372,11.3,0.122,28.63,53.6,735,N,33,0
CUST-10135,56,25665,MORTGAGE,0.9,VENTURE,A,12606,7.22,0.491,27.77,54.82,765,N,35,0
CUST-10136,66,44126,MORTGAGE,3.6,EDUCATION,A,9890,6.95,0.224,17.9,35.09,763,N,35,0
CUST-10137,33,62292,RENT,2.5,EDUCATION,D,5549,17.29,0.089,25.57,84.45,594,Y,14,1
CUST-10138,22,60854,OWN,3.3,VENTURE,B,27321,9.41,0.449,26.9,22.63,697,N,1,1
CUST-10139,20,66341,OWN,1.1,VENTURE,B,16605,10.74,0.25,21.06,80.75,687,N,1,0
CUST-10140,24,58371,MORTGAGE,3.5,PERSONAL,B,10176,11.94,0.174,24.84,44.73,730,N,4,0
CUST-10141,45,36163,RENT,0.8,VENTURE,A,2248,9.32,0.062,6.35,49.21,703,N,24,0
CUST-10142,33,36013,MORTGAGE,6.8,MEDICAL,B,8289,9.87,0.23,15.19,57.13,675,Y,14,1
CUST-10143,58,23876,MORTGAGE,4.5,VENTURE,B,6698,8.6,0.281,33.09,24.91,742,N,35,0
CUST-10144,46,143037,OTHER,0.4,PERSONAL,D,12669,15.65,0.089,35.58,41.94,617,N,28,0
CUST-10145,28,49418,OTHER,10.0,EDUCATION,B,4140,11.48,0.084,4.84,77.81,743,N,10,0
CUST-10146,34,42834,MORTGAGE,4.8,MEDICAL,D,6122,15.61,0.143,27.22,86.99,639,N,15,0
CUST-10147,34,28077,RENT,1.9,MEDICAL,C,13237,,0.471,28.51,59.86,683,N,14,0
CUST-10148,45,285328,OWN,0.2,EDUCATION,A,10735,6.61,0.038,13.51,14.04,765,Y,27,0
CUST-10149,61,25745,MORTGAGE,5.0,VENTURE,D,3301,15.83,0.128,25.56,100.0,587,N,35,1
CUST-10150,32,37899,MORTGAGE,2.3,MEDICAL,A,14427,7.29,0.381,18.12,67.67,753,N,12,1
CUST-10151,51,62912,RENT,11.9,VENTURE,B,8443,11.63,0.134,14.58,33.05,656,N,29,0
CUST-10152,58,70271,RENT,0.2,PERSONAL,A,6156,5.6,0.088,3.06,49.45,744,N,35,0
CUST-10153,68,87095,RENT,0.2,VENTURE,B,16545,10.84,0.19,11.8,60.0,681,N,35,0
CUST-10154,51,145011,RENT,14.9,MEDICAL,B,6300,10.81,0.043,13.97,65.61,635,N,31,0
CUST-10155,23,66416,RENT,5.0,PERSONAL,C,11979,12.31,0.18,20.86,68.08,665,N,5,0
CUST-10156,49,26013,MORTGAGE,0.1,EDUCATION,E,19313,19.93,0.742,39.71,57.52,581,N,28,1
CUST-10157,56,42017,RENT,6.3,PERSONAL,C,11957,13.28,0.285,21.7,83.57,694,N,35,0
CUST-10158,42,58965,RENT,1.3,MEDICAL,B,8661,9.14,0.147,12.41,99.54,657,N,21,1
CUST-10159,58,169555,RENT,6.0,EDUCATION,B,9680,10.41,0.057,33.98,38.81,738,N,35,0
CUST-10160,64,21190,RENT,10.2,DEBTCONSOLIDATION,D,1000,15.25,0.047,21.21,57.71,529,N,35,0
CUST-10161,34,100865,OTHER,0.5,HOMEIMPROVEMENT,A,10343,6.73,0.103,21.65,49.43,745,N,12,0
CUST-10162,62,54608,RENT,1.4,HOMEIMPROVEMENT,A,7875,8.56,0.144,15.78,16.77,819,N,35,0
CUST-10163,48,81040,RENT,0.1,MEDICAL,A,9749,7.13,0.12,29.44,22.29,749,N,30,0
CUST-10164,55,46110,OWN,0.2,HOMEIMPROVEMENT,B,3110,11.53,0.067,12.2,32.89,674,N,33,0
CUST-10165,32,29570,OWN,0.2,EDUCATION,C,18429,13.31,0.623,43.23,63.68,647,N,11,1
CUST-10166,51,76920,RENT,8.1,MEDICAL,C,3257,12.34,0.042,18.6,69.27,680,N,29,0
CUST-10167,26,72595,MORTGAGE,1.8,EDUCATION,B,4442,11.08,0.061,12.74,26.0,690,N,5,0
CUST-10168,41,87836,MORTGAGE,3.4,PERSONAL,C,11794,14.17,0.134,21.03,49.0,664,N,23,0
CUST-10169,47,48631,MORTGAGE,7.8,PERSONAL,C,6040,,0.124,19.35,58.98,663,N,25,0
CUST-10170,21,34204,MORTGAGE,3.0,MEDICAL,C,6423,14.86,0.188,6.4,68.68,669,N,1,0
CUST-10171,61,19239,OTHER,2.8,PERSONAL,A,6041,9.33,0.314,8.25,25.31,786,Y,35,0
CUST-10172,64,80147,RENT,0.1,VENTURE,B,5479,11.25,0.068,3.85,27.67,769,N,35,0
CUST-10173,25,63217,RENT,4.2,DEBTCONSOLIDATION,B,12522,10.59,0.198,32.91,73.83,703,N,6,0
CUST-10174,47,27461,RENT,0.7,PERSONAL,D,23129,18.91,0.842,33.57,37.13,621,N,29,1
CUST-10175,47,35484,RENT,7.2,MEDICAL,C,8242,14.15,0.232,8.94,43.55,608,N,25,1
CUST-10176,63,37047,OWN,1.5,VENTURE,A,7658,7.74,0.207,5.41,41.52,783,N,35,0
CUST-10177,63,20134,MORTGAGE,5.6,EDUCATION,A,4721,9.54,0.234,41.2,29.12,798,N,35,0
CUST-10178,39,30013,RENT,5.2,DEBTCONSOLIDATION,C,9961,15.42,0.332,12.27,43.82,674,Y,21,0
CUST-10179,49,24827,RENT,4.8,HOMEIMPROVEMENT,B,7222,8.77,0.291,8.93,100.0,651,N,31,1
CUST-10180,30,38273,RENT,1.6,PERSONAL,A,14177,6.89,0.37,14.74,60.7,736,N,10,0
CUST-10181,47,31469,OWN,1.6,PERSONAL,A,3609,8.2,0.115,8.96,52.05,752,N,27,0
CUST-10182,44,18468,MORTGAGE,9.9,DEBTCONSOLIDATION,A,6885,8.97,0.373,18.5,20.43,720,N,23,0
CUST-10183,58,164975,MORTGAGE,0.1,DEBTCONSOLIDATION,B,12136,9.1,0.074,31.56,18.69,775,N,35,0
CUST-10184,52,103935,MORTGAGE,1.0,MEDICAL,B,11335,11.59,0.109,15.29,51.02,714,N,34,0
CUST-10185,20,30717,MORTGAGE,2.0,PERSONAL,C,8248,13.01,0.269,26.3,61.94,683,N,1,1
CUST-10186,46,57725,MORTGAGE,8.5,VENTURE,F,5420,22.86,0.094,6.98,79.02,563,Y,26,0
CUST-10187,32,62974,RENT,2.2,EDUCATION,A,5376,6.82,0.085,24.73,36.84,754,N,12,0
CUST-10188,60,100172,MORTGAGE,5.3,DEBTCONSOLIDATION,A,11514,,0.115,28.03,31.36,708,N,35,0
CUST-10189,22,29996,MORTGAGE,4.0,HOMEIMPROVEMENT,B,14009,8.37,0.467,15.07,72.25,728,N,2,0
CUST-10190,58,94396,MORTGAGE,0.3,VENTURE,B,14735,9.15,0.156,27.7,53.14,770,N,35,0
CUST-10191,25,35286,OTHER,4.9,EDUCATION,C,6983,12.79,0.198,16.35,38.22,637,N,3,0
CUST-10192,27,21993,MORTGAGE,8.4,VENTURE,B,5816,,0.264,26.61,46.8,680,N,6,1
CUST-10193,46,75696,MORTGAGE,24.4,EDUCATION,A,9746,6.88,0.129,23.87,32.89,779,N,25,0
CUST-10194,28,106346,OWN,0.2,PERSONAL,C,7247,13.44,0.068,13.34,59.9,682,N,8,1
CUST-10195,56,231594,RENT,5.4,MEDICAL,C,6004,12.9,0.026,11.66,53.5,690,N,35,0
CUST-10196,52,23864,MORTGAGE,2.7,MEDICAL,A,6766,7.49,0.284,11.84,29.0,745,N,32,0
CUST-10197,61,74559,MORTGAGE,0.0,VENTURE,A,11146,8.62,0.149,19.54,55.14,745,N,35,0
CUST-10198,63,38335,RENT,4.8,HOMEIMPROVEMENT,B,5977,10.48,0.156,8.87,89.67,608,Y,35,1
CUST-10199,43,78434,MORTGAGE,0.7,EDUCATION,A,5906,8.15,0.075,9.9,48.58,752,N,24,0
CUST-10200,34,20286,MORTGAGE,2.4,MEDICAL,B,7462,11.36,0.368,23.32,100.0,680,N,15,0
CUST-10201,51,22979,MORTGAGE,1.5,MEDICAL,C,4387,13.31,0.191,20.17,51.56,573,N,33,0
CUST-10202,51,30775,OTHER,2.2,EDUCATION,A,10647,5.35,0.346,30.62,21.82,816,N,31,0
CUST-10203,43,51399,RENT,3.4,VENTURE,D,4607,16.8,0.09,7.97,77.07,618,Y,25,1
CUST-10204,60,33367,MORTGAGE,2.2,MEDICAL,C,7599,12.69,0.228,5.82,60.51,588,N,35,0
CUST-10205,68,72797,MORTGAGE,4.0,DEBTCONSOLIDATION,A,8739,8.53,0.12,11.71,46.82,763,N,35,0
CUST-10206,68,90774,RENT,1.4,VENTURE,B,1000,12.14,0.011,33.44,68.37,765,N,35,0
CUST-10207,31,70245,RENT,5.0,EDUCATION,B,6640,10.19,0.095,14.45,46.14,742,N,11,0
CUST-10208,58,129478,OWN,9.6,PERSONAL,A,10628,7.7,0.082,8.19,20.28,784,N,35,0
CUST-10209,21,62912,MORTGAGE,1.3,EDUCATION,A,3419,8.3,0.054,7.58,66.0,707,N,3,0
CUST-10210,22,23620,MORTGAGE,3.5,EDUCATION,B,7736,9.52,0.328,37.57,64.91,681,N,3,0
CUST-10211,68,111082,MORTGAGE,5.2,EDUCATION,C,6464,13.51,0.058,23.61,83.74,620,Y,35,1
CUST-10212,56,34095,RENT,4.2,PERSONAL,B,5283,8.64,0.155,12.9,94.07,701,N,35,1
CUST-10213,68,84647,RENT,2.3,DEBTCONSOLIDATION,A,4891,8.75,0.058,9.9,61.38,777,N,35,0
CUST-10214,36,126025,RENT,5.1,PERSONAL,E,6566,21.52,0.052,10.13,29.18,585,N,18,0
CUST-10215,68,64473,OWN,,VENTURE,C,15004,,0.233,23.8,37.15,618,Y,35,0
CUST-10216,21,19976,RENT,2.3,PERSONAL,C,9894,12.6,0.495,20.8,72.89,644,N,1,1
CUST-10217,21,28256,OTHER,3.0,EDUCATION,C,7563,13.81,0.268,38.78,62.12,687,N,2,1
CUST-10218,47,108406,OTHER,0.1,EDUCATION,B,12272,8.97,0.113,11.53,80.06,718,N,25,1
CUST-10219,42,44290,OTHER,3.5,EDUCATION,F,9245,21.48,0.209,9.53,34.68,544,Y,20,1
CUST-10220,56,51418,RENT,5.3,MEDICAL,A,12927,7.0,0.251,16.33,65.04,719,N,35,0
CUST-10221,51,77288,OWN,7.1,VENTURE,C,5459,12.87,0.071,9.73,32.17,656,N,31,0
CUST-10222,52,74443,RENT,0.6,MEDICAL,B,6998,10.76,0.094,4.67,59.11,660,N,33,0
CUST-10223,20,57946,RENT,2.0,VENTURE,D,16496,17.02,0.285,6.68,75.07,581,Y,1,1
CUST-10224,38,43252,RENT,4.7,HOMEIMPROVEMENT,C,2781,13.52,0.064,11.58,45.27,598,N,20,0
CUST-10225,21,40635,OWN,2.3,HOMEIMPROVEMENT,B,11838,11.58,0.291,24.21,63.45,760,N,3,1
CUST-10226,63,82021,RENT,1.4,VENTURE,E,8498,19.97,0.104,28.1,95.9,632,N,35,1
CUST-10227,45,68332,MORTGAGE,4.3,PERSONAL,E,6515,18.91,0.095,15.79,98.57,535,Y,27,1
CUST-10228,51,42008,RENT,10.7,DEBTCONSOLIDATION,A,27764,,0.661,24.4,47.58,723,N,29,0
CUST-10229,25,93832,RENT,3.7,DEBTCONSOLIDATION,A,3493,7.4,0.037,5.11,85.64,739,N,3,0
CUST-10230,51,45368,RENT,5.4,VENTURE,C,1904,13.04,0.042,19.36,37.06,693,N,32,0
CUST-10231,23,29407,MORTGAGE,2.2,MEDICAL,E,11247,20.11,0.382,9.04,42.05,591,N,3,1
CUST-10232,30,31089,MORTGAGE,2.5,EDUCATION,B,3239,7.94,0.104,17.59,69.05,748,N,8,0
CUST-10233,36,27248,OWN,1.7,VENTURE,A,9808,7.54,0.36,17.84,46.58,809,N,14,0
CUST-10234,57,41629,MORTGAGE,6.1,HOMEIMPROVEMENT,C,8434,13.87,0.203,19.78,48.08,667,N,35,0
CUST-10235,43,102768,OWN,2.2,VENTURE,A,1836,8.22,0.018,7.73,81.6,760,N,22,0
CUST-10236,24,30240,MORTGAGE,1.1,VENTURE,B,17558,11.83,0.581,13.28,76.53,748,N,6,0
CUST-10237,53,54889,MORTGAGE,2.3,PERSONAL,B,5013,10.33,0.091,13.55,75.03,738,N,31,0
CUST-10238,25,33056,MORTGAGE,7.0,EDUCATION,B,8450,11.5,0.256,13.26,27.9,738,N,3,0
CUST-10239,41,41932,MORTGAGE,6.7,VENTURE,E,23101,20.23,0.551,21.7,70.62,587,N,23,1
CUST-10240,30,19810,MORTGAGE,2.0,PERSONAL,B,20391,10.82,1.029,40.84,62.67,736,N,8,1
CUST-10241,67,42945,MORTGAGE,11.9,VENTURE,A,21961,5.83,0.511,30.83,62.14,739,N,35,1
CUST-10242,35,43642,MORTGAGE,0.4,VENTURE,B,9478,11.81,0.217,10.8,35.71,680,N,13,0
CUST-10243,52,67790,MORTGAGE,0.3,EDUCATION,B,10507,10.62,0.155,11.81,61.93,688,N,33,0
CUST-10244,28,56048,RENT,0.7,PERSONAL,C,4854,13.2,0.087,16.08,71.03,730,N,6,0
CUST-10245,25,23884,MORTGAGE,0.6,HOMEIMPROVEMENT,B,5420,9.11,0.227,9.84,77.55,663,N,7,0
CUST-10246,35,93950,RENT,0.5,PERSONAL,C,14472,10.57,0.154,22.95,34.69,683,N,15,0
CUST-10247,48,55613,MORTGAGE,5.4,EDUCATION,D,15277,18.78,0.275,12.91,59.83,679,Y,26,1
CUST-10248,22,55217,MORTGAGE,4.0,VENTURE,B,4725,10.87,0.086,38.04,87.53,714,Y,1,1
CUST-10249,39,48751,OTHER,5.2,HOMEIMPROVEMENT,F,5875,20.67,0.121,24.04,53.38,519,Y,19,1
CUST-10250,55,35930,RENT,5.8,HOMEIMPROVEMENT,A,12154,5.99,0.338,22.35,28.17,769,N,35,0
CUST-10251,38,55864,RENT,7.1,MEDICAL,C,3049,13.17,0.055,4.32,66.65,633,N,17,0
CUST-10252,45,65209,RENT,1.2,MEDICAL,A,11267,8.47,0.173,28.4,32.42,718,N,23,0
CUST-10253,22,17186,RENT,4.0,HOMEIMPROVEMENT,A,5012,8.26,0.292,27.22,42.59,797,N,3,0
CUST-10254,38,35480,MORTGAGE,4.3,MEDICAL,C,12309,14.32,0.347,18.58,62.53,695,N,20,1
CUST-10255,39,42067,MORTGAGE,14.4,MEDICAL,A,15502,6.44,0.369,15.88,58.19,739,N,19,0
CUST-10256,51,57165,MORTGAGE,1.3,MEDICAL,A,5874,7.29,0.103,9.92,70.61,733,Y,32,0
CUST-10257,26,100306,OWN,0.3,EDUCATION,A,6977,7.65,0.07,10.7,23.71,758,N,8,0
CUST-10258,60,30851,RENT,5.3,MEDICAL,B,16752,10.43,0.543,39.94,54.11,697,N,35,0
CUST-10259,52,36359,RENT,6.7,EDUCATION,A,19145,8.16,0.527,14.99,46.91,721,N,30,1
CUST-10260,59,36043,RENT,1.7,EDUCATION,B,6896,12.39,0.191,15.29,67.17,647,N,35,0
CUST-10261,58,30305,MORTGAGE,4.2,DEBTCONSOLIDATION,C,9871,13.75,0.326,29.17,60.94,599,Y,35,1
CUST-10262,37,39802,MORTGAGE,0.3,EDUCATION,B,5007,9.8,0.126,6.77,67.63,658,N,17,0
CUST-10263,59,77845,MORTGAGE,16.1,EDUCATION,A,3646,5.76,0.047,17.2,67.9,714,N,35,0
CUST-10264,20,26048,RENT,0.6,EDUCATION,B,4905,10.71,0.188,9.72,79.03,707,N,1,0
CUST-10265,30,63366,RENT,0.3,MEDICAL,B,8425,,0.133,25.8,41.82,672,N,12,0
CUST-10266,47,17656,OWN,0.2,DEBTCONSOLIDATION,B,7084,11.01,0.401,18.44,84.18,673,N,25,1
CUST-10267,44,35003,RENT,2.8,HOMEIMPROVEMENT,C,3436,13.94,0.098,8.74,44.75,606,Y,26,1
CUST-10268,69,40227,MORTGAGE,0.5,HOMEIMPROVEMENT,A,1456,9.38,0.036,5.72,27.45,707,N,35,0
CUST-10269,42,133909,RENT,6.8,HOMEIMPROVEMENT,C,3861,13.76,0.029,3.51,87.81,606,Y,21,0
CUST-10270,50,41569,RENT,11.5,DEBTCONSOLIDATION,A,12355,8.05,0.297,14.67,22.92,747,N,29,0
CUST-10271,49,15000,MORTGAGE,1.5,EDUCATION,B,12847,9.71,0.856,46.63,58.62,736,N,27,1
CUST-10272,61,15000,RENT,5.0,MEDICAL,A,14595,5.78,0.973,28.51,17.94,803,N,35,1
CUST-10273,54,50031,MORTGAGE,0.2,EDUCATION,D,9526,17.79,0.19,15.06,68.18,612,Y,32,1
CUST-10274,26,70845,MORTGAGE,2.4,EDUCATION,B,22335,11.95,0.315,13.58,99.82,737,N,5,0
CUST-10275,35,61406,MORTGAGE,1.7,VENTURE,F,7094,21.6,0.116,18.91,80.67,503,N,13,1
CUST-10276,45,54205,MORTGAGE,1.3,EDUCATION,E,7817,17.18,0.144,11.47,54.13,590,Y,26,1
CUST-10277,67,98455,MORTGAGE,5.2,VENTURE,G,7509,26.13,0.076,9.81,87.18,469,N,35,1
CUST-10278,68,35463,RENT,0.7,EDUCATION,A,5378,8.93,0.152,23.18,14.02,765,N,35,0
CUST-10279,21,83863,MORTGAGE,3.0,EDUCATION,B,9656,10.36,0.115,4.39,56.23,671,N,1,0
CUST-10280,20,18412,MORTGAGE,2.0,EDUCATION,B,2277,11.78,0.124,8.13,52.51,674,N,1,0
CUST-10281,67,28482,RENT,6.2,HOMEIMPROVEMENT,B,11557,10.45,0.406,31.49,46.52,698,N,35,0
CUST-10282,31,16577,OWN,13.0,VENTURE,B,13469,10.76,0.813,24.65,53.15,757,N,12,0
CUST-10283,24,41568,MORTGAGE,6.0,DEBTCONSOLIDATION,A,13830,5.55,0.333,19.78,38.17,780,N,5,0
CUST-10284,56,47678,MORTGAGE,4.0,HOMEIMPROVEMENT,C,4289,14.97,0.09,26.04,54.8,624,N,35,0
CUST-10285,51,52494,OWN,3.4,MEDICAL,F,5044,19.9,0.096,8.11,79.11,493,Y,31,0
CUST-10286,28,50875,RENT,2.0,EDUCATION,B,10002,12.57,0.197,36.35,93.69,671,N,6,1
CUST-10287,60,28098,MORTGAGE,,VENTURE,B,6362,12.69,0.226,25.67,58.91,723,N,35,0
CUST-10288,54,43732,RENT,3.9,VENTURE,E,13451,16.43,0.308,30.07,70.94,578,N,35,1
CUST-10289,38,19960,RENT,13.5,MEDICAL,B,7612,12.37,0.381,43.83,45.56,723,N,18,0
CUST-10290,67,111072,OWN,1.4,EDUCATION,E,5688,19.21,0.051,6.02,68.82,552,N,35,1
CUST-10291,35,40856,MORTGAGE,1.9,MEDICAL,D,6637,17.01,0.162,13.49,61.69,622,N,15,0
CUST-10292,22,36558,RENT,1.9,EDUCATION,B,10289,8.81,0.281,13.2,37.88,709,Y,3,0
CUST-10293,39,127180,MORTGAGE,8.2,DEBTCONSOLIDATION,C,4130,13.11,0.032,6.32,38.76,694,N,18,0
CUST-10294,43,23263,OTHER,0.5,VENTURE,C,22735,12.08,0.977,40.27,79.34,705,N,23,1
CUST-10295,52,24950,MORTGAGE,3.0,EDUCATION,C,13449,12.55,0.539,28.68,100.0,682,N,34,1
CUST-10296,43,25393,MORTGAGE,2.8,EDUCATION,A,5867,8.97,0.231,20.78,71.81,794,N,25,0
CUST-10297,30,47064,MORTGAGE,0.4,VENTURE,C,5351,14.7,0.114,32.5,84.32,649,N,10,0
CUST-10298,68,63511,RENT,2.6,VENTURE,A,4681,8.48,0.074,3.4,36.89,726,N,35,0
CUST-10299,27,76405,RENT,3.6,MEDICAL,C,7748,12.85,0.101,31.6,52.41,649,N,9,0
CUST-10300,55,229394,MORTGAGE,0.3,VENTURE,B,3760,9.67,0.016,25.77,45.29,695,N,34,0
CUST-10301,57,15000,MORTGAGE,3.6,VENTURE,A,7614,5.52,0.508,22.09,44.48,743,N,35,0
CUST-10302,59,70632,MORTGAGE,16.0,EDUCATION,D,6767,17.31,0.096,9.53,57.87,610,N,35,0
CUST-10303,39,35091,MORTGAGE,19.3,DEBTCONSOLIDATION,B,3262,12.82,0.093,6.69,51.63,694,N,19,0
CUST-10304,54,34480,MORTGAGE,3.8,MEDICAL,B,6218,12.25,0.18,9.04,72.3,684,N,35,0
CUST-10305,67,33797,RENT,3.6,PERSONAL,A,5159,7.54,0.153,16.78,44.77,745,N,35,0
CUST-10306,44,28416,RENT,1.7,EDUCATION,B,8428,11.09,0.297,21.9,31.68,728,N,26,1
CUST-10307,54,134687,RENT,29.2,PERSONAL,A,3143,7.8,0.023,16.83,30.85,720,N,35,0
CUST-10308,44,81257,MORTGAGE,1.6,EDUCATION,A,2922,8.59,0.036,22.12,92.31,797,N,24,1
CUST-10309,48,49707,RENT,3.0,VENTURE,A,6226,9.59,0.125,29.1,45.05,788,N,29,0
CUST-10310,37,110261,MORTGAGE,0.0,PERSONAL,A,8136,6.82,0.074,16.31,46.5,753,N,19,0
CUST-10311,65,19781,RENT,2.1,HOMEIMPROVEMENT,B,7045,9.86,0.356,31.29,49.74,617,N,35,1
CUST-10312,37,22061,MORTGAGE,,VENTURE,B,5796,10.16,0.263,22.97,100.0,624,N,16,0
CUST-10313,21,15000,RENT,3.0,EDUCATION,B,8792,10.46,0.586,42.32,57.41,704,N,1,1
CUST-10314,54,32220,MORTGAGE,4.1,EDUCATION,B,3884,11.37,0.121,32.6,100.0,724,N,35,0
CUST-10315,35,54015,RENT,4.2,MEDICAL,D,3201,16.42,0.059,18.53,37.96,672,N,13,0
CUST-10316,60,52141,RENT,1.7,EDUCATION,A,2804,6.48,0.054,11.35,73.87,736,N,35,0
CUST-10317,55,53616,OWN,8.4,PERSONAL,B,9498,9.49,0.177,20.38,57.67,682,N,35,1
CUST-10318,52,21022,RENT,0.0,PERSONAL,D,21772,15.09,1.036,42.41,44.18,567,N,30,1
CUST-10319,23,79371,MORTGAGE,2.0,EDUCATION,A,4502,7.37,0.057,20.09,28.98,771,N,3,0
CUST-10320,52,56600,OWN,5.4,PERSONAL,B,3398,11.74,0.06,23.08,26.9,700,N,33,0
CUST-10321,33,76102,MORTGAGE,11.9,PERSONAL,B,12052,11.0,0.158,27.26,55.45,683,N,12,0
CUST-10322,40,15746,MORTGAGE,1.3,HOMEIMPROVEMENT,A,13425,8.18,0.853,40.58,17.5,751,N,20,1
CUST-10323,67,59094,RENT,,EDUCATION,A,5289,6.2,0.09,19.13,25.57,747,N,35,0
CUST-10324,39,24036,MORTGAGE,3.9,MEDICAL,C,6851,12.09,0.285,31.21,45.03,684,N,21,0
CUST-10325,27,38623,RENT,9.0,PERSONAL,B,8232,10.71,0.213,29.67,32.45,685,N,7,0
CUST-10326,26,67549,RENT,0.3,PERSONAL,B,20572,12.0,0.305,8.89,54.67,700,N,5,1
CUST-10327,22,51774,RENT,2.8,VENTURE,C,3566,14.51,0.069,33.86,32.11,680,N,2,0
CUST-10328,36,29409,RENT,1.0,PERSONAL,C,4314,12.69,0.147,22.15,62.08,641,Y,16,1
CUST-10329,52,49205,MORTGAGE,0.1,PERSONAL,B,6423,13.25,0.131,14.55,37.9,674,Y,34,1
CUST-10330,67,19556,OWN,0.8,MEDICAL,B,1000,8.06,0.051,18.22,41.29,655,N,35,0
CUST-10331,31,97749,RENT,13.0,PERSONAL,C,9852,13.53,0.101,39.52,42.17,614,Y,13,0
CUST-10332,41,43339,RENT,1.2,MEDICAL,B,9803,10.62,0.226,19.27,43.44,677,N,20,0
CUST-10333,41,95906,RENT,13.7,EDUCATION,C,4108,,0.043,16.37,32.11,684,N,23,0
CUST-10334,65,35741,RENT,1.1,EDUCATION,A,8009,8.13,0.224,23.74,80.35,724,N,35,0
CUST-10335,49,35805,MORTGAGE,13.4,PERSONAL,A,9769,7.26,0.273,18.48,63.69,742,N,27,0
CUST-10336,57,30992,RENT,5.3,DEBTCONSOLIDATION,B,7318,,0.236,9.69,50.32,664,N,35,1
CUST-10337,57,82926,RENT,0.6,MEDICAL,E,2877,19.39,0.035,9.67,48.92,572,Y,35,1
CUST-10338,64,32027,MORTGAGE,4.4,MEDICAL,D,14367,16.7,0.449,13.96,39.9,620,N,35,0
CUST-10339,27,72168,OWN,1.9,VENTURE,B,5242,11.59,0.073,18.7,82.13,712,N,5,1
CUST-10340,46,38969,MORTGAGE,2.4,HOMEIMPROVEMENT,B,10772,12.2,0.276,32.74,63.41,761,N,25,1
CUST-10341,46,15000,MORTGAGE,2.9,VENTURE,A,11101,6.47,0.74,27.36,55.16,750,N,26,0
CUST-10342,53,34815,RENT,2.7,VENTURE,C,9291,15.51,0.267,13.68,84.58,660,N,33,1
CUST-10343,40,24161,RENT,5.5,MEDICAL,B,4585,9.99,0.19,28.17,33.65,680,N,19,1
CUST-10344,49,50028,RENT,7.3,EDUCATION,B,8018,9.89,0.16,22.68,31.03,776,N,27,0
CUST-10345,52,23998,RENT,2.0,HOMEIMPROVEMENT,D,5223,16.01,0.218,21.88,100.0,640,N,33,1
CUST-10346,47,85441,OWN,12.9,HOMEIMPROVEMENT,A,17902,5.16,0.21,15.37,48.53,781,N,26,0
CUST-10347,66,46413,MORTGAGE,13.9,PERSONAL,B,1378,9.99,0.03,16.88,53.9,738,N,35,0
CUST-10348,52,44065,RENT,0.2,MEDICAL,B,7020,12.07,0.159,31.72,45.06,726,N,33,0
CUST-10349,24,72659,RENT,0.1,VENTURE,A,8842,8.07,0.122,13.42,42.03,790,N,4,0
CUST-10350,67,87408,RENT,2.8,PERSONAL,C,4905,13.77,0.056,17.98,47.51,643,N,35,0
CUST-10351,38,48433,MORTGAGE,4.5,DEBTCONSOLIDATION,B,14596,10.92,0.301,28.53,55.6,779,N,19,0
CUST-10352,23,30861,RENT,1.6,MEDICAL,C,11125,15.01,0.36,20.79,64.93,596,N,2,1
CUST-10353,54,16909,RENT,1.5,VENTURE,A,13742,6.45,0.813,22.96,23.44,740,N,32,0
CUST-10354,68,32479,MORTGAGE,5.7,PERSONAL,B,11585,11.58,0.357,14.59,66.47,761,N,35,0
CUST-10355,36,33849,RENT,4.6,EDUCATION,G,4375,24.58,0.129,33.33,100.0,494,Y,18,1
CUST-10356,63,52272,RENT,0.9,PERSONAL,C,3716,12.56,0.071,12.72,80.54,673,N,35,0
CUST-10357,47,39851,RENT,10.8,EDUCATION,C,2798,14.06,0.07,5.28,61.0,633,N,29,0
CUST-10358,49,74069,RENT,5.7,MEDICAL,B,4210,10.6,0.057,19.8,57.35,716,N,27,0
CUST-10359,48,33935,RENT,2.3,HOMEIMPROVEMENT,A,5846,6.53,0.172,7.74,79.25,737,N,26,0
CUST-10360,65,47371,RENT,5.8,MEDICAL,E,11555,18.22,0.244,10.87,83.8,611,N,35,0
CUST-10361,25,99747,MORTGAGE,0.6,EDUCATION,A,4664,6.98,0.047,16.64,48.82,760,N,3,0
CUST-10362,54,60179,MORTGAGE,3.2,PERSONAL,G,9405,23.89,0.156,15.83,65.26,439,Y,35,1
CUST-10363,60,47286,MORTGAGE,0.9,VENTURE,A,6603,8.97,0.14,11.39,59.64,722,N,35,0
CUST-10364,56,34160,MORTGAGE,0.2,MEDICAL,A,10508,7.24,0.308,20.02,55.87,716,N,35,1
CUST-10365,43,33525,RENT,2.1,DEBTCONSOLIDATION,B,12907,10.05,0.385,25.08,54.71,749,N,21,1
CUST-10366,48,29425,OWN,0.8,HOMEIMPROVEMENT,B,8600,11.85,0.292,6.17,63.17,657,N,28,0
CUST-10367,68,35432,RENT,5.0,HOMEIMPROVEMENT,C,3267,15.12,0.092,20.51,51.71,641,N,35,0
CUST-10368,65,77141,RENT,5.6,PERSONAL,F,9035,21.0,0.117,3.58,66.41,604,Y,35,1
CUST-10369,50,42910,RENT,0.8,HOMEIMPROVEMENT,B,16273,9.01,0.379,28.1,56.97,744,N,29,1
CUST-10370,54,21810,RENT,0.1,PERSONAL,A,4103,8.12,0.188,18.12,44.97,720,N,34,0
CUST-10371,52,141619,OWN,7.9,MEDICAL,B,15573,10.25,0.11,9.2,29.23,669,N,30,0
CUST-10372,40,59395,RENT,0.0,MEDICAL,C,5004,12.85,0.084,34.84,42.15,616,Y,18,0
CUST-10373,51,21074,RENT,2.1,MEDICAL,B,7491,11.75,0.355,7.34,66.4,707,N,31,0
CUST-10374,42,37604,RENT,3.4,PERSONAL,A,4402,7.19,0.117,13.83,59.34,733,N,22,0
CUST-10375,52,52393,RENT,8.5,MEDICAL,B,6803,12.8,0.13,24.33,75.35,708,N,34,0
CUST-10376,22,136319,RENT,4.0,PERSONAL,C,17218,13.56,0.126,15.01,66.45,661,N,4,0
CUST-10377,37,25213,RENT,6.5,PERSONAL,B,2815,10.7,0.112,29.31,21.69,702,N,17,0
CUST-10378,44,88046,RENT,1.4,VENTURE,C,15099,16.19,0.171,8.65,85.42,655,N,23,1
CUST-10379,61,113515,MORTGAGE,6.4,DEBTCONSOLIDATION,A,5949,7.87,0.052,27.6,16.29,753,N,35,0
CUST-10380,50,33617,RENT,1.4,HOMEIMPROVEMENT,D,6454,15.65,0.192,9.04,50.36,583,N,29,1
CUST-10381,22,41501,RENT,1.2,MEDICAL,A,2751,6.28,0.066,17.7,77.67,699,N,3,1
CUST-10382,59,26323,MORTGAGE,4.0,PERSONAL,B,4184,9.95,0.159,11.79,83.89,702,N,35,0
CUST-10383,65,43387,OTHER,,PERSONAL,B,10955,10.78,0.252,17.78,66.48,673,N,35,0
CUST-10384,43,47956,RENT,0.3,PERSONAL,C,9801,14.59,0.204,16.04,40.34,684,Y,22,0
CUST-10385,69,72823,RENT,0.3,DEBTCONSOLIDATION,A,15163,5.7,0.208,40.85,38.3,706,N,35,0
CUST-10386,51,94288,OWN,7.7,EDUCATION,E,3818,19.5,0.04,29.14,67.15,558,N,32,0
CUST-10387,66,31292,RENT,9.8,HOMEIMPROVEMENT,C,9705,15.03,0.31,27.44,100.0,655,N,35,1
CUST-10388,41,15057,MORTGAGE,4.6,VENTURE,A,6801,7.81,0.452,21.93,51.25,794,N,19,0
CUST-10389,42,48399,RENT,2.8,VENTURE,C,11846,15.13,0.245,11.52,56.1,636,N,24,0
CUST-10390,21,58461,OWN,3.0,DEBTCONSOLIDATION,C,1404,11.69,0.024,32.62,53.02,656,N,2,0
CUST-10391,46,56934,OTHER,6.5,EDUCATION,C,7269,13.23,0.128,38.76,57.05,672,N,24,0
CUST-10392,61,40295,MORTGAGE,4.3,MEDICAL,E,8375,19.64,0.208,19.66,77.98,597,Y,35,1
CUST-10393,21,52830,RENT,1.9,HOMEIMPROVEMENT,C,7653,14.16,0.145,7.22,39.01,663,N,3,1
CUST-10394,45,121694,RENT,1.1,MEDICAL,B,4517,9.48,0.037,12.75,39.62,763,N,24,0
CUST-10395,36,61638,RENT,2.7,EDUCATION,C,10496,14.0,0.17,10.41,55.52,636,N,14,0
CUST-10396,59,39182,OWN,1.7,EDUCATION,C,8033,14.09,0.205,11.99,27.48,711,N,35,0
CUST-10397,52,36311,OWN,2.1,VENTURE,B,2997,10.41,0.083,22.1,80.93,724,N,33,0
CUST-10398,28,44271,RENT,3.6,PERSONAL,B,2200,11.06,0.05,12.12,81.56,709,N,10,0
CUST-10399,62,130881,MORTGAGE,0.9,DEBTCONSOLIDATION,E,8361,19.88,0.064,9.23,98.7,581,N,35,1
CUST-10400,67,43915,RENT,8.2,PERSONAL,B,3496,9.71,0.08,18.23,95.68,733,N,35,0
CUST-10401,58,48442,RENT,0.8,VENTURE,C,7894,13.31,0.163,13.2,38.17,625,N,35,1
CUST-10402,48,36702,MORTGAGE,3.3,VENTURE,B,9650,9.0,0.263,20.06,43.64,705,N,26,0
CUST-10403,61,94787,RENT,6.9,MEDICAL,C,1467,11.7,0.015,19.62,65.03,642,N,35,0
CUST-10404,45,158879,RENT,3.3,MEDICAL,B,6053,,0.038,14.78,64.34,756,N,25,0
CUST-10405,54,64239,RENT,2.2,HOMEIMPROVEMENT,D,5191,14.23,0.081,23.47,56.58,587,Y,33,0
CUST-10406,69,51516,MORTGAGE,3.2,VENTURE,A,5567,7.21,0.108,5.04,33.39,820,N,35,0
CUST-10407,44,50114,OWN,9.4,HOMEIMPROVEMENT,C,3905,14.0,0.078,13.57,33.61,634,N,24,0
CUST-10408,43,15000,OWN,23.2,PERSONAL,B,12516,10.52,0.834,25.03,54.8,651,N,23,0
CUST-10409,32,76656,MORTGAGE,5.0,PERSONAL,C,13802,16.12,0.18,6.36,30.32,620,N,14,0
CUST-10410,26,53130,MORTGAGE,7.9,PERSONAL,B,4596,11.01,0.087,8.84,43.96,670,N,7,0
CUST-10411,55,63386,RENT,0.1,PERSONAL,A,4363,7.18,0.069,14.76,21.47,808,N,35,0
CUST-10412,64,31988,OTHER,10.6,VENTURE,B,1608,11.23,0.05,19.22,62.56,653,N,35,0
CUST-10413,39,38922,MORTGAGE,15.4,MEDICAL,F,4180,20.43,0.107,24.12,94.29,541,Y,21,1
CUST-10414,20,38306,MORTGAGE,2.0,VENTURE,C,5930,14.7,0.155,9.89,29.21,701,Y,1,0
CUST-10415,27,90488,MORTGAGE,7.0,PERSONAL,B,3884,9.89,0.043,17.19,52.8,797,N,9,0
CUST-10416,65,39055,MORTGAGE,3.6,EDUCATION,E,2711,20.83,0.069,33.05,41.8,566,Y,35,0
CUST-10417,35,171030,RENT,1.7,HOMEIMPROVEMENT,C,14810,13.98,0.087,18.42,61.42,654,N,14,0
CUST-10418,33,63482,RENT,9.6,DEBTCONSOLIDATION,B,8329,11.25,0.131,32.81,58.7,659,N,14,0
CUST-10419,31,22801,MORTGAGE,4.5,DEBTCONSOLIDATION,B,12029,9.84,0.528,25.47,31.61,687,N,9,0
CUST-10420,42,45382,OWN,4.3,HOMEIMPROVEMENT,B,6098,9.13,0.134,6.66,68.45,776,N,24,0
CUST-10421,34,33156,MORTGAGE,5.4,VENTURE,A,4720,6.11,0.142,9.64,38.68,781,N,13,0
CUST-10422,47,15000,RENT,9.7,DEBTCONSOLIDATION,D,10578,14.44,0.705,35.96,40.42,653,N,26,0
CUST-10423,53,127986,RENT,6.6,VENTURE,A,9913,7.04,0.077,7.02,69.29,773,N,35,0
CUST-10424,21,74748,MORTGAGE,1.2,DEBTCONSOLIDATION,B,3592,,0.048,8.61,29.05,737,N,3,0
CUST-10425,51,67502,MORTGAGE,3.1,PERSONAL,C,1000,14.71,0.015,17.92,38.41,718,N,31,0
CUST-10426,42,54135,MORTGAGE,19.6,DEBTCONSOLIDATION,E,10012,18.26,0.185,4.96,48.54,554,N,23,0
CUST-10427,41,21392,RENT,,MEDICAL,A,8282,10.13,0.387,22.28,61.87,776,N,21,0
CUST-10428,44,36674,OWN,13.9,PERSONAL,B,7305,9.3,0.199,26.09,63.65,676,N,25,0
CUST-10429,41,81232,MORTGAGE,8.4,EDUCATION,B,5538,9.41,0.068,23.82,41.86,629,N,21,0
CUST-10430,41,26088,MORTGAGE,5.5,HOMEIMPROVEMENT,C,7544,11.72,0.289,27.24,49.81,659,N,22,0
CUST-10431,68,15000,RENT,2.1,MEDICAL,E,8164,19.51,0.544,15.54,74.93,574,N,35,1
CUST-10432,61,42776,RENT,1.8,DEBTCONSOLIDATION,A,9938,,0.232,30.15,47.5,747,N,35,0
CUST-10433,25,45023,MORTGAGE,5.2,PERSONAL,C,9543,13.37,0.212,17.77,37.1,628,N,4,0
CUST-10434,34,53174,RENT,2.8,EDUCATION,A,7545,7.99,0.142,20.28,22.26,755,N,12,0
CUST-10435,62,75895,MORTGAGE,8.0,EDUCATION,C,4904,14.68,0.065,15.93,58.76,665,N,35,0
CUST-10436,56,71866,MORTGAGE,7.1,MEDICAL,A,1659,6.1,0.023,20.18,13.57,819,N,35,0
CUST-10437,52,57254,MORTGAGE,1.9,VENTURE,D,9969,16.52,0.174,4.57,59.05,629,N,33,1
CUST-10438,27,100440,RENT,6.1,VENTURE,A,7240,8.53,0.072,18.99,84.59,771,N,8,0
CUST-10439,63,19704,RENT,3.4,PERSONAL,C,7113,12.19,0.361,36.23,100.0,624,Y,35,1
CUST-10440,63,66353,OWN,2.0,PERSONAL,A,2342,10.82,0.035,2.12,64.75,717,N,35,0
CUST-10441,24,71390,MORTGAGE,2.7,PERSONAL,B,13317,13.31,0.187,10.95,45.99,666,N,4,0
CUST-10442,58,23301,RENT,11.3,HOMEIMPROVEMENT,B,5257,,0.226,20.31,40.76,690,Y,35,0
CUST-10443,23,19896,RENT,,EDUCATION,A,9813,6.17,0.493,14.33,47.38,752,N,3,0
CUST-10444,25,31333,OTHER,1.7,EDUCATION,A,1738,6.33,0.055,16.52,66.12,758,N,4,0
CUST-10445,64,32960,RENT,2.2,MEDICAL,A,4291,7.78,0.13,5.58,53.39,721,N,35,0
CUST-10446,51,77037,MORTGAGE,1.2,HOMEIMPROVEMENT,A,2774,8.27,0.036,20.45,43.52,672,N,33,0
CUST-10447,49,33903,RENT,3.9,PERSONAL,A,8887,5.29,0.262,22.37,25.47,735,N,27,0
CUST-10448,66,29324,OWN,0.8,PERSONAL,B,7572,9.36,0.258,13.67,77.58,733,N,35,0
CUST-10449,54,33962,MORTGAGE,8.5,VENTURE,C,5821,13.67,0.171,13.52,82.78,637,N,35,0
CUST-10450,59,95911,MORTGAGE,1.3,DEBTCONSOLIDATION,C,2911,11.81,0.03,16.61,92.55,647,N,35,1
CUST-10451,35,49405,RENT,4.6,VENTURE,A,18343,7.14,0.371,26.81,81.42,694,N,17,1
CUST-10452,32,44022,MORTGAGE,0.7,EDUCATION,A,3681,8.02,0.084,13.98,42.0,754,N,10,0
CUST-10453,69,45889,RENT,19.2,MEDICAL,C,5948,13.31,0.13,11.4,86.73,664,N,35,0
CUST-10454,61,106429,OWN,3.0,DEBTCONSOLIDATION,B,18360,9.62,0.173,20.59,50.27,680,N,35,0
CUST-10455,49,31272,MORTGAGE,8.6,MEDICAL,A,5717,7.6,0.183,25.84,87.57,784,N,28,1
CUST-10456,38,107937,MORTGAGE,7.3,EDUCATION,B,14802,11.11,0.137,15.84,70.18,742,N,17,0
CUST-10457,36,55619,RENT,6.3,EDUCATION,A,8251,6.39,0.148,10.41,76.2,824,N,18,0
CUST-10458,38,44522,MORTGAGE,8.8,DEBTCONSOLIDATION,A,13578,7.91,0.305,14.21,38.49,718,N,17,0
CUST-10459,47,219814,RENT,0.5,VENTURE,C,13849,13.89,0.063,19.19,48.3,660,N,26,1
CUST-10460,45,26019,RENT,5.7,VENTURE,A,3401,8.12,0.131,9.85,68.71,708,N,24,0
CUST-10461,56,39647,RENT,1.5,EDUCATION,E,24852,19.82,0.627,26.79,75.38,591,N,35,1
CUST-10462,45,23401,RENT,7.7,MEDICAL,D,14760,16.66,0.631,29.05,64.93,627,N,25,1
CUST-10463,42,86810,RENT,15.7,EDUCATION,C,6415,13.31,0.074,7.48,61.77,583,N,21,0
CUST-10464,28,135065,RENT,10.0,EDUCATION,B,13010,10.14,0.096,10.05,20.7,710,N,9,0
CUST-10465,31,133512,OWN,0.6,HOMEIMPROVEMENT,A,5952,8.37,0.045,4.92,22.2,743,N,10,0
CUST-10466,20,102167,RENT,2.0,EDUCATION,B,13154,10.39,0.129,31.98,35.82,659,N,1,0
CUST-10467,20,43539,MORTGAGE,2.0,EDUCATION,B,6024,11.14,0.138,4.01,59.21,690,N,2,0
CUST-10468,66,39373,RENT,0.7,DEBTCONSOLIDATION,D,12141,17.12,0.308,34.48,39.42,682,N,35,0
CUST-10469,53,17985,MORTGAGE,0.5,PERSONAL,A,7912,6.37,0.44,26.99,22.25,770,N,31,0
CUST-10470,51,166295,MORTGAGE,2.4,VENTURE,C,12915,13.12,0.078,18.34,56.77,621,Y,31,1
CUST-10471,67,64950,OWN,24.2,VENTURE,B,6602,10.44,0.102,10.66,72.43,688,N,35,0
CUST-10472,44,36491,MORTGAGE,4.2,DEBTCONSOLIDATION,D,11917,16.61,0.327,19.51,70.43,542,Y,24,1
CUST-10473,59,108752,RENT,4.9,HOMEIMPROVEMENT,B,7769,11.02,0.071,32.39,95.4,662,N,35,1
CUST-10474,64,27346,MORTGAGE,3.2,VENTURE,C,9073,13.71,0.332,26.94,44.65,709,N,35,0
CUST-10475,20,62565,RENT,,EDUCATION,F,4005,,0.064,19.16,61.98,562,Y,1,1
CUST-10476,35,44197,MORTGAGE,15.7,MEDICAL,A,6338,6.98,0.143,10.04,65.45,766,N,13,0
CUST-10477,58,71912,RENT,4.4,DEBTCONSOLIDATION,A,14165,8.77,0.197,15.81,36.29,764,Y,35,0
CUST-10478,24,47186,RENT,0.3,PERSONAL,B,6351,10.92,0.135,21.09,74.64,750,N,3,0
CUST-10479,41,20525,RENT,3.4,HOMEIMPROVEMENT,B,7958,10.37,0.388,26.43,88.17,711,N,20,0
CUST-10480,48,51294,MORTGAGE,24.6,EDUCATION,A,6802,7.03,0.133,11.67,58.85,740,N,26,0
CUST-10481,22,91979,MORTGAGE,2.5,PERSONAL,A,8669,7.84,0.094,22.25,18.8,747,N,2,0
CUST-10482,31,48168,MORTGAGE,4.5,EDUCATION,A,3253,7.54,0.068,13.76,78.44,741,N,10,0
CUST-10483,45,78047,MORTGAGE,0.6,PERSONAL,C,6086,11.67,0.078,17.26,55.46,640,N,26,0
CUST-10484,35,26178,RENT,0.8,DEBTCONSOLIDATION,B,7407,9.31,0.283,7.74,37.53,759,N,14,0
CUST-10485,56,48254,MORTGAGE,10.4,HOMEIMPROVEMENT,D,2340,18.07,0.048,6.37,100.0,573,N,35,0
CUST-10486,41,33701,MORTGAGE,1.8,MEDICAL,B,22461,10.94,0.666,18.79,59.53,682,N,22,1
CUST-10487,48,76740,OWN,1.8,VENTURE,C,9959,12.73,0.13,13.92,59.64,586,Y,27,1
CUST-10488,33,49955,MORTGAGE,2.4,MEDICAL,B,11239,10.05,0.225,7.0,37.73,735,N,15,0
CUST-10489,47,74164,MORTGAGE,17.0,HOMEIMPROVEMENT,B,12128,9.47,0.164,30.19,23.3,712,N,27,0
CUST-10490,24,94148,MORTGAGE,0.4,HOMEIMPROVEMENT,B,9351,9.87,0.099,21.11,48.11,761,N,6,0
CUST-10491,66,74233,RENT,8.5,EDUCATION,A,20659,8.73,0.278,23.98,97.3,728,N,35,0
CUST-10492,68,57749,RENT,2.1,MEDICAL,E,5085,19.28,0.088,21.96,72.13,542,Y,35,1
CUST-10493,49,26932,RENT,9.5,VENTURE,D,2554,17.5,0.095,17.5,64.32,569,N,31,1
CUST-10494,65,48938,RENT,24.0,DEBTCONSOLIDATION,B,5907,12.45,0.121,7.11,97.18,716,N,35,0
CUST-10495,24,35601,RENT,2.1,VENTURE,E,13981,19.03,0.393,25.01,78.12,558,Y,2,1
CUST-10496,31,39877,OTHER,0.7,HOMEIMPROVEMENT,B,2697,8.95,0.068,18.29,52.83,711,Y,9,0
CUST-10497,35,39154,RENT,0.8,HOMEIMPROVEMENT,B,7385,11.02,0.189,24.62,63.26,685,Y,17,1
CUST-10498,45,27229,MORTGAGE,7.1,MEDICAL,C,4801,12.52,0.176,22.42,83.39,700,N,23,0
CUST-10499,45,15147,MORTGAGE,0.8,HOMEIMPROVEMENT,B,13905,10.5,0.918,37.79,72.97,744,N,27,0
CUST-10500,67,32830,RENT,1.5,EDUCATION,B,12956,10.7,0.395,11.55,100.0,703,N,35,0
CUST-10501,40,55051,RENT,1.1,EDUCATION,B,2392,12.73,0.043,9.67,73.76,737,N,21,0
CUST-10502,58,21831,MORTGAGE,2.2,HOMEIMPROVEMENT,B,1687,10.89,0.077,11.16,63.94,695,N,35,0
CUST-10503,55,49484,MORTGAGE,0.4,PERSONAL,A,7461,6.95,0.151,19.12,56.3,748,Y,35,0
CUST-10504,52,153301,OTHER,9.7,EDUCATION,A,7610,8.25,0.05,9.78,49.71,674,N,31,0
CUST-10505,49,90565,RENT,9.8,VENTURE,E,6173,20.48,0.068,7.31,36.52,588,Y,29,0
CUST-10506,56,131416,OWN,2.7,MEDICAL,B,3178,11.95,0.024,22.97,100.0,701,N,34,0
CUST-10507,42,61986,RENT,4.7,DEBTCONSOLIDATION,A,4695,6.39,0.076,16.68,21.91,781,N,24,0
CUST-10508,29,98765,MORTGAGE,5.1,DEBTCONSOLIDATION,C,11289,15.05,0.114,16.33,57.56,675,N,11,0
CUST-10509,24,31749,MORTGAGE,6.0,MEDICAL,A,2111,10.24,0.066,25.34,42.14,724,N,3,0
CUST-10510,55,33302,RENT,3.7,MEDICAL,A,14482,9.02,0.435,17.04,38.97,743,N,35,0
CUST-10511,53,15000,RENT,3.6,VENTURE,F,5102,23.74,0.34,25.28,71.71,513,Y,34,1
CUST-10512,50,99876,RENT,5.0,MEDICAL,E,24478,18.98,0.245,23.17,74.21,607,Y,30,1
CUST-10513,29,123524,RENT,6.1,PERSONAL,A,3874,9.53,0.031,17.52,43.79,805,N,8,0
CUST-10514,38,35175,MORTGAGE,2.1,VENTURE,D,10314,15.93,0.293,14.84,77.21,638,N,19,1
CUST-10515,51,42092,RENT,2.0,VENTURE,D,31065,16.45,0.738,31.41,76.05,679,N,32,1
CUST-10516,20,31184,MORTGAGE,1.6,EDUCATION,C,5377,12.94,0.172,19.83,90.09,668,N,2,0
CUST-10517,24,61672,RENT,4.0,HOMEIMPROVEMENT,B,7205,9.8,0.117,10.73,64.25,666,N,6,0
CUST-10518,64,96274,MORTGAGE,2.2,VENTURE,A,14807,7.49,0.154,16.1,62.46,701,N,35,0
CUST-10519,23,17228,MORTGAGE,3.9,EDUCATION,A,12262,6.12,0.712,40.54,50.23,718,N,4,1
CUST-10520,35,62671,MORTGAGE,2.6,VENTURE,B,14366,9.68,0.229,19.55,29.09,684,N,17,0
CUST-10521,43,41522,MORTGAGE,9.1,EDUCATION,D,16234,15.33,0.391,24.38,41.37,586,N,24,0
CUST-10522,35,52472,RENT,0.4,EDUCATION,C,2670,15.34,0.051,17.19,46.77,652,Y,16,0
CUST-10523,21,64562,MORTGAGE,3.0,HOMEIMPROVEMENT,A,9164,9.44,0.142,15.66,51.63,744,N,1,0
CUST-10524,68,43786,RENT,4.3,DEBTCONSOLIDATION,A,16044,,0.366,23.03,77.67,753,N,35,0
CUST-10525,47,46066,RENT,2.4,EDUCATION,B,6668,10.42,0.145,27.13,18.84,785,N,29,0
CUST-10526,51,43117,RENT,2.7,DEBTCONSOLIDATION,C,9339,13.54,0.217,5.13,66.03,681,N,33,0
CUST-10527,46,87744,MORTGAGE,8.1,EDUCATION,A,9219,8.43,0.105,13.31,90.69,759,N,24,0
CUST-10528,39,63023,MORTGAGE,1.6,PERSONAL,B,5960,8.97,0.095,21.23,68.67,737,N,18,0
CUST-10529,43,55957,MORTGAGE,10.3,PERSONAL,C,6738,12.33,0.12,10.05,76.36,622,N,21,0
CUST-10530,31,22866,RENT,11.3,EDUCATION,A,4207,5.58,0.184,16.19,50.98,720,N,10,1
CUST-10531,69,39059,RENT,5.3,EDUCATION,A,7608,8.5,0.195,11.08,42.75,782,Y,35,0
CUST-10532,54,84052,OWN,7.4,DEBTCONSOLIDATION,A,16748,6.47,0.199,24.03,68.98,750,N,35,0
CUST-10533,52,50142,MORTGAGE,4.7,EDUCATION,E,16394,20.7,0.327,36.54,82.51,574,Y,31,1
CUST-10534,52,72818,RENT,3.7,EDUCATION,B,5431,,0.075,9.41,65.04,660,N,33,1
CUST-10535,62,141479,MORTGAGE,17.0,VENTURE,B,2066,10.5,0.015,18.15,32.58,683,N,35,0
CUST-10536,56,91414,RENT,1.7,EDUCATION,C,7815,13.29,0.085,18.02,56.89,636,N,35,0
CUST-10537,31,51838,RENT,0.8,VENTURE,B,2183,10.73,0.042,30.57,81.48,683,N,12,0
CUST-10538,22,36076,RENT,1.7,MEDICAL,A,5720,6.91,0.159,17.33,72.48,825,N,2,0
CUST-10539,20,15000,RENT,2.0,PERSONAL,C,14084,14.75,0.939,29.03,38.47,724,N,2,1
CUST-10540,52,44310,RENT,1.0,VENTURE,C,5813,13.3,0.131,17.18,72.86,690,N,30,0
CUST-10541,59,40311,OWN,12.0,PERSONAL,A,11127,7.94,0.276,15.07,72.41,753,N,35,0
CUST-10542,29,61958,MORTGAGE,2.6,EDUCATION,A,3509,7.63,0.057,13.59,58.08,729,Y,7,1
CUST-10543,62,44696,MORTGAGE,9.5,EDUCATION,C,15004,12.28,0.336,33.12,64.5,614,N,35,1
CUST-10544,63,40447,MORTGAGE,1.4,MEDICAL,C,5846,15.12,0.145,10.87,29.84,662,N,35,0
CUST-10545,48,16854,OWN,1.9,VENTURE,A,13513,6.72,0.802,35.65,52.25,795,N,27,0
CUST-10546,32,27889,RENT,0.3,MEDICAL,C,15068,14.47,0.54,23.63,60.37,677,N,12,1
CUST-10547,31,65250,MORTGAGE,1.5,MEDICAL,E,6095,20.37,0.093,10.5,63.36,574,N,9,1
CUST-10548,50,137247,MORTGAGE,3.4,MEDICAL,A,3208,5.7,0.023,25.22,48.21,773,N,30,0
CUST-10549,65,46234,RENT,14.6,EDUCATION,B,7681,,0.166,16.39,47.1,699,N,35,0
CUST-10550,21,59676,RENT,2.5,DEBTCONSOLIDATION,C,3520,14.2,0.059,10.51,25.5,640,N,1,0
CUST-10551,69,86810,MORTGAGE,5.1,DEBTCONSOLIDATION,A,6183,7.15,0.071,14.18,43.75,715,Y,35,0
CUST-10552,54,30135,MORTGAGE,2.8,MEDICAL,C,7907,13.35,0.262,14.56,95.7,638,N,32,1
CUST-10553,42,61089,RENT,0.2,PERSONAL,D,7377,16.76,0.121,24.38,41.79,621,N,21,0
CUST-10554,36,31435,MORTGAGE,3.5,MEDICAL,D,2911,16.05,0.093,27.69,66.03,595,Y,14,1
CUST-10555,45,82363,MORTGAGE,0.3,PERSONAL,A,13544,7.93,0.164,11.34,38.53,710,N,26,0
CUST-10556,27,53682,RENT,9.0,MEDICAL,D,7666,16.55,0.143,12.71,28.85,614,N,5,0
CUST-10557,48,58634,MORTGAGE,7.0,PERSONAL,B,14949,10.26,0.255,9.99,27.75,711,N,29,0
CUST-10558,45,30651,MORTGAGE,2.4,VENTURE,A,14113,6.34,0.46,26.11,66.1,737,N,26,0
CUST-10559,29,74923,RENT,5.1,PERSONAL,A,12656,7.99,0.169,15.64,70.0,749,N,8,0
CUST-10560,45,171241,OWN,0.6,DEBTCONSOLIDATION,D,23405,13.61,0.137,16.95,48.19,521,Y,24,1
CUST-10561,53,26775,RENT,6.1,PERSONAL,B,5859,10.81,0.219,25.07,69.84,726,N,31,0
CUST-10562,60,39980,RENT,8.7,VENTURE,D,5518,16.52,0.138,27.66,56.3,620,N,35,0
CUST-10563,26,56328,RENT,8.0,DEBTCONSOLIDATION,A,12664,6.52,0.225,25.13,33.16,800,N,5,0
CUST-10564,23,78577,MORTGAGE,1.7,EDUCATION,C,4280,11.83,0.054,3.87,60.93,643,Y,1,0
CUST-10565,69,35040,MORTGAGE,1.5,DEBTCONSOLIDATION,A,7305,8.0,0.208,22.42,30.49,776,N,35,0
CUST-10566,64,15000,RENT,3.7,EDUCATION,A,10659,7.2,0.711,30.14,58.84,791,N,35,0
CUST-10567,30,110803,RENT,,DEBTCONSOLIDATION,G,14504,24.67,0.131,8.41,96.42,501,Y,10,1
CUST-10568,48,77366,RENT,12.7,DEBTCONSOLIDATION,A,7451,5.3,0.096,6.35,21.02,762,N,26,0
CUST-10569,55,17226,MORTGAGE,,PERSONAL,B,1000,11.07,0.058,11.01,58.26,705,N,35,0
CUST-10570,44,34045,MORTGAGE,7.6,HOMEIMPROVEMENT,D,14010,17.63,0.412,20.09,80.89,554,N,25,0
CUST-10571,40,125606,MORTGAGE,12.7,PERSONAL,D,14755,16.32,0.117,14.47,55.88,624,N,22,0
CUST-10572,55,116853,MORTGAGE,1.5,EDUCATION,B,6042,9.42,0.052,11.36,32.76,667,N,33,0
CUST-10573,29,86093,MORTGAGE,8.9,PERSONAL,B,11100,11.02,0.129,19.37,47.02,670,N,7,0
CUST-10574,56,44105,RENT,1.6,PERSONAL,C,15962,13.16,0.362,29.2,79.78,668,N,35,1
CUST-10575,28,51523,RENT,2.1,VENTURE,A,14532,8.54,0.282,11.21,30.0,795,N,7,0
CUST-10576,43,45317,MORTGAGE,1.1,MEDICAL,A,12357,7.52,0.273,17.12,37.61,777,N,22,0
CUST-10577,54,96465,MORTGAGE,3.5,HOMEIMPROVEMENT,B,9643,7.93,0.1,39.75,48.67,720,N,33,0
CUST-10578,68,28983,RENT,9.3,EDUCATION,B,24393,7.68,0.842,45.02,22.46,712,N,35,0
CUST-10579,54,30227,OWN,3.8,DEBTCONSOLIDATION,A,8582,6.65,0.284,18.14,35.6,780,N,35,0
CUST-10580,67,89874,MORTGAGE,0.7,PERSONAL,A,1539,,0.017,17.85,61.37,809,N,35,0
CUST-10581,55,47733,RENT,1.5,PERSONAL,B,6366,9.91,0.133,22.14,38.64,680,N,34,0
CUST-10582,37,112092,MORTGAGE,4.1,VENTURE,B,7683,11.09,0.069,10.19,85.03,681,N,15,0
CUST-10583,68,32764,OWN,4.4,HOMEIMPROVEMENT,B,10297,9.71,0.314,13.81,53.91,726,N,35,0
CUST-10584,58,47435,RENT,,HOMEIMPROVEMENT,A,5696,9.98,0.12,18.86,39.51,690,N,35,0
CUST-10585,51,28185,MORTGAGE,0.4,MEDICAL,C,8270,,0.293,26.07,61.27,647,N,31,0
CUST-10586,43,49237,RENT,7.0,EDUCATION,D,13941,16.82,0.283,18.46,71.04,619,Y,21,1
CUST-10587,42,20188,RENT,12.0,PERSONAL,A,21993,6.35,1.089,37.23,57.41,731,N,22,1
CUST-10588,51,36585,MORTGAGE,3.6,MEDICAL,A,3328,7.0,0.091,13.26,48.18,683,Y,31,0
CUST-10589,56,20707,RENT,6.3,MEDICAL,C,7556,14.09,0.365,13.77,23.13,698,Y,35,1
CUST-10590,31,74336,RENT,12.3,EDUCATION,E,3181,19.44,0.043,12.1,53.62,549,Y,10,1
CUST-10591,68,75354,RENT,5.1,MEDICAL,A,6565,5.0,0.087,4.63,61.83,731,N,35,0
CUST-10592,32,17358,RENT,5.6,VENTURE,A,4760,8.1,0.274,34.28,33.11,796,N,12,0
CUST-10593,42,109133,RENT,6.4,VENTURE,A,10460,8.23,0.096,7.89,53.81,647,N,20,0
CUST-10594,44,219355,MORTGAGE,1.5,EDUCATION,C,9336,14.38,0.043,8.92,83.14,703,N,25,0
CUST-10595,54,50392,RENT,4.4,MEDICAL,F,5446,23.32,0.108,21.01,47.01,608,Y,33,1
CUST-10596,60,33367,MORTGAGE,9.2,PERSONAL,C,7846,13.72,0.235,14.96,62.55,619,N,35,0
CUST-10597,49,266891,MORTGAGE,1.8,PERSONAL,B,4607,13.37,0.017,9.8,44.46,683,Y,31,0
CUST-10598,36,22217,RENT,11.4,HOMEIMPROVEMENT,C,11802,13.78,0.531,12.33,55.42,667,N,15,1
CUST-10599,68,49615,MORTGAGE,4.8,VENTURE,A,9171,5.0,0.185,11.33,22.83,759,N,35,0
CUST-10600,39,54599,MORTGAGE,2.8,VENTURE,C,8930,13.77,0.164,10.77,100.0,684,N,20,0
CUST-10601,67,109873,RENT,4.9,PERSONAL,B,1946,11.85,0.018,7.54,32.62,717,N,35,0
CUST-10602,44,60830,RENT,2.6,DEBTCONSOLIDATION,A,23998,5.85,0.395,25.55,36.33,779,N,24,0
CUST-10603,41,36345,MORTGAGE,9.1,PERSONAL,A,3225,7.18,0.089,22.72,68.39,850,N,21,0
CUST-10604,32,27702,OWN,3.3,HOMEIMPROVEMENT,C,4118,14.96,0.149,29.13,64.97,594,N,12,0
CUST-10605,38,39930,RENT,11.6,EDUCATION,C,21652,12.82,0.542,26.33,77.13,697,N,19,1
CUST-10606,68,26791,RENT,3.6,PERSONAL,B,5436,10.21,0.203,12.95,67.88,752,Y,35,0
CUST-10607,55,50447,RENT,5.4,EDUCATION,A,23799,8.44,0.472,12.54,37.42,712,N,35,0
CUST-10608,31,34943,RENT,13.0,PERSONAL,A,10305,5.96,0.295,16.46,60.5,722,N,11,0
CUST-10609,60,20001,MORTGAGE,0.8,MEDICAL,A,2948,7.49,0.147,17.25,32.84,768,N,35,0
CUST-10610,38,104097,RENT,6.7,DEBTCONSOLIDATION,A,11225,6.33,0.108,44.89,58.82,706,N,18,0
CUST-10611,31,36366,RENT,0.7,EDUCATION,B,4237,10.18,0.117,19.93,36.63,678,N,9,0
CUST-10612,28,22905,RENT,9.1,VENTURE,A,21538,7.78,0.94,30.12,20.91,758,N,10,1
CUST-10613,26,44313,RENT,4.5,HOMEIMPROVEMENT,C,5633,14.77,0.127,15.97,68.57,626,N,6,0
CUST-10614,47,51073,RENT,13.9,VENTURE,C,4098,13.87,0.08,4.16,46.02,642,N,27,0
CUST-10615,33,17190,RENT,10.0,EDUCATION,B,9589,9.82,0.558,15.67,43.33,670,N,11,1
CUST-10616,50,59813,RENT,0.4,DEBTCONSOLIDATION,B,6837,11.94,0.114,25.76,63.03,667,N,31,0
CUST-10617,38,26152,MORTGAGE,0.7,PERSONAL,A,12841,8.24,0.491,27.38,61.36,767,N,17,0
CUST-10618,66,136846,OWN,4.6,MEDICAL,B,13575,8.17,0.099,10.67,55.68,696,N,35,0
CUST-10619,35,67129,RENT,3.7,HOMEIMPROVEMENT,D,6685,17.51,0.1,16.9,74.25,614,Y,13,1
CUST-10620,24,38563,MORTGAGE,0.9,PERSONAL,C,8079,13.58,0.21,23.79,58.6,675,N,6,1
CUST-10621,54,31347,RENT,0.7,VENTURE,A,13285,7.46,0.424,26.5,33.16,756,N,35,0
CUST-10622,31,46028,MORTGAGE,4.2,EDUCATION,D,17690,17.93,0.384,15.49,40.44,598,N,11,1
CUST-10623,44,70804,RENT,0.3,PERSONAL,C,9814,13.25,0.139,22.86,33.56,619,N,25,0
CUST-10624,40,48276,RENT,10.3,EDUCATION,B,9275,11.57,0.192,22.12,32.15,716,N,22,0
CUST-10625,55,43032,MORTGAGE,8.2,DEBTCONSOLIDATION,C,10117,15.03,0.235,25.35,49.18,720,N,35,0
CUST-10626,42,50768,RENT,7.7,HOMEIMPROVEMENT,A,10509,7.57,0.207,19.87,46.64,781,Y,20,1
CUST-10627,35,34121,RENT,0.1,EDUCATION,B,7863,11.04,0.23,21.9,58.55,647,N,13,1
CUST-10628,58,39897,MORTGAGE,0.2,PERSONAL,B,32970,11.33,0.826,35.81,27.3,629,Y,35,1
CUST-10629,64,15000,MORTGAGE,4.0,EDUCATION,E,9514,20.05,0.634,30.66,63.98,544,N,35,1
CUST-10630,61,87924,MORTGAGE,25.9,MEDICAL,A,1573,8.57,0.018,17.14,45.77,696,N,35,0
CUST-10631,58,58646,RENT,2.1,HOMEIMPROVEMENT,B,4906,9.25,0.084,18.97,30.7,655,N,35,0
CUST-10632,33,30820,MORTGAGE,2.1,DEBTCONSOLIDATION,E,6215,18.73,0.202,17.7,84.16,487,N,15,1
CUST-10633,50,153160,RENT,0.7,VENTURE,A,2987,5.99,0.02,10.37,27.61,758,N,28,0
CUST-10634,24,51648,RENT,5.6,MEDICAL,D,3703,18.52,0.072,13.88,43.11,569,Y,5,0
CUST-10635,54,26326,MORTGAGE,5.2,PERSONAL,A,9242,5.49,0.351,23.35,35.7,709,N,35,0
CUST-10636,42,81964,MORTGAGE,0.5,PERSONAL,A,3400,9.08,0.041,16.11,40.46,727,N,24,0
CUST-10637,48,62244,MORTGAGE,3.2,MEDICAL,B,5663,11.07,0.091,32.61,69.39,678,Y,30,0
CUST-10638,62,62115,MORTGAGE,5.5,MEDICAL,C,5040,12.45,0.081,20.39,54.32,641,N,35,0
CUST-10639,30,37969,RENT,3.4,HOMEIMPROVEMENT,A,4715,5.97,0.124,19.05,99.33,701,N,9,0
CUST-10640,37,64234,RENT,5.6,EDUCATION,B,7274,10.45,0.113,6.4,71.43,734,N,17,0
CUST-10641,66,41895,RENT,8.5,PERSONAL,A,6288,7.23,0.15,16.49,33.67,760,N,35,0
CUST-10642,31,68429,MORTGAGE,5.8,MEDICAL,A,4107,7.97,0.06,29.34,31.35,764,N,10,0
CUST-10643,28,15631,RENT,4.8,DEBTCONSOLIDATION,B,18225,7.86,1.166,39.17,25.37,685,N,10,1
CUST-10644,29,37785,OWN,9.6,HOMEIMPROVEMENT,B,13051,10.27,0.345,14.96,63.84,738,N,11,0
CUST-10645,63,137763,MORTGAGE,11.5,PERSONAL,A,6201,6.45,0.045,17.87,61.09,767,N,35,0
CUST-10646,36,30938,OWN,2.5,HOMEIMPROVEMENT,B,11764,12.03,0.38,19.92,44.75,707,N,14,0
CUST-10647,57,34121,MORTGAGE,1.0,MEDICAL,C,19705,13.99,0.578,16.82,57.32,685,N,35,0
CUST-10648,26,37467,OWN,8.0,EDUCATION,A,3573,6.89,0.095,14.43,59.18,692,N,8,0
CUST-10649,65,23649,MORTGAGE,1.2,EDUCATION,B,7116,12.21,0.301,28.9,37.61,707,N,35,0
CUST-10650,32,15000,OWN,13.2,MEDICAL,A,4737,6.98,0.316,38.52,60.25,727,N,11,0
CUST-10651,59,42686,RENT,0.1,MEDICAL,B,5851,10.38,0.137,5.66,42.94,675,N,35,1
CUST-10652,61,53184,RENT,12.7,VENTURE,D,17791,16.82,0.335,12.42,49.77,638,N,35,1
CUST-10653,28,47500,MORTGAGE,4.4,MEDICAL,E,7501,20.59,0.158,28.99,75.85,618,N,10,0
CUST-10654,69,44939,OTHER,7.5,PERSONAL,A,18600,7.51,0.414,8.46,31.86,795,N,35,0
CUST-10655,46,50303,RENT,2.5,EDUCATION,C,7828,15.2,0.156,5.7,49.44,650,N,25,1
CUST-10656,21,90554,RENT,3.0,HOMEIMPROVEMENT,C,7471,13.02,0.083,11.9,67.93,639,N,1,0
CUST-10657,24,43727,MORTGAGE,1.3,VENTURE,D,5544,15.32,0.127,18.11,67.93,653,N,2,1
CUST-10658,48,34736,MORTGAGE,1.5,MEDICAL,D,8061,18.41,0.232,23.94,67.42,576,N,28,1
CUST-10659,56,41411,RENT,0.3,PERSONAL,B,11625,10.12,0.281,14.23,16.62,759,N,35,0
CUST-10660,57,69397,MORTGAGE,14.1,PERSONAL,F,2024,22.71,0.029,20.76,83.09,516,Y,35,1
CUST-10661,38,114372,OWN,3.0,EDUCATION,F,14474,22.92,0.127,9.8,71.87,528,Y,19,1
CUST-10662,27,33627,OWN,5.6,PERSONAL,B,1655,13.0,0.049,10.51,93.69,681,N,6,0
CUST-10663,67,52018,RENT,5.8,MEDICAL,B,5886,10.14,0.113,13.74,46.19,701,N,35,0
CUST-10664,64,60054,RENT,10.4,HOMEIMPROVEMENT,C,3345,14.13,0.056,14.29,64.46,618,N,35,0
CUST-10665,20,27023,RENT,2.0,EDUCATION,B,5814,9.56,0.215,16.93,89.14,687,N,1,1
CUST-10666,41,49625,RENT,4.1,HOMEIMPROVEMENT,C,8704,12.92,0.175,35.18,31.76,655,N,20,0
CUST-10667,36,20345,RENT,6.2,VENTURE,B,13849,9.59,0.681,26.82,40.39,696,N,16,1
CUST-10668,26,16959,MORTGAGE,7.0,PERSONAL,A,13334,8.52,0.786,19.89,41.55,663,N,6,0
CUST-10669,44,61086,RENT,1.0,VENTURE,D,3213,17.6,0.053,13.59,30.99,697,N,23,0
CUST-10670,64,38936,MORTGAGE,0.6,PERSONAL,E,8720,19.94,0.224,33.83,56.4,625,N,35,0
CUST-10671,23,55346,OWN,0.4,VENTURE,A,15577,6.57,0.281,34.23,50.05,709,N,4,0
CUST-10672,55,48497,RENT,2.3,PERSONAL,C,9159,12.72,0.189,32.8,94.19,628,Y,35,1
CUST-10673,25,27286,OTHER,3.4,EDUCATION,B,11709,9.66,0.429,11.55,58.54,694,N,7,0
CUST-10674,50,47707,MORTGAGE,4.8,MEDICAL,B,5782,10.93,0.121,9.47,62.88,723,N,29,0
CUST-10675,38,23391,MORTGAGE,15.9,PERSONAL,B,7020,8.6,0.3,18.11,71.73,717,N,18,0
CUST-10676,63,112936,RENT,2.0,PERSONAL,B,1020,10.02,0.009,10.88,39.77,662,Y,35,0
CUST-10677,58,21729,MORTGAGE,7.2,EDUCATION,B,5945,8.89,0.274,17.22,62.23,782,N,35,0
CUST-10678,46,43587,RENT,3.8,MEDICAL,D,5754,17.11,0.132,13.97,62.63,596,N,25,0
CUST-10679,29,26229,MORTGAGE,1.2,HOMEIMPROVEMENT,C,3773,12.31,0.144,12.03,42.91,713,N,7,0
CUST-10680,45,69026,RENT,4.8,PERSONAL,B,2119,12.85,0.031,16.21,57.98,679,N,24,0
CUST-10681,38,40180,MORTGAGE,17.1,EDUCATION,C,11982,14.75,0.298,7.56,64.42,687,N,18,0
CUST-10682,58,35911,RENT,0.7,MEDICAL,F,17419,,0.485,33.31,63.43,543,Y,35,1
CUST-10683,22,81790,RENT,3.5,EDUCATION,A,8048,8.0,0.098,23.78,32.59,720,N,3,0
CUST-10684,64,49894,MORTGAGE,0.3,VENTURE,B,5725,11.06,0.115,17.7,79.72,721,N,35,0
CUST-10685,32,66835,MORTGAGE,1.9,EDUCATION,D,5747,15.35,0.086,31.6,55.95,616,N,11,1
CUST-10686,69,27206,RENT,4.8,HOMEIMPROVEMENT,C,20320,14.99,0.747,40.25,63.94,682,N,35,1
CUST-10687,47,21101,RENT,,MEDICAL,E,8813,,0.418,33.99,44.94,543,Y,27,0
CUST-10688,39,52277,OWN,6.6,PERSONAL,A,7055,6.58,0.135,25.99,66.44,747,N,18,0
CUST-10689,47,40485,MORTGAGE,3.1,VENTURE,D,23183,17.15,0.573,47.24,51.2,638,N,28,0
CUST-10690,27,71386,RENT,9.0,MEDICAL,C,12682,12.15,0.178,9.14,64.6,586,Y,5,1
CUST-10691,60,46725,MORTGAGE,1.8,EDUCATION,D,14814,17.29,0.317,21.66,80.81,570,N,35,0
CUST-10692,58,55439,MORTGAGE,7.0,PERSONAL,B,6433,10.91,0.116,3.87,49.27,701,N,35,0
CUST-10693,20,18508,RENT,2.0,EDUCATION,A,13941,6.72,0.753,19.03,20.34,756,N,1,0
CUST-10694,22,152216,MORTGAGE,4.0,EDUCATION,B,5742,11.65,0.038,23.73,76.63,697,N,4,0
CUST-10695,32,44420,MORTGAGE,8.0,PERSONAL,B,7927,11.35,0.178,20.3,39.39,728,Y,11,0
CUST-10696,47,74499,MORTGAGE,11.6,MEDICAL,B,12648,10.11,0.17,22.43,58.27,696,N,27,0
CUST-10697,68,29683,RENT,1.2,VENTURE,C,12634,14.15,0.426,29.65,100.0,686,Y,35,1
CUST-10698,44,58971,MORTGAGE,5.5,HOMEIMPROVEMENT,B,11917,8.9,0.202,22.43,50.21,711,N,22,0
CUST-10699,52,22433,RENT,6.7,VENTURE,A,1494,8.09,0.067,23.51,44.12,711,Y,30,0
CUST-10700,57,64295,OWN,6.8,VENTURE,B,4386,8.75,0.068,35.94,31.8,706,N,35,0
CUST-10701,25,39593,RENT,3.5,VENTURE,A,5938,,0.15,26.23,24.71,747,N,6,0
CUST-10702,63,49886,MORTGAGE,0.1,DEBTCONSOLIDATION,A,12529,8.33,0.251,19.78,48.96,727,Y,35,0
CUST-10703,64,74517,MORTGAGE,1.5,EDUCATION,B,7178,10.91,0.096,17.09,74.3,647,N,35,0
CUST-10704,51,23399,RENT,2.0,EDUCATION,C,3264,15.36,0.139,30.49,54.3,609,Y,31,1
CUST-10705,64,32510,MORTGAGE,9.6,PERSONAL,D,9490,15.55,0.292,18.22,68.88,580,Y,35,1
CUST-10706,66,64498,MORTGAGE,9.2,MEDICAL,B,13496,10.99,0.209,9.24,16.82,737,N,35,0
CUST-10707,40,172634,RENT,0.6,PERSONAL,D,2895,13.94,0.017,5.4,86.96,599,N,22,1
CUST-10708,35,45123,MORTGAGE,15.0,EDUCATION,A,4251,6.89,0.094,17.53,60.58,793,N,16,0
CUST-10709,40,69890,MORTGAGE,1.0,MEDICAL,F,4807,,0.069,20.26,51.65,494,Y,21,1
CUST-10710,30,45973,RENT,2.7,DEBTCONSOLIDATION,E,7610,21.38,0.166,12.78,100.0,545,Y,11,1
CUST-10711,56,157211,OTHER,1.2,DEBTCONSOLIDATION,B,10348,10.47,0.066,21.53,32.62,680,N,34,0
CUST-10712,55,17182,OWN,9.8,VENTURE,A,9913,8.6,0.577,19.04,70.68,740,N,33,0
CUST-10713,54,51884,RENT,6.9,EDUCATION,B,6659,,0.128,8.79,93.81,708,N,35,0
CUST-10714,38,18484,MORTGAGE,2.2,HOMEIMPROVEMENT,A,7429,7.1,0.402,14.72,58.54,772,Y,20,0
CUST-10715,39,15000,RENT,5.7,HOMEIMPROVEMENT,C,8473,12.5,0.565,22.7,64.48,694,N,21,1
CUST-10716,37,58599,MORTGAGE,1.0,DEBTCONSOLIDATION,A,15806,6.31,0.27,13.9,49.39,673,N,18,0
CUST-10717,66,53300,OWN,2.4,VENTURE,B,15886,9.39,0.298,13.49,77.04,771,N,35,0
CUST-10718,60,41319,RENT,2.4,EDUCATION,A,13409,6.76,0.325,20.53,47.57,713,N,35,0
CUST-10719,68,45994,MORTGAGE,1.4,PERSONAL,A,6005,9.95,0.131,5.21,44.06,754,N,35,0
CUST-10720,33,314575,MORTGAGE,10.4,DEBTCONSOLIDATION,A,3156,7.43,0.01,2.54,51.87,784,N,13,0
CUST-10721,34,41986,RENT,5.7,PERSONAL,A,11874,5.88,0.283,19.43,51.12,772,N,15,0
CUST-10722,50,66574,OWN,1.6,EDUCATION,C,6303,12.87,0.095,20.45,66.72,689,N,30,0
CUST-10723,20,33202,MORTGAGE,1.4,MEDICAL,B,18021,11.72,0.543,28.98,72.22,736,N,1,1
CUST-10724,22,58520,RENT,0.1,PERSONAL,C,2451,12.66,0.042,9.96,52.3,665,N,1,0
CUST-10725,35,42491,MORTGAGE,2.1,DEBTCONSOLIDATION,C,6630,15.29,0.156,19.46,36.37,676,N,16,0
CUST-10726,42,38318,RENT,3.7,EDUCATION,A,22279,8.74,0.581,36.13,43.09,707,Y,20,1
CUST-10727,30,145996,RENT,,PERSONAL,B,10146,10.27,0.069,16.75,100.0,675,N,10,1
CUST-10728,31,99340,OWN,6.0,DEBTCONSOLIDATION,B,4116,9.71,0.041,9.86,51.36,666,N,9,0
CUST-10729,29,53212,MORTGAGE,2.7,EDUCATION,E,1235,18.36,0.023,33.15,100.0,487,N,11,1
CUST-10730,51,15000,MORTGAGE,1.9,HOMEIMPROVEMENT,B,9207,10.73,0.614,20.43,84.06,667,N,32,1
CUST-10731,35,39473,RENT,14.0,MEDICAL,B,13888,11.0,0.352,20.4,60.99,664,N,16,1
CUST-10732,27,248156,MORTGAGE,1.5,VENTURE,C,19748,15.11,0.08,18.53,33.33,617,N,7,0
CUST-10733,57,42685,OWN,2.5,EDUCATION,D,3018,16.93,0.071,7.43,69.81,633,N,35,0
CUST-10734,31,95028,RENT,2.4,MEDICAL,E,12541,19.08,0.132,23.57,55.61,543,N,9,1
CUST-10735,43,116443,RENT,1.4,EDUCATION,B,3168,12.15,0.027,19.51,56.99,730,N,21,1
CUST-10736,47,55903,MORTGAGE,1.2,DEBTCONSOLIDATION,A,10133,8.48,0.181,19.25,78.54,695,N,25,0
CUST-10737,27,29581,RENT,1.8,PERSONAL,C,3328,12.67,0.113,17.09,41.35,627,Y,5,0
CUST-10738,47,15000,RENT,10.0,EDUCATION,A,9998,7.4,0.667,18.32,23.27,736,N,27,0
CUST-10739,55,73902,OWN,7.3,HOMEIMPROVEMENT,B,2047,11.29,0.028,17.15,75.64,742,N,33,0
CUST-10740,45,30065,OTHER,5.7,MEDICAL,C,12931,13.87,0.43,19.05,58.16,652,N,27,0
CUST-10741,27,54485,MORTGAGE,3.1,VENTURE,C,11682,12.29,0.214,11.56,44.56,660,Y,5,1
CUST-10742,69,23158,MORTGAGE,3.5,VENTURE,C,10748,13.71,0.464,36.88,71.79,612,N,35,0
CUST-10743,47,41808,MORTGAGE,1.6,PERSONAL,A,5558,6.69,0.133,33.2,47.89,780,N,25,0
CUST-10744,47,50022,MORTGAGE,0.4,PERSONAL,F,7442,22.08,0.149,14.36,87.01,528,N,26,1
CUST-10745,56,57592,RENT,2.0,DEBTCONSOLIDATION,A,11695,5.94,0.203,5.75,54.18,689,N,34,0
CUST-10746,60,25112,RENT,3.4,EDUCATION,A,11520,6.43,0.459,23.25,41.72,775,N,35,0
CUST-10747,55,100523,RENT,0.3,EDUCATION,C,20666,16.02,0.206,8.94,26.13,660,N,33,0
CUST-10748,46,34264,RENT,0.5,VENTURE,D,11197,15.99,0.327,30.4,55.15,598,N,25,0
CUST-10749,36,17949,RENT,1.5,EDUCATION,B,19620,11.84,1.093,30.5,47.57,688,N,14,1
CUST-10750,28,45916,RENT,2.3,VENTURE,B,17414,10.35,0.379,11.26,40.08,663,N,7,0
CUST-10751,52,50042,RENT,2.5,MEDICAL,B,6659,9.06,0.133,6.88,21.65,741,N,34,0
CUST-10752,39,53979,RENT,0.6,HOMEIMPROVEMENT,A,3290,6.2,0.061,24.83,36.53,775,N,19,0
CUST-10753,32,110999,MORTGAGE,1.3,EDUCATION,C,6161,12.55,0.056,20.53,50.86,613,N,12,0
CUST-10754,47,42537,RENT,1.5,EDUCATION,B,1626,13.07,0.038,6.0,51.51,702,N,29,0
CUST-10755,67,45625,MORTGAGE,0.4,HOMEIMPROVEMENT,E,5752,19.22,0.126,6.79,88.88,545,Y,35,1
CUST-10756,48,25288,RENT,2.0,EDUCATION,A,8251,7.72,0.326,17.41,38.39,705,N,29,1
CUST-10757,32,80204,MORTGAGE,0.4,EDUCATION,B,10611,11.32,0.132,8.44,43.02,754,N,13,0
CUST-10758,65,54752,OWN,6.1,HOMEIMPROVEMENT,B,6324,,0.116,19.98,52.29,688,N,35,0
CUST-10759,54,38100,MORTGAGE,2.4,VENTURE,B,13290,11.54,0.349,36.4,38.69,671,N,32,1
CUST-10760,25,15633,MORTGAGE,2.0,MEDICAL,B,17210,9.87,1.101,41.25,47.97,658,N,4,1
CUST-10761,37,116616,OWN,0.7,EDUCATION,B,12384,9.08,0.106,18.61,69.72,692,N,15,0
CUST-10762,24,23467,RENT,1.3,VENTURE,A,13632,6.37,0.581,26.55,34.85,676,N,2,0
CUST-10763,66,34380,OTHER,1.3,PERSONAL,D,8136,14.66,0.237,21.84,83.37,605,Y,35,1
CUST-10764,44,60779,MORTGAGE,21.1,DEBTCONSOLIDATION,B,17162,9.88,0.282,11.37,22.73,742,Y,25,0
CUST-10765,21,23910,MORTGAGE,3.0,PERSONAL,B,11943,6.03,0.499,13.95,66.96,732,Y,1,1
CUST-10766,29,20008,RENT,0.1,HOMEIMPROVEMENT,B,5797,11.37,0.29,11.16,51.53,717,N,11,1
CUST-10767,49,15000,MORTGAGE,4.8,MEDICAL,B,17041,11.19,1.136,48.5,68.44,784,N,31,0
CUST-10768,69,75553,MORTGAGE,1.5,PERSONAL,C,3031,12.33,0.04,26.96,46.84,659,N,35,0
CUST-10769,64,35344,MORTGAGE,0.6,EDUCATION,C,9187,11.85,0.26,24.81,47.8,618,N,35,0
CUST-10770,24,283895,MORTGAGE,6.0,EDUCATION,A,12378,9.33,0.044,5.38,22.47,779,N,6,0
CUST-10771,52,26994,RENT,0.7,PERSONAL,B,5688,11.66,0.211,21.66,62.1,705,N,34,1
CUST-10772,20,28201,RENT,2.0,EDUCATION,A,4577,7.19,0.162,26.12,28.16,751,N,1,1
CUST-10773,37,34918,RENT,5.0,HOMEIMPROVEMENT,B,18334,9.69,0.525,21.49,45.82,710,N,17,0
CUST-10774,51,56719,RENT,4.0,PERSONAL,B,1000,10.55,0.018,5.97,34.51,686,N,30,0
CUST-10775,66,36970,RENT,19.0,DEBTCONSOLIDATION,A,2016,5.77,0.055,27.3,76.4,815,N,35,0
CUST-10776,68,70784,RENT,7.7,PERSONAL,C,13904,13.85,0.196,30.15,73.29,593,Y,35,1
CUST-10777,30,27251,RENT,7.4,VENTURE,A,4846,6.06,0.178,20.8,40.51,779,N,8,1
CUST-10778,40,21397,MORTGAGE,2.2,HOMEIMPROVEMENT,E,5508,16.63,0.257,27.57,41.01,575,N,19,1
CUST-10779,45,16665,RENT,0.0,DEBTCONSOLIDATION,A,4573,6.52,0.274,14.92,64.34,766,N,26,0
CUST-10780,44,15000,OWN,6.6,PERSONAL,G,4661,23.28,0.311,11.34,99.72,487,Y,24,1
CUST-10781,41,35923,MORTGAGE,23.0,VENTURE,B,7356,12.67,0.205,11.88,48.05,753,N,20,0
CUST-10782,46,40921,MORTGAGE,2.6,PERSONAL,A,20498,9.51,0.501,19.34,21.73,781,N,28,0
CUST-10783,68,33561,RENT,21.2,EDUCATION,A,10459,6.16,0.312,11.64,45.23,723,N,35,0
CUST-10784,32,103367,MORTGAGE,0.8,VENTURE,A,11723,7.38,0.113,8.82,11.54,789,N,14,0
CUST-10785,52,102418,MORTGAGE,1.8,EDUCATION,A,10898,6.71,0.106,20.44,36.53,761,N,31,0
CUST-10786,53,40099,OTHER,0.9,EDUCATION,A,1230,9.71,0.031,14.8,48.73,730,N,33,0
CUST-10787,60,16708,MORTGAGE,3.2,PERSONAL,B,6010,8.32,0.36,18.0,54.13,641,N,35,0
CUST-10788,54,34890,MORTGAGE,8.0,PERSONAL,A,11265,8.06,0.323,30.52,33.34,777,N,33,0
CUST-10789,20,34204,MORTGAGE,2.0,PERSONAL,B,7687,12.03,0.225,23.25,72.1,675,N,1,1
CUST-10790,40,33048,RENT,11.8,HOMEIMPROVEMENT,B,3098,9.85,0.094,7.94,79.78,718,Y,18,1
CUST-10791,67,32253,RENT,3.9,PERSONAL,C,2475,13.53,0.077,7.83,45.68,701,N,35,0
CUST-10792,25,33120,MORTGAGE,3.1,VENTURE,A,4502,8.76,0.136,15.41,47.18,722,N,4,0
CUST-10793,47,38873,RENT,7.7,VENTURE,E,5807,18.17,0.149,17.11,84.36,617,N,27,1
CUST-10794,36,33479,RENT,0.5,MEDICAL,B,8599,11.26,0.257,12.84,61.48,660,N,15,0
CUST-10795,24,55547,MORTGAGE,6.0,VENTURE,C,2666,11.64,0.048,7.32,42.9,702,N,3,0
CUST-10796,50,60853,RENT,1.4,VENTURE,A,1576,5.59,0.026,17.52,10.62,814,N,30,0
CUST-10797,24,28384,MORTGAGE,1.6,MEDICAL,B,7253,11.52,0.256,35.04,32.43,731,N,4,0
CUST-10798,57,105097,OWN,4.6,EDUCATION,B,9725,9.34,0.093,25.57,55.61,715,N,35,1
CUST-10799,22,27226,RENT,4.0,DEBTCONSOLIDATION,E,3994,19.72,0.147,12.88,83.84,601,Y,4,0
CUST-10800,42,18570,RENT,4.3,DEBTCONSOLIDATION,D,7589,15.09,0.409,20.01,95.28,598,N,21,0
CUST-10801,56,61603,RENT,5.2,VENTURE,C,16283,13.84,0.264,12.88,78.55,604,Y,34,1
CUST-10802,56,30018,RENT,7.5,PERSONAL,C,3885,11.51,0.129,30.35,66.46,624,N,34,0
CUST-10803,29,59443,RENT,1.5,MEDICAL,C,14586,15.05,0.245,18.61,45.32,730,N,8,0
CUST-10804,29,15000,RENT,8.8,MEDICAL,A,5054,8.48,0.337,23.8,100.0,709,N,8,1
CUST-10805,38,113037,RENT,2.7,VENTURE,C,2950,12.78,0.026,9.75,74.83,684,N,18,0
CUST-10806,36,73377,RENT,1.0,VENTURE,A,4549,5.26,0.062,4.11,74.27,746,N,17,0
CUST-10807,40,19924,MORTGAGE,2.2,MEDICAL,C,12645,,0.635,23.48,59.09,637,N,21,1
CUST-10808,33,20185,MORTGAGE,1.4,VENTURE,A,4762,7.07,0.236,9.86,54.22,809,N,13,0
CUST-10809,28,133700,MORTGAGE,1.3,PERSONAL,B,13936,9.85,0.104,19.09,85.54,703,N,6,0
CUST-10810,65,31494,MORTGAGE,1.7,HOMEIMPROVEMENT,B,6828,11.76,0.217,13.98,42.87,733,N,35,0
CUST-10811,20,29717,RENT,1.0,EDUCATION,B,3101,11.96,0.104,5.56,32.73,784,N,1,0
CUST-10812,64,15000,MORTGAGE,,VENTURE,C,4474,14.01,0.298,14.73,88.78,643,N,35,1
CUST-10813,32,39716,RENT,4.3,PERSONAL,B,8346,12.29,0.21,10.9,26.36,717,N,14,0
CUST-10814,23,42760,RENT,5.0,PERSONAL,E,4924,,0.115,7.42,54.65,595,N,5,0
CUST-10815,20,75304,MORTGAGE,2.0,PERSONAL,B,5798,10.14,0.077,17.51,27.11,689,N,1,1
CUST-10816,68,21174,RENT,7.3,DEBTCONSOLIDATION,C,1839,13.08,0.087,22.46,71.77,667,N,35,0
CUST-10817,59,19689,RENT,0.7,VENTURE,D,6751,17.51,0.343,34.51,80.63,649,N,35,1
CUST-10818,51,64252,MORTGAGE,4.2,EDUCATION,A,6970,7.12,0.108,29.2,35.56,777,N,33,0
CUST-10819,53,89683,OWN,1.6,HOMEIMPROVEMENT,C,3159,14.17,0.035,10.94,59.98,654,N,31,0
CUST-10820,47,19097,RENT,3.7,VENTURE,B,9629,9.92,0.504,42.23,57.82,599,N,27,1
CUST-10821,50,93798,RENT,2.0,VENTURE,A,12693,6.69,0.135,9.0,53.51,699,Y,32,0
CUST-10822,27,50137,MORTGAGE,7.8,MEDICAL,A,16387,8.46,0.327,31.82,66.72,814,N,8,1
CUST-10823,58,94379,MORTGAGE,11.1,PERSONAL,C,8469,13.5,0.09,15.12,32.06,617,Y,35,0
CUST-10824,45,46998,RENT,6.8,EDUCATION,A,11879,7.87,0.253,13.78,46.71,791,N,23,1
CUST-10825,53,15000,MORTGAGE,1.0,PERSONAL,A,11779,6.01,0.785,38.87,100.0,707,N,32,1
CUST-10826,22,44748,OWN,1.6,VENTURE,B,10466,11.31,0.234,6.65,30.09,666,Y,1,0
CUST-10827,69,92603,RENT,12.6,EDUCATION,B,9849,,0.106,9.64,82.11,724,N,35,0
CUST-10828,31,28674,OWN,2.9,MEDICAL,C,2735,15.56,0.095,29.17,83.82,704,N,9,0
CUST-10829,20,38840,OWN,2.0,EDUCATION,A,2849,7.19,0.073,27.44,62.69,773,N,1,0
CUST-10830,63,44104,RENT,2.5,PERSONAL,A,12950,7.0,0.294,17.42,43.39,762,N,35,0
CUST-10831,24,15000,MORTGAGE,6.0,DEBTCONSOLIDATION,B,22131,11.57,1.475,31.49,39.72,652,N,5,1
CUST-10832,49,133627,RENT,13.0,DEBTCONSOLIDATION,B,6000,10.44,0.045,8.51,51.45,626,N,29,0
CUST-10833,49,28543,MORTGAGE,5.4,PERSONAL,D,12423,17.36,0.435,23.2,70.24,595,Y,30,1
CUST-10834,36,66399,MORTGAGE,0.0,HOMEIMPROVEMENT,B,8755,10.14,0.132,30.13,57.68,705,N,14,0
CUST-10835,67,46535,RENT,2.6,MEDICAL,D,6949,17.36,0.149,18.61,52.85,608,Y,35,1
CUST-10836,66,104252,MORTGAGE,12.1,HOMEIMPROVEMENT,A,11909,7.41,0.114,13.4,39.88,827,N,35,0
CUST-10837,42,62544,MORTGAGE,10.8,PERSONAL,B,5869,11.54,0.094,24.63,56.08,646,N,22,0
CUST-10838,34,42575,RENT,1.0,PERSONAL,C,10677,14.88,0.251,26.78,56.3,639,N,15,0
CUST-10839,56,28678,RENT,2.5,HOMEIMPROVEMENT,C,9522,11.6,0.332,15.83,19.99,708,N,34,0
CUST-10840,40,79119,RENT,9.0,HOMEIMPROVEMENT,F,9249,22.43,0.117,30.27,49.5,553,N,22,1
CUST-10841,33,15929,MORTGAGE,4.3,MEDICAL,B,14984,12.7,0.941,33.44,61.04,662,N,15,1
CUST-10842,21,72224,OWN,3.0,HOMEIMPROVEMENT,B,4023,11.24,0.056,21.65,31.69,622,N,1,0
CUST-10843,30,25350,MORTGAGE,8.8,VENTURE,D,4045,19.43,0.16,24.91,51.98,596,N,12,1
CUST-10844,58,103919,RENT,11.9,PERSONAL,A,7057,6.39,0.068,23.42,44.66,715,Y,35,0
CUST-10845,57,54002,MORTGAGE,0.6,EDUCATION,A,4893,7.81,0.091,20.16,58.19,734,Y,35,1
CUST-10846,53,72147,RENT,0.8,PERSONAL,B,7459,11.09,0.103,25.27,48.4,780,N,35,0
CUST-10847,57,51492,RENT,0.4,HOMEIMPROVEMENT,A,6056,6.87,0.118,19.08,40.83,715,N,35,0
CUST-10848,69,17129,MORTGAGE,13.7,DEBTCONSOLIDATION,B,8004,9.02,0.467,31.27,84.76,677,N,35,1
CUST-10849,53,29247,RENT,3.2,MEDICAL,F,13267,24.6,0.454,42.27,73.63,562,N,31,1
CUST-10850,37,73381,MORTGAGE,0.3,VENTURE,B,4429,11.85,0.06,9.99,21.27,710,N,19,0
CUST-10851,49,54176,OWN,1.9,VENTURE,C,4067,14.17,0.075,9.05,37.49,702,N,30,0
CUST-10852,34,99567,MORTGAGE,2.2,EDUCATION,A,10570,7.56,0.106,26.31,40.02,779,N,13,0
CUST-10853,46,62440,MORTGAGE,8.3,EDUCATION,B,3758,10.67,0.06,24.88,67.27,676,N,25,0
CUST-10854,53,27446,RENT,6.6,EDUCATION,A,18303,8.25,0.667,26.53,27.0,768,N,33,0
CUST-10855,57,30404,OTHER,5.8,MEDICAL,B,15382,12.23,0.506,22.98,52.22,704,N,35,0
CUST-10856,52,52143,MORTGAGE,0.1,HOMEIMPROVEMENT,A,18546,6.65,0.356,37.25,55.76,688,N,30,0
CUST-10857,43,15000,MORTGAGE,12.1,EDUCATION,C,3398,13.63,0.227,10.12,23.52,726,N,23,0
CUST-10858,34,133795,RENT,1.2,MEDICAL,C,8811,13.06,0.066,13.96,52.35,613,N,13,0
CUST-10859,49,63898,MORTGAGE,5.0,VENTURE,B,4094,9.23,0.064,14.67,46.3,696,N,30,0
CUST-10860,61,102356,MORTGAGE,0.3,PERSONAL,A,19335,6.76,0.189,15.48,40.62,733,N,35,0
CUST-10861,36,18989,RENT,,MEDICAL,A,7333,7.76,0.386,20.09,60.97,754,N,15,0
CUST-10862,24,103439,MORTGAGE,0.0,PERSONAL,B,9156,10.14,0.089,15.63,40.46,707,N,5,0
CUST-10863,48,187006,OWN,4.2,MEDICAL,D,6015,16.53,0.032,14.93,92.6,630,N,27,0
CUST-10864,23,22191,RENT,5.0,VENTURE,B,10836,11.37,0.488,36.02,57.27,683,N,5,1
CUST-10865,29,77873,RENT,0.3,EDUCATION,B,7419,11.89,0.095,14.63,34.04,738,N,7,0
CUST-10866,36,49053,MORTGAGE,1.7,HOMEIMPROVEMENT,D,10918,19.68,0.223,12.78,55.85,586,Y,15,0
CUST-10867,29,19406,RENT,9.5,EDUCATION,A,8501,8.43,0.438,26.92,34.79,731,N,10,0
CUST-10868,36,65889,MORTGAGE,0.5,PERSONAL,B,13344,9.76,0.203,11.45,72.64,640,N,14,0
CUST-10869,39,80834,MORTGAGE,1.2,MEDICAL,B,12048,11.82,0.149,12.34,96.38,708,N,17,0
CUST-10870,43,34177,RENT,2.8,HOMEIMPROVEMENT,A,19978,7.12,0.585,21.58,21.19,803,N,22,0
CUST-10871,24,98671,MORTGAGE,6.0,PERSONAL,G,5630,23.66,0.057,7.44,66.04,491,N,3,0
CUST-10872,53,18032,MORTGAGE,1.5,EDUCATION,B,13594,11.25,0.754,27.86,78.42,762,N,32,0
CUST-10873,25,19993,MORTGAGE,7.0,VENTURE,A,8279,9.2,0.414,26.66,62.42,712,N,5,1
CUST-10874,21,53207,MORTGAGE,2.2,EDUCATION,A,12601,6.77,0.237,10.16,75.33,702,N,1,0
CUST-10875,32,49773,MORTGAGE,2.4,PERSONAL,B,6143,10.88,0.123,17.0,58.62,749,N,12,0
CUST-10876,62,31890,RENT,0.7,EDUCATION,B,3766,11.05,0.118,15.02,49.51,694,N,35,0
CUST-10877,62,79678,RENT,5.7,HOMEIMPROVEMENT,F,10923,20.86,0.137,11.05,98.15,496,N,35,1
CUST-10878,67,67409,RENT,1.4,DEBTCONSOLIDATION,B,5765,8.78,0.086,9.77,63.93,709,N,35,0
CUST-10879,30,82033,RENT,5.0,PERSONAL,C,4255,11.82,0.052,13.04,75.26,662,N,9,1
CUST-10880,66,45529,OWN,1.3,MEDICAL,A,6873,9.03,0.151,33.04,16.59,783,Y,35,0
CUST-10881,42,70371,RENT,2.5,PERSONAL,A,10713,6.94,0.152,23.67,17.0,738,N,24,0
CUST-10882,35,37519,MORTGAGE,9.7,VENTURE,B,20459,9.74,0.545,17.48,73.78,653,N,13,0
CUST-10883,50,168096,RENT,6.7,PERSONAL,D,7339,16.88,0.044,13.34,65.91,600,Y,28,1
CUST-10884,30,30105,RENT,0.8,PERSONAL,B,7945,12.06,0.264,31.45,81.56,699,N,8,1
CUST-10885,35,173369,OWN,4.7,HOMEIMPROVEMENT,B,7193,9.1,0.041,22.92,26.31,739,N,15,0
CUST-10886,27,50057,RENT,5.0,PERSONAL,B,7103,,0.142,31.9,39.69,647,N,5,0
CUST-10887,23,21476,MORTGAGE,0.5,EDUCATION,B,7128,12.27,0.332,22.78,40.65,687,N,5,0
CUST-10888,59,111396,RENT,3.1,DEBTCONSOLIDATION,A,9344,8.12,0.084,30.61,51.8,760,N,35,0
CUST-10889,23,52867,OWN,,DEBTCONSOLIDATION,C,6780,12.21,0.128,20.27,44.81,704,N,2,0
CUST-10890,44,81688,MORTGAGE,3.1,PERSONAL,B,13889,9.97,0.17,11.21,39.01,677,N,26,0
CUST-10891,22,102161,MORTGAGE,4.0,MEDICAL,B,9441,9.3,0.092,9.57,27.0,672,Y,2,0
CUST-10892,51,60040,RENT,0.9,MEDICAL,B,6315,11.27,0.105,6.76,60.1,723,N,31,0
CUST-10893,22,34360,MORTGAGE,0.7,MEDICAL,A,9949,8.73,0.29,9.29,39.77,670,N,1,0
CUST-10894,46,88029,OWN,1.6,DEBTCONSOLIDATION,B,15975,11.3,0.181,22.6,30.46,680,N,26,0
CUST-10895,48,49043,MORTGAGE,15.2,VENTURE,C,15370,13.7,0.313,13.88,48.0,671,N,28,0
CUST-10896,51,73977,RENT,6.9,VENTURE,A,11086,7.95,0.15,22.5,37.72,762,N,33,0
CUST-10897,69,15000,RENT,0.1,EDUCATION,C,19170,12.61,1.278,41.48,40.8,657,N,35,1
CUST-10898,38,64099,RENT,2.6,MEDICAL,B,19800,9.97,0.309,20.9,45.24,643,N,16,0
CUST-10899,40,33417,RENT,1.5,MEDICAL,D,5228,16.51,0.156,7.7,53.43,565,Y,19,0
CUST-10900,24,132188,MORTGAGE,5.1,EDUCATION,D,9018,16.17,0.068,8.87,34.71,657,N,2,0
CUST-10901,37,71243,RENT,3.1,PERSONAL,B,19460,10.5,0.273,9.88,55.02,697,N,15,0
CUST-10902,47,56608,RENT,16.7,PERSONAL,A,6244,5.56,0.11,9.99,39.7,742,N,29,0
CUST-10903,61,65629,MORTGAGE,1.2,PERSONAL,C,11412,14.56,0.174,14.45,82.68,622,N,35,0
CUST-10904,41,26928,MORTGAGE,4.4,EDUCATION,B,6785,9.21,0.252,15.88,28.17,701,N,20,0
CUST-10905,40,129826,MORTGAGE,6.0,EDUCATION,B,4144,7.97,0.032,14.3,97.65,683,Y,18,0
CUST-10906,25,161914,OWN,,EDUCATION,A,5920,6.64,0.037,13.89,17.41,780,N,6,0
CUST-10907,20,62053,RENT,2.0,MEDICAL,C,6100,13.24,0.098,9.43,63.03,613,Y,1,1
CUST-10908,24,127292,MORTGAGE,5.8,MEDICAL,B,14849,12.92,0.117,13.9,61.88,729,N,2,0
CUST-10909,60,34839,RENT,1.8,EDUCATION,B,17068,9.91,0.49,34.27,17.58,758,N,35,0
CUST-10910,31,30385,RENT,2.9,DEBTCONSOLIDATION,F,5466,22.25,0.18,24.42,73.75,552,N,13,1
CUST-10911,45,50239,RENT,11.3,MEDICAL,B,1535,10.88,0.031,11.32,60.61,657,N,24,0
CUST-10912,65,63637,RENT,15.0,HOMEIMPROVEMENT,C,17587,11.68,0.276,24.52,53.19,679,N,35,0
CUST-10913,53,38700,RENT,6.3,DEBTCONSOLIDATION,C,2969,13.37,0.077,4.92,65.79,633,N,34,1
CUST-10914,68,67687,RENT,2.3,PERSONAL,A,10502,7.18,0.155,6.18,59.9,732,N,35,0
CUST-10915,33,58913,OWN,8.6,MEDICAL,C,20481,13.6,0.348,24.55,55.46,655,N,12,0
CUST-10916,45,26930,MORTGAGE,0.1,MEDICAL,B,2844,11.01,0.106,8.65,66.22,691,N,25,1
CUST-10917,64,66921,OWN,0.5,EDUCATION,C,12527,14.52,0.187,20.27,74.97,634,N,35,0
CUST-10918,46,82299,MORTGAGE,5.4,PERSONAL,B,7185,9.47,0.087,24.9,71.94,724,N,24,0
CUST-10919,28,54332,RENT,1.7,HOMEIMPROVEMENT,B,8583,11.08,0.158,12.07,71.47,704,N,8,0
CUST-10920,45,97888,RENT,15.1,PERSONAL,B,7258,9.63,0.074,16.99,66.12,633,N,26,0
CUST-10921,66,23613,RENT,2.9,DEBTCONSOLIDATION,C,4121,12.41,0.175,17.89,58.55,686,N,35,0
CUST-10922,41,64910,RENT,2.8,HOMEIMPROVEMENT,B,12690,12.6,0.196,11.86,54.95,742,N,23,1
CUST-10923,66,24290,MORTGAGE,5.7,MEDICAL,C,8284,11.32,0.341,28.63,54.81,671,N,35,0
CUST-10924,49,25123,MORTGAGE,7.3,PERSONAL,A,3910,6.88,0.156,15.74,58.86,773,N,29,0
CUST-10925,62,33571,RENT,3.2,MEDICAL,C,26532,13.77,0.79,18.49,91.78,642,N,35,1
CUST-10926,67,27854,RENT,1.2,EDUCATION,B,6434,9.78,0.231,22.95,64.21,658,N,35,0
CUST-10927,36,35284,RENT,7.4,EDUCATION,B,4566,10.68,0.129,15.89,93.68,706,Y,17,0
CUST-10928,45,43109,RENT,1.9,HOMEIMPROVEMENT,A,9002,5.89,0.209,13.22,40.97,804,Y,25,0
CUST-10929,55,81007,RENT,1.0,EDUCATION,B,1486,8.29,0.018,3.15,100.0,710,N,35,0
CUST-10930,20,40429,MORTGAGE,2.0,MEDICAL,C,4091,12.45,0.101,15.39,47.78,708,Y,1,0
CUST-10931,27,18932,RENT,0.5,HOMEIMPROVEMENT,A,10253,7.68,0.542,17.22,21.61,810,N,7,0
CUST-10932,68,97152,MORTGAGE,17.8,PERSONAL,D,6802,16.29,0.07,13.57,46.4,609,N,35,0
CUST-10933,54,29665,RENT,5.0,MEDICAL,C,1000,14.26,0.034,20.48,58.38,634,N,33,0
CUST-10934,34,47323,RENT,16.0,MEDICAL,D,5393,14.79,0.114,28.26,60.64,595,Y,13,1
CUST-10935,66,64082,MORTGAGE,2.1,MEDICAL,B,6089,9.81,0.095,17.85,74.75,696,N,35,0
CUST-10936,41,55257,MORTGAGE,17.7,HOMEIMPROVEMENT,A,9619,7.41,0.174,27.61,73.44,716,N,19,0
CUST-10937,33,94514,RENT,0.8,DEBTCONSOLIDATION,B,10993,9.34,0.116,9.29,91.44,719,N,13,0
CUST-10938,45,65342,OWN,0.2,MEDICAL,B,9996,10.67,0.153,21.16,36.22,733,Y,25,0
CUST-10939,47,29237,RENT,0.2,MEDICAL,B,13249,10.16,0.453,16.7,77.27,635,N,25,0
CUST-10940,42,181160,RENT,3.1,MEDICAL,C,8218,14.08,0.045,17.38,26.99,712,N,23,0
CUST-10941,33,55083,MORTGAGE,0.4,VENTURE,C,4431,13.85,0.08,11.24,50.53,632,N,11,0
CUST-10942,43,44873,MORTGAGE,3.6,VENTURE,A,11185,5.28,0.249,12.33,50.66,740,N,23,0
CUST-10943,21,87409,RENT,2.0,EDUCATION,C,2882,15.27,0.033,17.12,61.61,661,N,1,1
CUST-10944,64,56935,RENT,2.0,PERSONAL,B,11816,7.89,0.208,18.25,73.57,671,N,35,0
CUST-10945,45,62288,MORTGAGE,5.0,DEBTCONSOLIDATION,B,3192,8.64,0.051,7.11,73.63,679,N,27,0
CUST-10946,33,218668,RENT,0.9,EDUCATION,A,6659,7.41,0.03,20.17,37.88,721,N,11,0
CUST-10947,26,41561,RENT,7.3,VENTURE,B,11279,10.86,0.271,10.93,71.12,700,N,5,0
CUST-10948,22,40511,MORTGAGE,4.0,HOMEIMPROVEMENT,C,4603,13.16,0.114,6.45,64.5,630,N,1,0
CUST-10949,66,52572,OWN,,EDUCATION,C,17769,12.85,0.338,12.82,53.31,663,N,35,0
CUST-10950,42,93237,RENT,2.3,VENTURE,B,2993,10.4,0.032,10.86,34.37,654,Y,21,0
CUST-10951,65,19852,MORTGAGE,20.3,PERSONAL,C,8907,14.13,0.449,33.2,49.63,666,N,35,0
CUST-10952,62,15073,MORTGAGE,4.3,DEBTCONSOLIDATION,A,7563,6.12,0.502,30.25,53.03,711,N,35,0
CUST-10953,66,34466,RENT,18.1,PERSONAL,D,9778,15.16,0.284,14.79,58.1,645,N,35,1
CUST-10954,64,18391,MORTGAGE,0.1,MEDICAL,B,7195,9.46,0.391,29.73,68.66,728,N,35,0
CUST-10955,37,37990,OWN,6.5,MEDICAL,C,27761,15.08,0.731,32.73,52.26,575,N,15,1
CUST-10956,57,66270,RENT,8.5,HOMEIMPROVEMENT,B,15411,10.95,0.233,31.47,31.34,729,N,35,0
CUST-10957,54,28725,RENT,0.3,PERSONAL,A,10079,8.19,0.351,17.07,33.96,659,Y,35,1
CUST-10958,34,20824,OWN,4.3,MEDICAL,B,18524,12.41,0.89,26.7,52.95,659,N,13,1
CUST-10959,44,51103,MORTGAGE,8.1,EDUCATION,B,10971,,0.215,16.59,46.94,736,Y,26,0
CUST-10960,56,82250,RENT,4.1,EDUCATION,B,9531,10.69,0.116,4.42,53.98,681,N,35,0
CUST-10961,47,17730,MORTGAGE,0.3,HOMEIMPROVEMENT,A,4061,9.37,0.229,19.03,41.92,805,Y,29,0
CUST-10962,29,80188,MORTGAGE,5.9,PERSONAL,C,17859,12.33,0.223,24.05,63.21,675,N,7,1
CUST-10963,58,80048,MORTGAGE,0.3,VENTURE,A,1870,7.18,0.023,11.72,44.15,735,N,35,0
CUST-10964,36,86894,OWN,8.5,HOMEIMPROVEMENT,D,13242,17.89,0.152,18.5,57.76,590,N,17,0
CUST-10965,58,101832,RENT,0.2,DEBTCONSOLIDATION,A,12202,5.0,0.12,15.05,34.26,803,N,35,0
CUST-10966,41,183727,RENT,0.7,VENTURE,F,11600,21.04,0.063,6.37,68.55,513,N,21,1
CUST-10967,45,39590,MORTGAGE,1.6,EDUCATION,F,2195,22.95,0.055,11.37,80.35,465,N,27,0
CUST-10968,63,52351,RENT,5.0,MEDICAL,B,7160,10.63,0.137,10.21,72.84,668,Y,35,1
CUST-10969,44,38182,MORTGAGE,18.7,DEBTCONSOLIDATION,F,7239,22.62,0.19,20.21,56.24,534,N,23,1
CUST-10970,36,49078,RENT,0.6,HOMEIMPROVEMENT,D,6187,14.2,0.126,11.17,42.99,583,Y,17,0
CUST-10971,32,122973,RENT,0.8,MEDICAL,A,1932,6.49,0.016,3.22,54.94,834,N,11,0
CUST-10972,39,21872,RENT,2.3,DEBTCONSOLIDATION,E,6945,20.28,0.318,29.4,40.27,547,Y,21,0
CUST-10973,44,29242,MORTGAGE,9.0,HOMEIMPROVEMENT,A,4307,6.42,0.147,24.06,52.83,728,N,23,0
CUST-10974,23,112006,MORTGAGE,3.1,DEBTCONSOLIDATION,A,10242,8.49,0.091,4.18,77.77,716,N,5,0
CUST-10975,29,90402,MORTGAGE,1.9,VENTURE,B,11415,10.84,0.126,24.68,67.86,731,N,11,1
CUST-10976,22,39423,RENT,4.0,HOMEIMPROVEMENT,A,7774,6.09,0.197,17.27,44.83,740,N,1,0
CUST-10977,60,81849,RENT,1.5,HOMEIMPROVEMENT,A,6309,7.91,0.077,8.04,25.4,778,N,35,0
CUST-10978,64,60157,MORTGAGE,2.6,PERSONAL,E,3605,20.4,0.06,31.35,61.15,610,Y,35,1
CUST-10979,37,120591,RENT,,DEBTCONSOLIDATION,G,4295,24.93,0.036,12.97,65.77,513,Y,15,1
CUST-10980,66,51262,MORTGAGE,8.2,EDUCATION,C,11625,14.14,0.227,12.0,51.13,661,N,35,0
CUST-10981,55,90706,MORTGAGE,12.9,MEDICAL,B,3970,,0.044,4.82,69.71,658,N,35,0
CUST-10982,66,239236,RENT,7.1,HOMEIMPROVEMENT,D,15785,19.21,0.066,13.75,37.05,557,N,35,1
CUST-10983,41,70182,MORTGAGE,2.9,VENTURE,A,10943,10.88,0.156,6.81,76.43,698,N,19,1
CUST-10984,53,50493,RENT,3.5,HOMEIMPROVEMENT,E,8169,21.21,0.162,26.5,74.29,573,Y,35,1
CUST-10985,66,75619,MORTGAGE,0.7,EDUCATION,B,10808,10.64,0.143,6.84,76.26,781,N,35,0
CUST-10986,27,39372,RENT,6.9,EDUCATION,D,5716,16.01,0.145,15.48,80.65,590,N,5,1
CUST-10987,59,205413,RENT,4.5,PERSONAL,C,16576,13.04,0.081,11.75,78.68,686,Y,35,0
CUST-10988,68,54613,MORTGAGE,11.6,MEDICAL,F,1908,22.94,0.035,14.14,58.87,548,Y,35,1
CUST-10989,63,41616,MORTGAGE,1.1,VENTURE,D,8768,17.78,0.211,31.09,61.09,611,N,35,1
CUST-10990,38,29690,MORTGAGE,7.1,EDUCATION,D,2831,15.72,0.095,15.8,51.7,601,N,16,0
CUST-10991,61,94687,MORTGAGE,5.8,MEDICAL,C,11532,13.47,0.122,15.09,26.21,635,N,35,0
CUST-10992,60,82480,MORTGAGE,1.5,EDUCATION,D,7970,18.01,0.097,19.5,61.39,594,N,35,0
CUST-10993,56,36373,RENT,5.5,HOMEIMPROVEMENT,C,11180,13.38,0.307,16.67,23.21,671,N,35,0
CUST-10994,25,69277,MORTGAGE,7.0,PERSONAL,A,2759,7.63,0.04,4.59,43.72,780,N,6,0
CUST-10995,45,19828,MORTGAGE,12.5,VENTURE,C,17428,15.15,0.879,25.68,42.78,635,N,27,0
CUST-10996,53,54774,RENT,6.4,EDUCATION,A,3295,8.96,0.06,4.99,43.67,735,N,35,0
CUST-10997,64,64321,MORTGAGE,0.2,PERSONAL,D,5307,17.47,0.083,16.51,55.81,590,N,35,1
CUST-10998,25,136543,OWN,7.0,HOMEIMPROVEMENT,A,13322,6.22,0.098,20.73,51.71,785,N,5,0
CUST-10999,56,30869,RENT,5.4,MEDICAL,F,10266,20.73,0.333,18.15,56.75,561,N,35,0
CUST-11000,52,22765,OWN,1.9,MEDICAL,B,9536,9.62,0.419,30.99,45.6,752,N,31,0
CUST-11001,41,28645,RENT,1.0,VENTURE,A,9971,6.87,0.348,31.62,36.83,722,N,20,1
CUST-11002,40,21983,RENT,0.6,VENTURE,E,1434,19.76,0.065,2.5,66.53,548,N,18,0
CUST-11003,25,109315,RENT,0.3,VENTURE,A,2823,7.39,0.026,15.45,34.77,808,N,3,0
CUST-11004,25,124142,MORTGAGE,7.0,VENTURE,B,3828,10.31,0.031,6.01,58.27,746,N,4,0
CUST-11005,67,59404,RENT,1.3,MEDICAL,C,4864,13.19,0.082,14.59,38.71,615,Y,35,1
CUST-11006,23,102004,OWN,0.1,EDUCATION,B,7335,9.45,0.072,23.85,47.49,669,N,5,0
CUST-11007,49,53123,MORTGAGE,,EDUCATION,B,2423,9.95,0.046,6.03,73.83,709,N,30,0
CUST-11008,30,46301,MORTGAGE,3.3,DEBTCONSOLIDATION,C,1461,16.42,0.032,25.23,20.22,693,N,10,0
CUST-11009,49,40141,RENT,0.9,DEBTCONSOLIDATION,E,2546,20.34,0.063,34.5,89.76,538,N,30,1
CUST-11010,50,40691,OWN,0.2,EDUCATION,A,13904,7.52,0.342,26.56,64.91,753,N,29,0
CUST-11011,43,19366,MORTGAGE,1.0,PERSONAL,A,1803,5.7,0.093,9.8,71.54,788,N,25,0
CUST-11012,28,57443,MORTGAGE,5.7,EDUCATION,B,3993,9.31,0.07,26.37,48.22,693,N,10,0
CUST-11013,22,47848,MORTGAGE,0.4,VENTURE,B,6825,10.45,0.143,10.32,53.25,697,N,1,0
CUST-11014,50,76666,MORTGAGE,4.0,PERSONAL,B,6761,12.13,0.088,10.04,28.9,750,N,32,0
CUST-11015,59,51850,MORTGAGE,0.8,HOMEIMPROVEMENT,A,11042,7.77,0.213,9.32,36.37,735,N,35,0
CUST-11016,56,44461,RENT,1.1,DEBTCONSOLIDATION,B,5128,,0.115,16.01,48.13,744,Y,35,0
CUST-11017,55,29064,RENT,2.5,DEBTCONSOLIDATION,D,5976,17.83,0.206,13.44,49.63,605,N,35,1
CUST-11018,43,51189,RENT,0.5,PERSONAL,A,6769,6.33,0.132,12.68,36.89,712,N,25,0
CUST-11019,50,76339,RENT,1.0,DEBTCONSOLIDATION,A,8349,9.19,0.109,8.18,30.15,769,N,32,0
CUST-11020,25,24686,MORTGAGE,2.1,VENTURE,C,8944,13.04,0.362,15.28,31.19,628,N,4,1
CUST-11021,21,51662,OWN,2.0,PERSONAL,A,3816,8.89,0.074,9.59,56.35,709,N,1,0
CUST-11022,39,56377,OWN,6.9,EDUCATION,C,6186,15.5,0.11,9.42,69.17,719,N,18,0
CUST-11023,47,31861,MORTGAGE,0.4,VENTURE,B,7368,9.41,0.231,15.92,43.16,715,N,25,0
CUST-11024,30,34450,MORTGAGE,9.8,DEBTCONSOLIDATION,B,12432,10.5,0.361,26.4,80.77,689,N,12,0
CUST-11025,23,56295,RENT,5.0,PERSONAL,B,3239,11.45,0.058,6.59,44.72,689,Y,4,0
CUST-11026,34,24833,MORTGAGE,7.3,PERSONAL,B,17184,10.16,0.692,19.42,23.3,754,N,15,0
CUST-11027,25,60473,RENT,1.9,MEDICAL,D,5768,16.19,0.095,25.33,48.9,666,N,6,0
CUST-11028,68,28646,RENT,8.7,DEBTCONSOLIDATION,E,6207,19.02,0.217,11.28,67.07,551,Y,35,0
CUST-11029,49,92754,MORTGAGE,1.0,DEBTCONSOLIDATION,B,2821,8.27,0.03,5.78,59.46,709,N,29,0
CUST-11030,57,199325,RENT,0.7,EDUCATION,B,6793,11.77,0.034,16.46,49.76,687,N,35,0
CUST-11031,21,29247,RENT,0.2,EDUCATION,A,2200,6.29,0.075,13.4,48.12,777,N,3,1
CUST-11032,34,67543,MORTGAGE,14.0,DEBTCONSOLIDATION,C,12412,,0.184,22.75,71.56,638,N,12,1
CUST-11033,30,31696,RENT,1.8,VENTURE,B,19386,11.76,0.612,26.86,52.57,632,N,9,0
CUST-11034,27,91543,RENT,9.0,DEBTCONSOLIDATION,A,10104,8.08,0.11,11.49,91.67,714,N,8,0
CUST-11035,45,22944,RENT,1.6,HOMEIMPROVEMENT,A,13726,,0.598,24.85,36.17,786,N,27,1
CUST-11036,64,65404,RENT,11.9,EDUCATION,A,13248,8.8,0.203,31.16,94.87,725,N,35,0
CUST-11037,63,29033,RENT,11.7,VENTURE,A,10041,8.3,0.346,13.26,32.69,777,Y,35,0
CUST-11038,24,43295,MORTGAGE,,PERSONAL,C,11276,13.5,0.26,7.66,78.5,663,N,6,0
CUST-11039,25,26407,RENT,3.4,HOMEIMPROVEMENT,E,8121,19.08,0.308,35.08,50.22,545,Y,5,1
CUST-11040,45,80290,MORTGAGE,10.0,VENTURE,C,10482,13.35,0.131,10.82,68.76,645,N,23,0
CUST-11041,23,29667,RENT,5.0,DEBTCONSOLIDATION,B,9901,10.75,0.334,19.23,83.66,678,N,5,1
CUST-11042,38,68266,MORTGAGE,2.0,DEBTCONSOLIDATION,B,15025,9.55,0.22,15.4,42.26,687,N,18,1
CUST-11043,39,39876,MORTGAGE,2.7,PERSONAL,B,7674,11.84,0.192,14.52,57.12,638,N,17,0
CUST-11044,52,45766,MORTGAGE,6.4,PERSONAL,B,19441,11.17,0.425,9.98,55.61,696,N,30,0
CUST-11045,39,53565,MORTGAGE,1.8,MEDICAL,B,7482,10.34,0.14,11.13,56.76,680,N,19,0
CUST-11046,68,31036,OWN,7.0,HOMEIMPROVEMENT,A,6282,9.59,0.202,19.49,52.52,753,Y,35,0
CUST-11047,31,55615,RENT,0.4,HOMEIMPROVEMENT,B,14006,10.14,0.252,23.46,64.15,718,Y,10,0
CUST-11048,66,122786,MORTGAGE,3.7,DEBTCONSOLIDATION,B,7793,12.36,0.063,9.51,83.53,722,N,35,0
CUST-11049,20,30734,OWN,0.7,VENTURE,A,5678,7.85,0.185,35.26,63.13,730,N,1,0
CUST-11050,45,99020,RENT,1.7,EDUCATION,A,4633,8.41,0.047,6.92,29.01,727,N,25,0
CUST-11051,33,120434,RENT,,PERSONAL,A,7518,7.06,0.062,20.39,66.59,745,N,12,0
CUST-11052,57,30040,RENT,9.1,EDUCATION,B,5923,8.26,0.197,25.14,32.35,738,N,35,0
CUST-11053,56,20475,MORTGAGE,1.1,VENTURE,B,14060,11.08,0.687,27.45,60.76,682,N,35,0
CUST-11054,30,58757,RENT,8.3,DEBTCONSOLIDATION,A,11578,6.07,0.197,33.56,36.43,726,N,12,0
CUST-11055,55,35297,RENT,7.9,EDUCATION,A,9719,6.76,0.275,28.56,35.69,711,N,35,1
CUST-11056,32,150416,RENT,3.5,HOMEIMPROVEMENT,A,25462,7.59,0.169,26.67,69.44,768,N,12,0
CUST-11057,62,50055,MORTGAGE,1.3,EDUCATION,E,15240,18.73,0.304,32.01,62.06,560,N,35,0
CUST-11058,22,30293,RENT,1.3,EDUCATION,B,21073,10.46,0.696,24.75,42.2,665,N,3,1
CUST-11059,52,24629,RENT,3.1,MEDICAL,A,5274,7.74,0.214,21.23,16.56,722,N,32,0
CUST-11060,25,94272,MORTGAGE,0.0,MEDICAL,C,16826,11.73,0.178,15.69,52.13,673,N,4,0
CUST-11061,69,34797,OWN,3.8,DEBTCONSOLIDATION,A,11564,7.83,0.332,28.74,45.18,755,N,35,1
CUST-11062,29,50327,MORTGAGE,11.0,MEDICAL,B,5289,9.75,0.105,25.6,35.25,677,N,10,0
CUST-11063,24,86984,MORTGAGE,,EDUCATION,A,3967,6.22,0.046,16.16,26.45,770,N,6,0
CUST-11064,42,36660,RENT,4.3,HOMEIMPROVEMENT,F,9025,19.6,0.246,38.21,83.69,566,N,22,1
CUST-11065,29,47688,RENT,11.0,DEBTCONSOLIDATION,F,8129,20.13,0.17,9.45,45.53,553,Y,11,1
CUST-11066,63,48535,RENT,9.8,VENTURE,C,2326,13.53,0.048,15.9,100.0,657,N,35,0
CUST-11067,21,73865,MORTGAGE,3.0,EDUCATION,C,6305,13.55,0.085,4.41,39.62,709,N,1,0
CUST-11068,32,69873,RENT,8.6,EDUCATION,B,2517,11.12,0.036,6.94,38.1,746,N,12,0
CUST-11069,59,42956,MORTGAGE,1.8,PERSONAL,F,5411,24.06,0.126,8.12,61.36,532,Y,35,1
CUST-11070,21,50929,OTHER,3.0,PERSONAL,B,10822,12.13,0.212,9.22,57.57,735,N,3,0
CUST-11071,39,39219,RENT,14.2,DEBTCONSOLIDATION,A,14894,8.69,0.38,23.48,85.84,773,Y,18,0
CUST-11072,20,20199,RENT,2.0,PERSONAL,A,14581,8.92,0.722,33.87,67.18,731,N,1,1
CUST-11073,56,57214,RENT,2.2,MEDICAL,A,4141,7.72,0.072,16.44,70.84,806,N,34,0
CUST-11074,28,152560,RENT,2.7,VENTURE,B,3278,10.7,0.021,10.51,53.9,759,N,9,0
CUST-11075,36,28847,RENT,2.0,HOMEIMPROVEMENT,A,3187,9.34,0.11,22.74,78.39,792,N,17,0
CUST-11076,28,30828,MORTGAGE,1.2,PERSONAL,C,8526,13.76,0.277,20.43,76.26,672,N,6,1
CUST-11077,30,29072,RENT,4.8,MEDICAL,B,25445,10.79,0.875,23.51,44.89,733,N,11,0
CUST-11078,34,75716,RENT,4.1,EDUCATION,D,4050,17.9,0.053,6.41,76.54,598,Y,14,0
CUST-11079,43,64157,RENT,3.1,EDUCATION,B,14033,10.17,0.219,25.4,51.44,738,N,23,0
CUST-11080,57,44572,OWN,0.5,EDUCATION,C,4734,13.34,0.106,26.44,68.32,605,N,35,0
CUST-11081,54,28259,MORTGAGE,8.0,MEDICAL,B,2831,8.87,0.1,33.63,59.09,689,N,32,0
CUST-11082,49,51814,OWN,1.0,PERSONAL,D,2014,15.94,0.039,11.91,100.0,522,N,29,1
CUST-11083,50,19172,OWN,0.6,EDUCATION,A,6395,7.1,0.334,14.07,41.9,764,N,28,0
CUST-11084,68,53426,MORTGAGE,4.9,PERSONAL,A,6991,7.17,0.131,18.71,62.6,786,Y,35,0
CUST-11085,24,82695,RENT,2.5,DEBTCONSOLIDATION,C,12441,14.47,0.15,7.88,37.42,708,N,5,0
CUST-11086,63,23139,RENT,0.3,MEDICAL,C,29462,12.29,1.273,27.96,26.2,642,N,35,1
CUST-11087,69,19545,RENT,2.2,HOMEIMPROVEMENT,B,10102,12.29,0.517,34.46,78.96,708,N,35,1
CUST-11088,33,126457,MORTGAGE,7.4,PERSONAL,B,17758,8.03,0.14,22.88,77.78,699,N,12,0
CUST-11089,30,33960,RENT,4.8,HOMEIMPROVEMENT,A,9828,8.22,0.289,16.97,46.66,813,Y,8,0
CUST-11090,28,96912,RENT,2.3,EDUCATION,A,7651,8.48,0.079,9.12,49.34,762,N,6,0
CUST-11091,53,44694,MORTGAGE,1.1,PERSONAL,E,34375,,0.769,20.63,63.75,635,N,32,1
CUST-11092,31,44481,MORTGAGE,5.0,VENTURE,A,2576,8.81,0.058,10.91,39.25,794,N,9,0
CUST-11093,54,63770,MORTGAGE,10.9,VENTURE,C,9037,13.25,0.142,19.42,42.25,676,N,35,0
CUST-11094,54,28842,RENT,5.2,DEBTCONSOLIDATION,C,10275,15.0,0.356,13.09,77.1,631,N,35,1
CUST-11095,20,53076,MORTGAGE,2.0,HOMEIMPROVEMENT,A,6681,6.67,0.126,14.53,29.49,712,N,1,0
CUST-11096,59,38991,MORTGAGE,3.7,PERSONAL,A,13321,6.77,0.342,25.84,53.8,753,N,35,0
CUST-11097,41,22196,RENT,6.3,EDUCATION,B,5743,12.98,0.259,28.44,38.47,703,N,23,0
CUST-11098,48,60023,MORTGAGE,11.3,MEDICAL,C,2614,13.71,0.044,4.79,82.0,609,Y,27,1
CUST-11099,27,41857,OWN,7.4,PERSONAL,A,5391,8.64,0.129,6.41,66.27,788,N,6,0
CUST-11100,30,44613,RENT,12.0,HOMEIMPROVEMENT,A,15771,8.1,0.354,17.76,74.61,756,N,11,0
CUST-11101,60,23715,RENT,2.8,MEDICAL,A,7818,8.37,0.33,31.25,57.33,771,Y,35,0
CUST-11102,56,127368,MORTGAGE,11.7,DEBTCONSOLIDATION,A,2995,5.09,0.024,12.21,67.1,809,N,35,0
CUST-11103,33,82952,RENT,4.9,MEDICAL,A,6292,7.95,0.076,13.33,54.4,723,Y,15,1
CUST-11104,49,87421,MORTGAGE,10.2,MEDICAL,B,14931,10.52,0.171,14.59,89.35,627,N,31,0
CUST-11105,54,40812,RENT,0.2,PERSONAL,A,3779,8.67,0.093,23.09,31.21,729,N,35,0
CUST-11106,40,17369,MORTGAGE,5.4,PERSONAL,C,3470,12.55,0.2,25.07,36.12,711,N,20,0
CUST-11107,56,158221,MORTGAGE,9.4,HOMEIMPROVEMENT,A,6731,8.93,0.043,22.62,55.53,750,N,35,0
CUST-11108,24,47256,MORTGAGE,1.0,DEBTCONSOLIDATION,C,11555,12.05,0.245,13.54,60.53,643,N,4,0
CUST-11109,38,31279,RENT,5.4,EDUCATION,B,11572,9.96,0.37,18.21,65.4,682,N,16,0
CUST-11110,33,62949,RENT,8.7,HOMEIMPROVEMENT,D,4832,14.61,0.077,17.08,91.72,610,Y,12,0
CUST-11111,45,98742,RENT,1.7,VENTURE,A,6158,6.2,0.062,11.14,16.57,730,N,23,0
CUST-11112,23,48347,RENT,2.6,DEBTCONSOLIDATION,A,7352,7.51,0.152,19.54,34.14,733,N,5,0
CUST-11113,44,105571,RENT,4.2,EDUCATION,D,1188,18.14,0.011,8.78,100.0,647,Y,24,1
CUST-11114,64,93882,MORTGAGE,3.7,MEDICAL,D,9528,16.54,0.101,24.16,26.36,701,N,35,0
CUST-11115,61,25698,RENT,0.2,EDUCATION,A,7605,5.96,0.296,10.13,40.89,721,N,35,0
CUST-11116,44,32719,MORTGAGE,0.5,MEDICAL,A,13695,5.0,0.419,17.91,60.29,731,N,26,0
CUST-11117,37,87074,RENT,0.5,EDUCATION,D,6947,17.31,0.08,4.11,77.31,590,N,18,1
CUST-11118,59,15000,MORTGAGE,1.5,MEDICAL,A,8425,6.71,0.562,18.77,23.13,806,N,35,0
CUST-11119,27,44816,OWN,1.4,VENTURE,D,11184,15.87,0.25,29.19,79.78,637,N,8,1
CUST-11120,58,20774,RENT,6.8,PERSONAL,F,4704,23.29,0.226,10.82,86.05,521,Y,35,1
CUST-11121,59,36829,MORTGAGE,4.3,VENTURE,A,4228,7.34,0.115,4.34,36.79,732,N,35,0
CUST-11122,33,40974,MORTGAGE,7.2,VENTURE,D,10708,16.14,0.261,39.53,72.89,665,N,14,1
CUST-11123,51,39539,MORTGAGE,0.4,HOMEIMPROVEMENT,B,9790,10.69,0.248,24.42,62.47,701,N,32,0
CUST-11124,57,35194,MORTGAGE,3.3,MEDICAL,C,6376,15.28,0.181,24.7,58.87,649,N,35,0
CUST-11125,52,25379,RENT,2.0,PERSONAL,B,9109,10.8,0.359,15.04,52.74,624,N,32,1
CUST-11126,42,193909,RENT,9.5,MEDICAL,A,9849,5.0,0.051,12.0,60.38,778,N,20,0
CUST-11127,34,150313,RENT,6.2,PERSONAL,C,7849,12.52,0.052,21.7,69.33,650,N,12,1
CUST-11128,52,24410,MORTGAGE,10.2,VENTURE,A,8958,7.16,0.367,22.81,24.85,754,N,34,0
CUST-11129,44,126661,OTHER,0.2,PERSONAL,E,11685,20.54,0.092,5.09,47.02,574,Y,23,1
CUST-11130,36,38573,MORTGAGE,6.4,EDUCATION,B,14275,9.01,0.37,36.93,52.83,733,N,17,0
CUST-11131,52,52971,RENT,3.9,PERSONAL,A,8087,7.68,0.153,13.63,42.18,672,N,30,0
CUST-11132,66,47194,MORTGAGE,8.7,PERSONAL,A,8832,7.4,0.187,21.14,18.77,708,N,35,0
CUST-11133,21,32996,MORTGAGE,3.0,DEBTCONSOLIDATION,D,4454,17.72,0.135,17.22,64.72,679,N,1,0
CUST-11134,33,88460,RENT,3.9,DEBTCONSOLIDATION,B,14487,9.3,0.164,37.13,53.47,657,N,13,0
CUST-11135,59,52866,RENT,0.3,MEDICAL,D,9842,16.7,0.186,30.03,89.73,583,N,35,0
CUST-11136,59,36830,RENT,5.5,EDUCATION,A,7245,9.34,0.197,22.78,45.99,794,N,35,0
CUST-11137,58,22409,MORTGAGE,1.6,DEBTCONSOLIDATION,B,6110,11.58,0.273,26.1,60.59,702,N,35,0
CUST-11138,25,28676,MORTGAGE,0.1,DEBTCONSOLIDATION,D,11653,17.22,0.406,11.44,80.04,612,Y,7,1
CUST-11139,25,18309,RENT,0.3,HOMEIMPROVEMENT,A,20800,7.13,1.136,42.27,53.68,806,N,5,1
CUST-11140,22,49381,RENT,4.0,MEDICAL,B,12490,10.68,0.253,35.06,50.48,680,N,2,1
CUST-11141,26,23908,MORTGAGE,2.1,PERSONAL,D,4667,16.36,0.195,6.01,37.61,591,Y,6,0
CUST-11142,27,41800,OWN,9.0,PERSONAL,B,4665,11.53,0.112,15.45,66.82,727,N,8,0
CUST-11143,61,111531,MORTGAGE,16.1,HOMEIMPROVEMENT,C,6164,14.13,0.055,36.18,60.99,656,N,35,1
CUST-11144,34,100667,MORTGAGE,14.3,HOMEIMPROVEMENT,D,6082,15.75,0.06,10.35,62.94,646,N,16,0
CUST-11145,66,48080,RENT,10.7,MEDICAL,B,8501,12.59,0.177,27.11,21.07,677,N,35,0
CUST-11146,48,46525,MORTGAGE,11.3,EDUCATION,D,10300,17.95,0.221,39.69,92.26,617,Y,30,0
CUST-11147,52,151436,RENT,1.7,VENTURE,C,15955,12.46,0.105,4.7,89.82,647,Y,30,0
CUST-11148,49,67000,MORTGAGE,0.8,HOMEIMPROVEMENT,C,23439,13.09,0.35,13.16,65.88,636,Y,29,1
CUST-11149,58,40268,RENT,5.1,VENTURE,A,5053,7.31,0.125,12.31,34.21,705,N,35,1
CUST-11150,46,20834,MORTGAGE,3.3,VENTURE,E,32218,20.48,1.546,50.91,78.87,555,N,28,1
CUST-11151,55,62088,RENT,0.5,EDUCATION,C,10133,12.53,0.163,5.66,62.51,631,N,35,1
CUST-11152,48,80627,MORTGAGE,5.7,EDUCATION,A,2215,6.7,0.027,18.35,24.49,794,N,26,0
CUST-11153,57,33557,RENT,4.1,VENTURE,B,8053,11.55,0.24,17.82,58.44,720,N,35,1
CUST-11154,52,58379,RENT,9.9,HOMEIMPROVEMENT,B,9137,11.17,0.157,34.51,34.42,716,N,34,0
CUST-11155,56,39413,MORTGAGE,4.7,PERSONAL,C,3136,11.16,0.08,18.57,64.4,644,N,35,0
CUST-11156,46,43896,RENT,4.3,PERSONAL,G,4867,25.29,0.111,15.67,88.6,469,N,25,1
CUST-11157,52,15000,OWN,2.9,VENTURE,A,16287,5.73,1.086,26.16,40.26,758,N,30,0
CUST-11158,23,42913,MORTGAGE,3.1,EDUCATION,E,5465,18.74,0.127,18.12,54.08,620,N,2,0
CUST-11159,41,87695,MORTGAGE,15.4,MEDICAL,A,25019,7.06,0.285,17.15,32.16,720,N,19,0
CUST-11160,21,33562,MORTGAGE,,VENTURE,B,4874,9.94,0.145,12.74,53.31,716,N,1,0
CUST-11161,29,50590,MORTGAGE,3.0,HOMEIMPROVEMENT,B,27182,9.72,0.537,24.2,51.0,684,N,7,0
CUST-11162,24,31145,MORTGAGE,5.3,HOMEIMPROVEMENT,A,8066,6.25,0.259,23.01,21.5,750,N,2,0
CUST-11163,29,60855,OWN,2.8,EDUCATION,B,6181,11.11,0.102,2.79,59.99,695,N,10,0
CUST-11164,52,43048,RENT,1.7,MEDICAL,D,17019,14.56,0.395,11.93,44.27,626,N,33,1
CUST-11165,57,27902,RENT,1.7,PERSONAL,A,3173,6.86,0.114,14.64,25.55,745,N,35,0
CUST-11166,32,109046,MORTGAGE,1.3,HOMEIMPROVEMENT,A,8963,8.45,0.082,35.51,35.46,732,N,14,0
CUST-11167,50,85593,RENT,2.1,HOMEIMPROVEMENT,C,5856,13.98,0.068,5.4,36.32,595,N,29,0
CUST-11168,66,34100,RENT,10.3,EDUCATION,C,10726,11.84,0.315,22.44,41.45,658,N,35,0
CUST-11169,55,66083,RENT,3.5,PERSONAL,E,13167,17.18,0.199,23.18,70.65,591,N,35,0
CUST-11170,64,67673,RENT,1.4,PERSONAL,A,13701,6.19,0.202,13.68,25.01,752,Y,35,0
CUST-11171,43,72069,MORTGAGE,2.4,MEDICAL,D,12267,13.89,0.17,19.25,33.74,607,Y,23,1
CUST-11172,34,17737,MORTGAGE,0.6,PERSONAL,B,4903,10.61,0.276,8.42,16.33,752,N,12,0
CUST-11173,48,89676,OTHER,11.7,VENTURE,A,6245,6.95,0.07,23.07,49.99,807,N,28,0
CUST-11174,27,34828,MORTGAGE,2.6,VENTURE,F,10693,21.54,0.307,23.22,53.71,568,N,9,0
CUST-11175,24,39549,RENT,6.0,VENTURE,A,10765,8.11,0.272,18.38,44.33,762,N,3,0
CUST-11176,48,238644,RENT,2.1,HOMEIMPROVEMENT,C,23998,14.55,0.101,8.76,49.73,653,N,27,0
CUST-11177,66,58754,RENT,9.1,EDUCATION,C,3522,13.79,0.06,12.17,57.3,613,Y,35,1
CUST-11178,23,38878,MORTGAGE,1.5,DEBTCONSOLIDATION,B,19504,10.23,0.502,16.6,70.77,633,N,2,1
CUST-11179,31,15000,RENT,0.4,PERSONAL,C,4658,12.66,0.311,10.68,64.59,698,N,13,0
CUST-11180,64,112854,RENT,0.2,PERSONAL,B,7369,10.08,0.065,20.47,78.07,704,N,35,0
CUST-11181,21,21870,OWN,3.0,EDUCATION,A,14549,7.75,0.665,22.54,34.67,850,N,1,0
CUST-11182,46,26847,MORTGAGE,1.9,MEDICAL,C,5176,14.61,0.193,10.11,79.5,630,N,28,0
CUST-11183,50,40182,RENT,2.9,PERSONAL,E,11181,17.83,0.278,20.62,57.92,585,N,30,0
CUST-11184,55,114673,RENT,8.5,MEDICAL,B,11996,9.15,0.105,10.64,60.37,736,N,33,0
CUST-11185,55,77959,MORTGAGE,1.4,EDUCATION,G,10219,24.49,0.131,7.88,100.0,477,N,34,1
CUST-11186,45,44591,OWN,1.8,HOMEIMPROVEMENT,B,15984,7.97,0.358,18.4,73.92,691,N,25,0
CUST-11187,62,58981,RENT,9.3,MEDICAL,B,25696,10.84,0.436,16.72,75.67,693,N,35,0
CUST-11188,46,34192,RENT,3.4,MEDICAL,C,15153,14.77,0.443,23.88,76.19,636,N,28,0
CUST-11189,24,53305,MORTGAGE,6.0,DEBTCONSOLIDATION,A,3007,10.33,0.056,11.69,26.84,764,N,4,0
CUST-11190,39,51225,MORTGAGE,2.3,VENTURE,D,7485,16.6,0.146,10.93,95.55,612,N,17,0
CUST-11191,30,87663,MORTGAGE,2.5,MEDICAL,D,7764,17.53,0.089,17.59,84.91,539,Y,8,1
CUST-11192,29,87579,MORTGAGE,0.9,MEDICAL,D,13524,16.53,0.154,16.19,48.68,614,Y,11,1
CUST-11193,59,65932,OWN,12.4,VENTURE,B,1587,12.44,0.024,40.11,60.55,713,N,35,0
CUST-11194,57,39442,RENT,11.4,EDUCATION,D,1670,15.99,0.042,11.58,51.93,609,N,35,0
CUST-11195,25,76503,RENT,7.0,PERSONAL,C,19484,13.9,0.255,24.12,25.1,708,N,3,0
CUST-11196,27,46389,MORTGAGE,2.6,EDUCATION,B,5915,11.22,0.128,18.3,60.74,712,N,7,0
CUST-11197,42,25612,MORTGAGE,8.5,HOMEIMPROVEMENT,E,4533,19.97,0.177,29.66,95.93,571,Y,21,0
CUST-11198,66,38485,MORTGAGE,2.7,EDUCATION,B,7119,9.57,0.185,21.2,61.73,732,N,35,0
CUST-11199,45,51571,RENT,3.0,PERSONAL,B,4730,8.85,0.092,37.61,60.7,779,N,26,0
CUST-11200,65,84637,MORTGAGE,8.9,EDUCATION,A,8034,8.73,0.095,7.65,30.95,745,N,35,0
CUST-11201,62,43909,RENT,1.0,VENTURE,E,7708,19.8,0.176,14.91,80.74,607,N,35,1
CUST-11202,31,23729,MORTGAGE,1.2,VENTURE,A,7579,7.59,0.319,24.53,38.0,814,N,12,0
CUST-11203,45,50718,RENT,1.9,VENTURE,A,1843,8.57,0.036,35.21,38.39,742,N,26,0
CUST-11204,32,52474,MORTGAGE,7.8,EDUCATION,A,13343,8.51,0.254,18.79,42.01,709,N,12,0
CUST-11205,59,54803,MORTGAGE,2.3,DEBTCONSOLIDATION,B,14241,10.93,0.26,26.83,49.76,715,N,35,0
CUST-11206,37,85128,RENT,2.2,MEDICAL,A,7459,8.26,0.088,6.18,47.38,797,N,17,0
CUST-11207,44,90341,RENT,26.0,MEDICAL,C,9280,12.87,0.103,12.01,79.66,640,N,22,0
CUST-11208,52,34319,MORTGAGE,2.4,DEBTCONSOLIDATION,B,8466,11.14,0.247,25.63,80.03,738,N,30,1
CUST-11209,66,33870,MORTGAGE,1.4,DEBTCONSOLIDATION,C,21083,11.62,0.622,25.79,45.36,620,N,35,1
CUST-11210,59,26262,RENT,4.9,VENTURE,A,5653,7.52,0.215,14.92,46.37,741,Y,35,1
CUST-11211,62,74554,RENT,8.1,DEBTCONSOLIDATION,A,7872,8.4,0.106,36.71,53.96,747,N,35,0
CUST-11212,31,116925,RENT,0.4,MEDICAL,D,28848,15.64,0.247,10.58,44.34,605,N,11,0
CUST-11213,63,40576,OWN,4.8,EDUCATION,B,6875,10.67,0.169,10.28,37.63,670,N,35,0
CUST-11214,55,42410,RENT,0.2,EDUCATION,A,2581,7.86,0.061,13.94,31.93,738,N,35,0
CUST-11215,67,118192,RENT,3.7,MEDICAL,F,7722,20.93,0.065,16.28,72.62,461,N,35,1
CUST-11216,23,66392,MORTGAGE,1.5,VENTURE,A,19312,8.85,0.291,17.48,14.45,774,N,5,0
CUST-11217,24,63687,MORTGAGE,1.8,MEDICAL,A,14373,7.88,0.226,20.41,28.79,751,N,2,0
CUST-11218,56,23991,RENT,3.1,HOMEIMPROVEMENT,B,7169,8.49,0.299,26.62,29.95,740,N,34,0
CUST-11219,27,73661,OTHER,9.0,MEDICAL,A,12673,7.61,0.172,27.13,39.29,747,N,5,0
CUST-11220,61,28071,MORTGAGE,6.2,EDUCATION,A,21481,9.24,0.765,59.67,65.5,687,N,35,1
CUST-11221,68,24824,MORTGAGE,13.8,PERSONAL,D,1000,16.5,0.04,18.47,89.63,621,N,35,0
CUST-11222,47,39812,RENT,5.4,DEBTCONSOLIDATION,A,4963,6.72,0.125,18.63,48.48,727,N,26,0
CUST-11223,50,34493,OWN,0.0,HOMEIMPROVEMENT,A,6222,6.85,0.18,6.15,60.14,787,N,32,0
CUST-11224,28,42917,RENT,1.5,VENTURE,D,4926,16.31,0.115,30.53,62.42,603,N,10,1
CUST-11225,48,20648,RENT,11.8,HOMEIMPROVEMENT,B,12939,9.05,0.627,23.67,47.59,771,N,28,1
CUST-11226,33,87141,RENT,5.2,HOMEIMPROVEMENT,A,16228,9.18,0.186,7.36,42.74,719,N,12,1
CUST-11227,59,96433,MORTGAGE,20.0,DEBTCONSOLIDATION,B,13923,11.61,0.144,29.13,46.95,709,N,35,0
CUST-11228,60,15238,MORTGAGE,0.8,EDUCATION,A,8841,8.79,0.58,19.39,61.5,771,Y,35,1
CUST-11229,41,88174,MORTGAGE,1.8,MEDICAL,B,17257,8.7,0.196,22.58,66.04,688,N,23,1
CUST-11230,30,30142,RENT,2.2,PERSONAL,B,7758,10.65,0.257,10.46,47.85,653,N,9,0
CUST-11231,42,81976,MORTGAGE,2.0,DEBTCONSOLIDATION,E,14056,20.79,0.171,27.22,83.78,563,Y,21,1
CUST-11232,20,47048,MORTGAGE,1.5,DEBTCONSOLIDATION,B,6212,9.36,0.132,11.0,40.09,636,N,1,0
CUST-11233,65,49874,RENT,,HOMEIMPROVEMENT,C,5833,13.41,0.117,10.59,35.33,626,Y,35,1
CUST-11234,56,43868,MORTGAGE,5.1,MEDICAL,A,1922,6.18,0.044,5.96,33.06,744,N,34,0
CUST-11235,40,101445,RENT,1.9,MEDICAL,B,9901,11.5,0.098,20.02,24.52,735,Y,22,0
CUST-11236,45,23300,MORTGAGE,0.4,MEDICAL,A,9522,7.24,0.409,21.08,52.18,760,N,25,1
CUST-11237,65,70594,RENT,6.2,EDUCATION,B,3896,10.39,0.055,5.01,28.09,686,N,35,0
CUST-11238,55,94920,MORTGAGE,3.1,MEDICAL,B,2710,9.15,0.029,20.85,73.03,684,N,35,0
CUST-11239,42,75342,OWN,4.1,PERSONAL,F,6525,23.86,0.087,22.62,41.62,511,Y,23,0
CUST-11240,20,197761,OTHER,2.0,DEBTCONSOLIDATION,E,8086,19.56,0.041,6.37,46.71,602,N,1,0
CUST-11241,59,35690,RENT,11.1,MEDICAL,B,8812,11.45,0.247,13.54,22.76,648,Y,35,1
CUST-11242,34,87062,RENT,4.1,DEBTCONSOLIDATION,A,7871,7.96,0.09,5.42,42.5,720,N,16,0
CUST-11243,40,45997,RENT,12.8,VENTURE,B,11870,9.41,0.258,6.44,100.0,648,N,20,1
CUST-11244,66,102748,MORTGAGE,3.6,EDUCATION,C,6560,11.53,0.064,19.46,45.55,670,N,35,0
CUST-11245,28,48795,MORTGAGE,1.7,EDUCATION,A,10850,7.27,0.222,34.92,72.83,803,N,6,0
CUST-11246,28,38842,RENT,2.2,DEBTCONSOLIDATION,B,4968,11.83,0.128,8.38,70.37,720,N,9,0
CUST-11247,29,107327,RENT,3.7,HOMEIMPROVEMENT,A,8724,5.14,0.081,24.45,46.48,773,N,10,0
CUST-11248,45,36499,OWN,3.8,EDUCATION,A,9127,9.84,0.25,17.89,50.74,732,N,25,0
CUST-11249,60,21001,MORTGAGE,5.8,PERSONAL,A,7112,8.5,0.339,10.91,46.15,767,Y,35,0
CUST-11250,54,35950,RENT,1.3,VENTURE,F,8891,22.23,0.247,9.51,81.55,504,Y,32,0
CUST-11251,44,71069,RENT,5.4,EDUCATION,A,2552,7.36,0.036,30.37,63.95,730,N,24,0
CUST-11252,45,113009,RENT,7.5,EDUCATION,A,7170,8.53,0.063,14.98,70.57,749,N,23,0
CUST-11253,30,52400,MORTGAGE,5.6,VENTURE,F,1250,20.54,0.024,19.76,75.51,531,N,11,1
CUST-11254,57,108111,OWN,3.3,VENTURE,B,3893,11.03,0.036,14.78,80.99,763,N,35,0
CUST-11255,21,21700,MORTGAGE,3.0,MEDICAL,C,7572,13.87,0.349,24.75,30.68,680,N,1,0
CUST-11256,26,37573,RENT,2.6,DEBTCONSOLIDATION,B,8450,12.65,0.225,15.74,74.03,704,N,5,0
CUST-11257,37,41227,MORTGAGE,0.6,VENTURE,B,6292,10.06,0.153,12.65,19.26,760,N,16,0
CUST-11258,46,45764,RENT,8.6,HOMEIMPROVEMENT,A,4946,7.55,0.108,16.44,44.3,834,N,24,0
CUST-11259,53,51557,RENT,1.2,PERSONAL,B,14446,10.42,0.28,13.79,27.49,701,Y,34,0
CUST-11260,46,74202,OTHER,6.2,EDUCATION,B,6430,9.88,0.087,15.82,42.0,713,N,27,0
CUST-11261,36,37538,RENT,1.0,PERSONAL,B,21755,12.27,0.58,35.32,80.49,657,N,14,1
CUST-11262,62,53285,RENT,0.1,EDUCATION,B,11883,9.33,0.223,26.73,46.45,706,N,35,0
CUST-11263,63,47711,OTHER,0.9,DEBTCONSOLIDATION,C,14393,11.68,0.302,12.83,74.17,626,N,35,1
CUST-11264,43,28126,RENT,2.4,DEBTCONSOLIDATION,B,4518,10.79,0.161,30.01,75.13,634,N,23,0
CUST-11265,44,45789,MORTGAGE,0.6,VENTURE,C,9141,12.63,0.2,37.08,63.88,685,N,22,1
CUST-11266,26,44972,OWN,1.1,MEDICAL,A,3712,7.8,0.083,23.41,57.6,754,N,7,0
CUST-11267,25,44398,MORTGAGE,7.0,HOMEIMPROVEMENT,D,6645,17.26,0.15,6.83,68.75,580,Y,3,1
CUST-11268,43,49963,RENT,7.3,MEDICAL,B,4371,10.68,0.087,28.66,84.52,636,N,24,1
CUST-11269,52,51297,RENT,8.5,PERSONAL,B,10848,10.53,0.211,9.09,30.84,679,N,33,0
CUST-11270,68,37821,RENT,9.2,MEDICAL,B,6814,8.03,0.18,17.71,72.64,676,N,35,1
CUST-11271,48,105201,RENT,2.7,MEDICAL,D,5391,17.17,0.051,35.15,69.11,606,N,28,1
CUST-11272,62,24301,MORTGAGE,10.1,EDUCATION,D,9088,16.74,0.374,37.6,75.7,549,N,35,1
CUST-11273,41,31806,RENT,3.7,EDUCATION,A,6019,9.75,0.189,14.79,54.09,765,N,23,0
CUST-11274,45,259880,RENT,3.2,EDUCATION,C,23654,14.86,0.091,30.57,55.29,672,N,23,0
CUST-11275,47,26296,MORTGAGE,6.3,VENTURE,A,5272,5.72,0.2,33.72,32.67,704,N,26,0
CUST-11276,69,21758,MORTGAGE,1.2,PERSONAL,A,2890,8.77,0.133,13.6,78.28,691,N,35,0
CUST-11277,40,76167,MORTGAGE,7.8,VENTURE,D,8499,14.94,0.112,33.89,69.2,646,N,22,1
CUST-11278,68,15000,RENT,2.8,MEDICAL,A,6812,8.5,0.454,28.39,29.73,745,N,35,0
CUST-11279,26,42567,MORTGAGE,0.7,EDUCATION,A,7217,9.24,0.17,7.54,27.23,772,N,4,1
CUST-11280,36,177636,MORTGAGE,0.6,HOMEIMPROVEMENT,B,4464,12.74,0.025,20.78,38.72,704,N,17,0
CUST-11281,39,19400,RENT,0.9,MEDICAL,D,6726,16.02,0.347,22.01,72.54,607,Y,20,1
CUST-11282,60,15000,RENT,11.1,EDUCATION,A,7287,8.35,0.486,39.63,56.09,786,N,35,0
CUST-11283,68,19940,RENT,23.5,HOMEIMPROVEMENT,A,15154,8.71,0.76,33.39,35.61,779,N,35,1
CUST-11284,39,84037,MORTGAGE,2.2,EDUCATION,A,14719,8.06,0.175,4.77,25.98,763,N,18,0
CUST-11285,41,96265,RENT,1.7,HOMEIMPROVEMENT,A,4043,5.49,0.042,21.47,57.31,766,N,22,0
CUST-11286,47,36042,OWN,1.2,MEDICAL,A,19796,7.69,0.549,32.27,62.98,735,Y,27,0
CUST-11287,59,73860,MORTGAGE,8.7,EDUCATION,E,12727,20.18,0.172,29.3,61.92,589,N,35,1
CUST-11288,68,112888,OWN,1.2,VENTURE,A,15668,7.5,0.139,10.08,29.42,804,N,35,0
CUST-11289,26,143258,RENT,8.0,EDUCATION,B,14163,9.47,0.099,19.59,50.12,736,N,4,0
CUST-11290,20,42285,RENT,2.0,PERSONAL,E,4495,19.26,0.106,17.31,79.21,504,N,2,1
CUST-11291,51,15000,RENT,11.4,PERSONAL,C,9037,14.58,0.602,26.9,56.3,666,N,30,0
CUST-11292,32,29955,RENT,4.0,EDUCATION,A,12285,7.97,0.41,10.3,37.25,769,N,10,0
CUST-11293,49,37945,MORTGAGE,5.9,VENTURE,B,1000,11.06,0.026,2.12,88.61,740,N,31,1
CUST-11294,42,41966,RENT,4.8,HOMEIMPROVEMENT,D,15231,16.2,0.363,12.45,72.08,653,N,20,1
CUST-11295,38,43795,RENT,8.9,HOMEIMPROVEMENT,B,5881,11.01,0.134,15.2,35.24,717,N,20,0
CUST-11296,51,95926,RENT,9.0,EDUCATION,B,1942,7.97,0.02,11.64,59.91,657,N,29,0
CUST-11297,49,105309,RENT,4.5,VENTURE,A,6023,7.45,0.057,10.97,74.44,746,N,28,0
CUST-11298,48,44222,MORTGAGE,5.0,EDUCATION,B,16777,10.04,0.379,20.21,72.41,672,N,30,1
CUST-11299,68,94758,MORTGAGE,12.7,VENTURE,A,5182,7.53,0.055,10.19,52.09,709,N,35,0
CUST-11300,64,60754,MORTGAGE,13.3,HOMEIMPROVEMENT,C,7515,12.09,0.124,21.39,63.04,699,N,35,0
CUST-11301,48,50955,RENT,5.5,PERSONAL,C,4331,13.94,0.085,37.62,60.98,634,N,29,1
CUST-11302,49,84450,OWN,0.0,DEBTCONSOLIDATION,B,11213,12.81,0.133,12.21,62.25,770,Y,31,0
CUST-11303,35,51192,MORTGAGE,0.6,HOMEIMPROVEMENT,C,4175,13.6,0.082,28.45,57.11,637,N,14,0
CUST-11304,59,168499,RENT,9.8,VENTURE,A,14689,7.56,0.087,17.77,52.67,725,N,35,0
CUST-11305,38,20680,RENT,0.4,VENTURE,C,2936,16.51,0.142,23.83,21.41,671,N,19,0
CUST-11306,37,35986,OWN,1.2,HOMEIMPROVEMENT,B,7742,9.36,0.215,16.21,49.32,697,N,16,0
CUST-11307,20,45437,MORTGAGE,1.3,DEBTCONSOLIDATION,C,4343,14.09,0.096,27.07,69.23,660,N,1,1
CUST-11308,33,63810,MORTGAGE,4.6,HOMEIMPROVEMENT,A,15097,9.4,0.237,10.3,47.24,731,N,15,0
CUST-11309,66,104901,RENT,4.3,EDUCATION,B,6971,10.03,0.066,12.9,70.64,681,N,35,0
CUST-11310,69,48308,RENT,1.7,VENTURE,B,7751,11.52,0.16,12.06,81.72,683,N,35,0
CUST-11311,21,20882,MORTGAGE,1.2,EDUCATION,B,9060,10.7,0.434,22.23,65.0,664,N,3,1
CUST-11312,47,81268,MORTGAGE,7.2,DEBTCONSOLIDATION,B,14682,9.21,0.181,16.79,38.47,734,N,26,0
CUST-11313,68,77108,MORTGAGE,13.7,DEBTCONSOLIDATION,A,5813,7.3,0.075,20.7,61.57,757,N,35,0
CUST-11314,69,15288,MORTGAGE,0.3,MEDICAL,B,13297,10.46,0.87,36.62,45.35,705,N,35,0
CUST-11315,49,48909,RENT,0.7,HOMEIMPROVEMENT,B,9024,9.74,0.185,21.01,73.32,723,N,29,1
CUST-11316,57,18881,MORTGAGE,,DEBTCONSOLIDATION,B,13586,8.57,0.72,17.49,21.7,712,N,35,0
CUST-11317,23,32899,OWN,,EDUCATION,B,10941,10.01,0.333,21.52,52.45,779,N,2,0
CUST-11318,20,28518,OWN,2.0,MEDICAL,A,11648,5.71,0.408,26.72,76.87,765,N,1,0
CUST-11319,27,79662,RENT,6.4,MEDICAL,A,9587,8.15,0.12,20.18,46.21,678,N,5,1
CUST-11320,48,52580,RENT,10.9,HOMEIMPROVEMENT,B,4223,11.16,0.08,25.69,55.46,683,N,26,1
CUST-11321,58,22666,MORTGAGE,1.2,EDUCATION,B,5276,8.97,0.233,9.08,74.6,667,N,35,0
CUST-11322,22,83119,MORTGAGE,0.6,VENTURE,B,6481,10.6,0.078,12.73,68.1,716,Y,4,1
CUST-11323,51,20737,MORTGAGE,4.8,EDUCATION,D,15700,14.89,0.757,28.66,100.0,596,N,33,1
CUST-11324,29,59758,OWN,8.6,PERSONAL,C,3750,13.07,0.063,14.31,95.63,668,N,8,0
CUST-11325,29,30079,MORTGAGE,4.4,PERSONAL,A,9328,6.7,0.31,15.59,62.15,726,N,10,0
CUST-11326,38,39363,MORTGAGE,16.5,PERSONAL,B,13858,11.08,0.352,14.88,45.66,707,N,17,0
CUST-11327,65,66340,RENT,7.9,PERSONAL,B,4147,8.56,0.063,16.41,41.81,682,N,35,0
CUST-11328,53,67028,RENT,6.0,MEDICAL,B,8044,11.68,0.12,6.73,35.72,688,N,34,0
CUST-11329,52,109336,RENT,0.3,VENTURE,E,10048,20.97,0.092,37.87,47.83,578,N,33,1
CUST-11330,42,46660,OWN,0.6,PERSONAL,B,11875,10.33,0.255,35.56,26.08,716,Y,23,0
CUST-11331,47,58916,RENT,7.7,VENTURE,C,7072,11.89,0.12,8.86,34.55,700,N,28,0
CUST-11332,51,37697,RENT,1.1,MEDICAL,F,10156,19.49,0.269,34.06,68.2,570,N,33,0
CUST-11333,69,54676,MORTGAGE,0.1,PERSONAL,A,1949,8.81,0.036,35.88,80.92,783,N,35,0
CUST-11334,26,63811,MORTGAGE,8.0,EDUCATION,A,11543,9.88,0.181,9.27,19.46,765,N,5,0
CUST-11335,48,46212,MORTGAGE,11.1,VENTURE,B,10911,10.55,0.236,11.07,79.54,683,N,29,0
CUST-11336,27,16609,RENT,1.2,PERSONAL,A,4019,6.1,0.242,16.18,52.48,772,N,7,0
CUST-11337,20,59807,MORTGAGE,2.0,PERSONAL,A,7047,6.19,0.118,12.71,34.68,792,N,1,0
CUST-11338,22,61006,RENT,0.2,DEBTCONSOLIDATION,G,4612,25.92,0.076,9.04,91.01,542,N,1,0
CUST-11339,43,32594,RENT,1.7,VENTURE,F,1000,,0.031,22.37,63.73,531,N,22,0
CUST-11340,42,22682,RENT,4.9,MEDICAL,C,2546,12.34,0.112,24.22,31.36,638,N,21,0
CUST-11341,27,118839,RENT,7.2,VENTURE,C,2829,16.26,0.024,5.64,60.08,678,N,9,0
CUST-11342,66,65832,RENT,0.1,HOMEIMPROVEMENT,A,7572,8.75,0.115,15.29,48.98,665,Y,35,0
CUST-11343,56,42725,MORTGAGE,2.0,HOMEIMPROVEMENT,B,4684,11.16,0.11,16.29,56.46,756,N,35,0
CUST-11344,22,24779,RENT,1.2,EDUCATION,A,4622,6.83,0.187,11.18,63.01,793,N,2,0
CUST-11345,52,29938,MORTGAGE,33.5,MEDICAL,B,10970,11.99,0.366,34.78,48.15,690,Y,33,1
CUST-11346,47,107103,RENT,5.6,VENTURE,B,6464,11.56,0.06,32.17,79.08,688,N,29,0
CUST-11347,66,53241,RENT,2.6,PERSONAL,B,25396,10.37,0.477,15.13,65.02,773,N,35,1
CUST-11348,27,35229,MORTGAGE,0.4,DEBTCONSOLIDATION,A,12192,8.81,0.346,14.23,26.69,714,N,9,0
CUST-11349,53,66556,OWN,4.6,MEDICAL,A,3578,8.75,0.054,8.47,44.96,741,N,33,0
CUST-11350,54,30072,MORTGAGE,5.1,EDUCATION,B,7346,10.83,0.244,33.54,63.92,761,N,35,0
CUST-11351,51,120632,OWN,8.5,DEBTCONSOLIDATION,C,4215,12.12,0.035,24.22,61.85,612,N,31,0
CUST-11352,43,110379,MORTGAGE,1.7,PERSONAL,B,8646,9.27,0.078,14.14,46.09,706,N,23,1
CUST-11353,33,37051,MORTGAGE,15.0,PERSONAL,A,16486,5.6,0.445,21.76,55.24,742,N,13,0
CUST-11354,51,33617,MORTGAGE,,VENTURE,D,14147,18.09,0.421,17.63,46.56,682,N,33,1
CUST-11355,65,15000,MORTGAGE,1.8,EDUCATION,A,5051,5.75,0.337,13.09,21.86,731,N,35,0
CUST-11356,62,20151,RENT,2.1,VENTURE,C,2611,13.54,0.13,30.13,75.72,603,N,35,1
CUST-11357,35,21945,MORTGAGE,3.7,PERSONAL,A,9442,5.59,0.43,29.88,61.99,758,N,13,0
CUST-11358,23,53162,RENT,5.0,EDUCATION,C,10042,15.52,0.189,22.15,37.67,631,N,4,1
CUST-11359,56,40306,RENT,6.6,EDUCATION,C,19469,12.1,0.483,10.69,42.58,671,Y,35,0
CUST-11360,40,21868,MORTGAGE,4.3,VENTURE,D,8772,16.89,0.401,21.93,55.67,625,N,20,0
CUST-11361,33,41410,RENT,0.9,EDUCATION,B,18884,8.62,0.456,25.77,75.22,659,N,14,1
CUST-11362,50,66383,RENT,0.8,MEDICAL,A,7223,8.54,0.109,16.4,19.11,814,Y,31,0
CUST-11363,67,67285,RENT,3.5,HOMEIMPROVEMENT,D,22345,17.8,0.332,21.28,58.32,589,N,35,1
CUST-11364,37,15680,OWN,6.5,DEBTCONSOLIDATION,B,23681,10.52,1.51,34.57,36.69,682,N,16,1
CUST-11365,26,45389,RENT,7.0,VENTURE,D,9760,16.42,0.215,26.26,66.16,630,Y,7,1
CUST-11366,29,21375,RENT,1.3,MEDICAL,C,13879,14.47,0.649,32.09,70.4,707,N,11,1
CUST-11367,26,84207,OWN,0.5,MEDICAL,B,9433,9.77,0.112,10.69,42.09,655,N,4,1
CUST-11368,52,78471,MORTGAGE,2.4,VENTURE,G,11406,25.81,0.145,20.08,100.0,484,Y,31,1
CUST-11369,42,28600,RENT,12.5,HOMEIMPROVEMENT,B,9898,10.86,0.346,24.4,28.15,733,N,20,0
CUST-11370,40,30957,RENT,3.9,HOMEIMPROVEMENT,C,3529,11.61,0.114,12.31,42.95,630,N,20,0
CUST-11371,38,37169,RENT,1.9,DEBTCONSOLIDATION,C,4008,15.72,0.108,6.49,44.99,656,N,18,0
CUST-11372,67,15000,RENT,2.0,HOMEIMPROVEMENT,B,5476,10.72,0.365,21.55,38.87,686,N,35,0
CUST-11373,38,59968,RENT,0.7,PERSONAL,B,10778,10.09,0.18,7.5,64.02,717,N,16,1
CUST-11374,55,41618,RENT,3.2,VENTURE,C,13032,13.7,0.313,16.61,48.78,606,N,34,1
CUST-11375,48,87737,MORTGAGE,7.8,HOMEIMPROVEMENT,B,11175,9.64,0.127,15.72,70.41,711,N,26,0
CUST-11376,37,25360,MORTGAGE,17.3,HOMEIMPROVEMENT,B,17277,10.32,0.681,32.69,45.82,717,N,19,1
CUST-11377,21,33810,MORTGAGE,3.0,DEBTCONSOLIDATION,C,11383,14.45,0.337,13.96,42.46,674,N,1,1
CUST-11378,20,19852,RENT,0.9,MEDICAL,A,2188,8.33,0.11,9.42,60.4,732,N,1,0
CUST-11379,66,26834,RENT,5.7,VENTURE,A,26613,8.24,0.992,39.37,40.3,801,N,35,1
CUST-11380,24,24120,MORTGAGE,6.0,PERSONAL,A,5269,6.78,0.218,11.33,24.23,677,N,6,0
CUST-11381,39,89106,RENT,0.4,MEDICAL,B,8506,9.47,0.095,5.63,60.18,677,N,18,1
CUST-11382,30,32242,MORTGAGE,9.5,MEDICAL,D,16890,16.97,0.524,18.14,59.54,696,N,10,1
CUST-11383,61,52812,MORTGAGE,8.8,DEBTCONSOLIDATION,C,8582,14.42,0.163,4.84,39.99,651,N,35,0
CUST-11384,21,39008,MORTGAGE,,DEBTCONSOLIDATION,F,13376,21.12,0.343,17.58,95.98,569,N,3,1
CUST-11385,22,22886,RENT,4.0,HOMEIMPROVEMENT,A,19610,7.23,0.857,24.21,70.94,757,N,2,1
CUST-11386,42,44312,RENT,6.2,PERSONAL,C,16082,13.97,0.363,20.08,23.81,711,N,20,0
CUST-11387,31,70225,MORTGAGE,5.6,EDUCATION,B,9882,10.39,0.141,9.91,71.57,693,N,12,0
CUST-11388,39,23750,MORTGAGE,0.1,VENTURE,A,3120,8.89,0.131,19.45,71.08,758,N,18,0
CUST-11389,24,79655,RENT,0.7,PERSONAL,D,7690,14.93,0.097,22.11,72.66,641,Y,2,0
CUST-11390,56,29441,OWN,0.9,EDUCATION,A,7547,5.76,0.256,35.79,18.99,804,N,35,0
CUST-11391,57,36688,RENT,7.0,HOMEIMPROVEMENT,A,17863,8.82,0.487,25.69,88.48,685,N,35,1
CUST-11392,49,67400,RENT,2.9,PERSONAL,B,9095,11.24,0.135,8.53,75.02,718,N,28,1
CUST-11393,28,32923,MORTGAGE,3.9,PERSONAL,C,11492,13.61,0.349,23.66,57.15,620,N,9,0
CUST-11394,53,50138,MORTGAGE,7.4,MEDICAL,C,1346,13.1,0.027,11.0,53.99,648,N,33,0
CUST-11395,63,40586,OWN,2.1,DEBTCONSOLIDATION,A,15794,8.06,0.389,21.75,40.82,731,N,35,0
CUST-11396,54,52977,RENT,6.9,HOMEIMPROVEMENT,A,15023,7.73,0.284,20.9,43.08,672,N,33,1
CUST-11397,41,15000,RENT,,DEBTCONSOLIDATION,A,5136,7.86,0.342,34.28,44.26,787,N,19,0
CUST-11398,63,16353,MORTGAGE,2.4,VENTURE,A,12894,7.42,0.788,33.22,97.0,704,N,35,0
CUST-11399,43,70939,RENT,2.0,MEDICAL,D,5155,17.14,0.073,15.25,91.53,608,Y,24,1
CUST-11400,36,91336,RENT,16.8,DEBTCONSOLIDATION,E,11820,20.6,0.129,15.12,51.13,566,Y,16,0
CUST-11401,29,28387,MORTGAGE,7.4,MEDICAL,F,13975,23.08,0.492,17.92,78.83,502,N,8,1
CUST-11402,49,42344,RENT,0.1,EDUCATION,D,11076,17.05,0.262,12.62,65.15,632,N,28,0
CUST-11403,65,58502,MORTGAGE,15.8,MEDICAL,D,18697,16.5,0.32,29.09,65.19,597,N,35,1
CUST-11404,42,74304,RENT,7.5,HOMEIMPROVEMENT,D,9744,17.03,0.131,5.32,57.48,585,N,21,1
CUST-11405,51,15000,MORTGAGE,0.8,DEBTCONSOLIDATION,E,5059,20.93,0.337,20.06,61.96,519,Y,29,1
CUST-11406,36,28807,MORTGAGE,0.4,EDUCATION,D,9867,16.31,0.343,34.88,97.66,578,N,18,1
CUST-11407,69,40152,RENT,1.8,MEDICAL,B,5421,10.17,0.135,7.4,42.68,715,N,35,0
CUST-11408,36,74748,RENT,4.9,HOMEIMPROVEMENT,B,10342,11.09,0.138,15.03,45.05,630,N,17,0
CUST-11409,33,219489,RENT,4.8,PERSONAL,B,1000,11.39,0.005,8.62,77.79,759,N,15,0
CUST-11410,28,42753,RENT,1.6,HOMEIMPROVEMENT,B,6192,10.38,0.145,10.58,16.53,695,N,7,0
CUST-11411,59,21074,MORTGAGE,3.0,MEDICAL,B,9917,11.04,0.471,24.07,87.37,670,N,35,1
CUST-11412,21,62402,OTHER,,EDUCATION,C,6104,12.49,0.098,19.95,48.75,671,N,2,0
CUST-11413,64,108293,MORTGAGE,0.3,MEDICAL,C,7971,13.49,0.074,8.95,59.67,635,Y,35,0
CUST-11414,44,52302,MORTGAGE,3.6,EDUCATION,A,5590,,0.107,13.21,80.28,781,N,23,0
CUST-11415,58,28453,RENT,2.1,VENTURE,A,9549,8.23,0.336,18.38,44.98,713,N,35,0
CUST-11416,28,87098,RENT,3.9,DEBTCONSOLIDATION,D,8307,15.72,0.095,10.7,54.02,575,Y,9,1
CUST-11417,41,72993,OWN,14.6,MEDICAL,B,5048,9.88,0.069,8.71,67.82,721,N,23,0
CUST-11418,62,26485,OWN,0.8,HOMEIMPROVEMENT,B,3519,9.01,0.133,10.38,45.89,742,N,35,0
CUST-11419,65,61627,MORTGAGE,0.0,VENTURE,D,4523,18.45,0.073,16.49,62.12,617,N,35,1
CUST-11420,23,89175,RENT,0.4,EDUCATION,A,6683,6.31,0.075,30.51,46.79,758,N,2,0
CUST-11421,45,99621,MORTGAGE,3.1,MEDICAL,B,2088,7.47,0.021,11.58,58.78,671,N,23,0
CUST-11422,48,47104,RENT,6.1,VENTURE,A,12638,5.81,0.268,13.26,81.65,732,N,28,0
CUST-11423,64,39543,MORTGAGE,4.3,PERSONAL,D,20072,16.56,0.508,23.5,61.69,587,Y,35,1
CUST-11424,53,102371,MORTGAGE,3.4,EDUCATION,C,18828,12.64,0.184,12.7,63.78,695,N,31,0
CUST-11425,42,23715,RENT,2.2,DEBTCONSOLIDATION,B,7366,10.66,0.311,31.84,37.26,749,N,22,0
CUST-11426,56,63776,OWN,1.9,VENTURE,E,16334,19.91,0.256,18.28,54.23,588,Y,35,1
CUST-11427,30,21546,OTHER,2.4,EDUCATION,E,11152,18.75,0.518,40.53,60.23,640,N,10,1
CUST-11428,25,92895,OWN,4.7,EDUCATION,C,4658,12.4,0.05,4.68,100.0,672,N,4,0
CUST-11429,37,41989,MORTGAGE,0.9,EDUCATION,D,2370,17.59,0.056,40.16,31.56,651,N,18,0
CUST-11430,40,104940,RENT,7.4,EDUCATION,C,4701,13.86,0.045,14.65,40.32,642,N,22,0
CUST-11431,61,65831,MORTGAGE,4.3,PERSONAL,C,6223,10.29,0.095,13.46,90.8,644,N,35,0
CUST-11432,55,23530,RENT,1.6,PERSONAL,B,9035,8.66,0.384,24.22,25.53,695,N,34,0
CUST-11433,60,115240,RENT,3.5,EDUCATION,A,9888,5.35,0.086,10.96,70.1,717,N,35,0
CUST-11434,57,124336,RENT,16.5,VENTURE,A,3359,7.31,0.027,9.08,79.31,735,N,35,0
CUST-11435,53,83230,MORTGAGE,0.1,PERSONAL,D,10237,16.74,0.123,9.32,70.82,622,N,32,1
CUST-11436,36,31040,RENT,1.1,PERSONAL,A,8486,7.29,0.273,11.56,42.98,729,N,17,0
CUST-11437,56,40798,RENT,3.0,PERSONAL,B,8404,9.75,0.206,8.14,82.12,719,N,34,0
CUST-11438,44,53490,RENT,5.1,EDUCATION,A,8364,8.73,0.156,7.96,50.49,724,N,22,0
CUST-11439,57,32137,MORTGAGE,1.2,PERSONAL,B,12726,,0.396,28.03,43.56,672,N,35,0
CUST-11440,31,135321,MORTGAGE,13.0,MEDICAL,B,19067,9.41,0.141,17.5,94.06,700,N,10,0
CUST-11441,42,53455,RENT,5.1,MEDICAL,D,12749,15.48,0.238,10.57,72.31,539,N,23,0
CUST-11442,61,15000,OWN,10.5,EDUCATION,F,27849,21.09,1.857,45.9,53.41,568,Y,35,1
CUST-11443,41,60090,RENT,2.0,HOMEIMPROVEMENT,E,10609,19.08,0.177,17.31,45.4,595,Y,23,0
CUST-11444,40,39779,MORTGAGE,8.8,MEDICAL,C,9071,13.54,0.228,9.77,71.35,679,N,20,1
CUST-11445,46,46865,MORTGAGE,2.4,PERSONAL,F,7136,22.5,0.152,32.38,63.97,556,Y,25,1
CUST-11446,50,39294,MORTGAGE,1.5,EDUCATION,B,18005,9.51,0.458,26.12,55.05,696,N,31,0
CUST-11447,25,79556,RENT,7.0,DEBTCONSOLIDATION,B,4757,8.87,0.06,7.21,33.75,709,N,7,0
CUST-11448,46,95972,OWN,0.5,DEBTCONSOLIDATION,A,17274,7.97,0.18,17.56,47.88,764,N,25,0
CUST-11449,59,58094,OWN,14.3,EDUCATION,D,4802,17.49,0.083,7.14,90.37,559,N,35,0
CUST-11450,53,39991,MORTGAGE,3.1,PERSONAL,A,9328,9.55,0.233,14.01,34.54,757,N,33,0
CUST-11451,31,47819,MORTGAGE,13.0,MEDICAL,B,10780,10.99,0.225,33.52,60.61,687,N,12,0
CUST-11452,64,49600,RENT,3.9,MEDICAL,C,4983,12.62,0.1,24.37,88.28,715,N,35,0
CUST-11453,26,30289,MORTGAGE,7.1,EDUCATION,B,9254,,0.306,17.94,48.77,693,N,6,0
CUST-11454,29,69380,RENT,0.0,MEDICAL,A,11640,7.32,0.168,13.57,50.57,746,N,7,0
CUST-11455,64,64603,MORTGAGE,,EDUCATION,B,4493,8.89,0.07,20.16,100.0,657,N,35,0
CUST-11456,36,123533,RENT,6.7,PERSONAL,C,4584,13.44,0.037,6.94,72.3,636,N,16,0
CUST-11457,45,104110,MORTGAGE,7.6,MEDICAL,A,25403,7.84,0.244,24.76,37.58,676,N,27,0
CUST-11458,40,32486,RENT,0.9,DEBTCONSOLIDATION,C,12594,15.22,0.388,30.39,88.57,715,N,19,0
CUST-11459,47,80191,RENT,2.7,PERSONAL,D,12649,16.59,0.158,28.81,50.2,630,N,26,1
CUST-11460,65,27706,RENT,2.7,VENTURE,F,5998,21.02,0.216,13.44,87.3,517,Y,35,1
CUST-11461,21,74425,RENT,0.5,MEDICAL,B,10080,8.24,0.135,26.97,19.66,718,N,1,0
CUST-11462,62,35955,MORTGAGE,2.9,EDUCATION,A,8611,6.03,0.239,22.53,33.93,716,Y,35,0
CUST-11463,20,26530,MORTGAGE,2.0,HOMEIMPROVEMENT,B,4194,9.34,0.158,30.71,66.04,694,Y,1,0
CUST-11464,55,57990,MORTGAGE,1.8,MEDICAL,C,32048,15.5,0.553,26.8,100.0,611,N,35,1
CUST-11465,45,15000,MORTGAGE,2.8,MEDICAL,D,10827,16.27,0.722,25.8,70.17,556,Y,25,1
CUST-11466,48,17144,MORTGAGE,16.2,MEDICAL,E,10442,19.39,0.609,22.3,58.91,597,Y,26,1
CUST-11467,40,44068,RENT,0.2,PERSONAL,D,10970,17.82,0.249,7.3,93.49,606,N,18,1
CUST-11468,30,51506,RENT,4.5,MEDICAL,C,4402,14.22,0.085,16.26,56.01,589,Y,8,0
CUST-11469,59,39277,RENT,,EDUCATION,C,31388,13.19,0.799,31.24,42.06,621,N,35,1
CUST-11470,30,19002,MORTGAGE,7.2,PERSONAL,A,6142,8.88,0.323,33.41,49.02,796,N,10,0
CUST-11471,55,30009,RENT,6.3,MEDICAL,B,6158,,0.205,38.15,53.79,675,N,35,0
CUST-11472,68,61989,RENT,6.5,PERSONAL,D,11100,16.84,0.179,31.73,100.0,632,N,35,1
CUST-11473,58,69499,MORTGAGE,0.3,EDUCATION,C,5972,11.99,0.086,5.67,39.73,624,N,35,0
CUST-11474,59,48545,OWN,3.8,HOMEIMPROVEMENT,B,8065,10.81,0.166,14.85,67.85,709,N,35,0
CUST-11475,54,98135,MORTGAGE,7.6,PERSONAL,A,9760,8.72,0.099,15.62,15.07,768,N,35,0
CUST-11476,53,62220,MORTGAGE,0.5,VENTURE,A,9543,8.55,0.153,18.7,85.81,727,N,33,0
CUST-11477,66,31304,MORTGAGE,0.1,DEBTCONSOLIDATION,B,7484,11.58,0.239,21.77,63.19,695,N,35,0
CUST-11478,43,41427,MORTGAGE,8.4,PERSONAL,D,4536,19.97,0.109,17.03,46.61,621,N,21,0
CUST-11479,41,21126,MORTGAGE,6.2,EDUCATION,A,13493,7.18,0.639,27.56,55.45,730,Y,19,1
CUST-11480,24,45941,MORTGAGE,2.7,MEDICAL,A,16895,6.42,0.368,15.43,18.0,743,N,5,0
CUST-11481,52,95536,RENT,14.1,MEDICAL,C,4716,14.05,0.049,6.19,63.56,617,Y,34,0
CUST-11482,55,73952,RENT,7.3,VENTURE,A,15686,6.44,0.212,15.97,19.68,754,N,34,0
CUST-11483,66,113687,RENT,17.2,EDUCATION,A,5238,6.14,0.046,20.53,39.57,788,Y,35,0
CUST-11484,39,40874,RENT,13.2,PERSONAL,A,11214,7.2,0.274,18.19,60.5,709,N,21,1
CUST-11485,38,109936,OWN,3.3,PERSONAL,B,10127,12.88,0.092,7.72,79.64,675,N,18,0
CUST-11486,54,43652,RENT,7.0,VENTURE,B,13376,11.33,0.306,22.74,67.22,628,N,35,0
CUST-11487,62,118533,RENT,5.5,EDUCATION,D,3485,16.96,0.029,16.6,43.65,628,N,35,1
CUST-11488,36,48382,MORTGAGE,8.3,HOMEIMPROVEMENT,B,10073,8.49,0.208,13.29,85.65,644,N,18,0
CUST-11489,64,74932,MORTGAGE,7.7,VENTURE,C,6682,12.75,0.089,7.03,71.86,668,N,35,0
CUST-11490,62,118784,MORTGAGE,0.8,PERSONAL,A,13801,9.22,0.116,21.16,39.74,770,N,35,0
CUST-11491,53,43649,MORTGAGE,1.3,EDUCATION,C,11305,13.18,0.259,21.13,50.17,682,Y,33,1
CUST-11492,28,55883,MORTGAGE,1.5,EDUCATION,C,9934,16.13,0.178,7.09,68.46,663,N,8,0
CUST-11493,45,106225,MORTGAGE,8.5,MEDICAL,A,5314,8.04,0.05,2.54,74.02,697,N,23,0
CUST-11494,21,45260,RENT,3.0,HOMEIMPROVEMENT,C,11628,13.32,0.257,32.33,77.46,645,N,1,1
CUST-11495,28,22191,RENT,3.4,PERSONAL,A,5215,7.12,0.235,20.34,55.06,757,N,6,0
CUST-11496,28,177336,RENT,4.3,EDUCATION,B,3275,10.42,0.018,24.42,85.71,719,N,9,0
CUST-11497,59,36980,MORTGAGE,8.8,EDUCATION,C,5637,11.76,0.152,12.9,30.16,670,N,35,0
CUST-11498,36,53919,OWN,1.9,PERSONAL,C,6005,14.67,0.111,9.36,57.88,635,Y,18,0
CUST-11499,20,98086,OWN,0.3,MEDICAL,D,6692,17.03,0.068,4.36,59.57,606,N,2,0
CUST-11500,44,34026,MORTGAGE,3.3,MEDICAL,E,8636,19.19,0.254,9.42,67.48,567,N,26,1
CUST-11501,62,26776,RENT,12.3,EDUCATION,D,8638,16.37,0.323,23.35,74.94,566,Y,35,1
CUST-11502,59,57081,OWN,7.8,MEDICAL,D,10080,17.47,0.177,17.61,50.95,576,N,35,0
CUST-11503,61,16716,MORTGAGE,2.3,EDUCATION,A,8575,9.94,0.513,16.46,40.59,747,N,35,1
CUST-11504,44,41243,RENT,0.3,EDUCATION,B,5121,12.34,0.124,11.39,61.02,671,N,25,1
CUST-11505,58,56784,MORTGAGE,5.1,EDUCATION,A,12397,7.72,0.218,8.47,55.57,699,N,35,0
CUST-11506,54,41690,RENT,,MEDICAL,A,5315,6.51,0.127,8.92,28.7,697,N,35,1
CUST-11507,22,19417,RENT,4.0,MEDICAL,B,9121,8.66,0.47,24.1,58.57,724,N,1,1
CUST-11508,69,127581,MORTGAGE,2.8,PERSONAL,D,14466,16.65,0.113,9.24,55.86,622,N,35,0
CUST-11509,56,52162,MORTGAGE,0.7,PERSONAL,B,6732,9.56,0.129,17.4,26.12,705,N,34,1
CUST-11510,63,115692,RENT,12.1,PERSONAL,C,4180,13.69,0.036,12.88,40.59,639,N,35,0
CUST-11511,63,41939,MORTGAGE,1.6,PERSONAL,B,3807,10.85,0.091,16.71,88.87,680,N,35,0
CUST-11512,49,28911,OWN,1.3,MEDICAL,B,4967,11.36,0.172,18.92,88.89,629,N,29,1
CUST-11513,57,57613,MORTGAGE,8.5,EDUCATION,D,4081,15.09,0.071,14.66,39.42,631,N,35,0
CUST-11514,53,43067,RENT,19.9,MEDICAL,B,15079,9.44,0.35,21.37,71.06,686,N,34,1
CUST-11515,31,24181,RENT,5.4,EDUCATION,E,7472,19.12,0.309,13.48,88.92,592,N,12,1
CUST-11516,38,118405,RENT,4.9,MEDICAL,A,23645,7.81,0.2,33.27,58.58,717,N,18,0
CUST-11517,56,33746,OWN,1.9,VENTURE,E,7806,19.74,0.231,33.66,63.22,628,Y,35,1
CUST-11518,63,16249,RENT,0.1,MEDICAL,A,2290,10.59,0.141,17.54,58.1,757,N,35,0
CUST-11519,68,108760,RENT,1.1,PERSONAL,B,8959,7.79,0.082,21.73,46.77,696,N,35,0
CUST-11520,36,36221,MORTGAGE,4.4,PERSONAL,F,7437,23.33,0.205,31.28,100.0,494,Y,18,1
CUST-11521,29,34040,OWN,0.8,EDUCATION,B,12825,,0.377,15.1,49.96,706,N,8,0
CUST-11522,68,16996,MORTGAGE,10.8,MEDICAL,B,7264,9.4,0.427,31.59,72.95,722,N,35,1
CUST-11523,66,139325,MORTGAGE,1.0,PERSONAL,C,7309,12.93,0.052,11.96,93.79,572,Y,35,1
CUST-11524,31,22613,RENT,3.7,EDUCATION,A,11445,9.61,0.506,18.43,53.48,745,N,13,1
CUST-11525,35,50770,RENT,3.6,HOMEIMPROVEMENT,A,5755,6.75,0.113,9.38,47.28,746,N,17,1
CUST-11526,43,84759,OWN,4.6,PERSONAL,A,6621,6.77,0.078,19.97,51.96,766,N,25,0
CUST-11527,38,63134,OWN,2.0,DEBTCONSOLIDATION,A,12755,7.64,0.202,14.31,28.46,691,N,17,0
CUST-11528,27,47297,OWN,9.0,HOMEIMPROVEMENT,E,3029,20.11,0.064,17.25,99.69,598,N,7,1
CUST-11529,50,17658,OWN,2.9,HOMEIMPROVEMENT,D,7270,17.7,0.412,14.98,47.98,636,N,31,1
CUST-11530,40,30156,MORTGAGE,6.0,HOMEIMPROVEMENT,B,1000,11.75,0.033,4.18,87.47,727,N,20,0
CUST-11531,36,54867,MORTGAGE,,PERSONAL,D,18237,17.44,0.332,19.42,75.2,587,N,16,1
CUST-11532,42,30567,MORTGAGE,0.6,PERSONAL,A,7825,5.21,0.256,33.62,28.59,789,Y,24,0
CUST-11533,56,55382,MORTGAGE,4.9,PERSONAL,A,5208,7.45,0.094,19.13,32.85,722,N,35,0
CUST-11534,35,73794,RENT,4.0,PERSONAL,C,12818,14.3,0.174,24.18,67.47,576,N,17,1
CUST-11535,25,87334,RENT,7.0,EDUCATION,B,9349,11.32,0.107,12.06,28.69,711,N,6,0
CUST-11536,27,23489,OWN,9.0,HOMEIMPROVEMENT,A,4352,6.65,0.185,21.02,27.49,748,N,7,0
CUST-11537,44,183136,RENT,0.8,EDUCATION,C,13530,12.27,0.074,22.69,49.93,693,N,25,1
CUST-11538,37,77690,MORTGAGE,0.4,EDUCATION,F,11320,20.69,0.146,24.17,100.0,494,N,15,0
CUST-11539,44,48970,RENT,1.7,VENTURE,B,13239,11.06,0.27,17.57,58.6,688,N,24,0
CUST-11540,31,94251,RENT,13.0,PERSONAL,A,7140,8.71,0.076,31.44,13.56,735,N,12,0
CUST-11541,34,202651,RENT,0.1,EDUCATION,B,11321,10.67,0.056,9.89,51.54,728,N,15,0
CUST-11542,45,20676,RENT,5.6,EDUCATION,C,21578,12.22,1.044,24.4,45.49,612,N,24,1
CUST-11543,60,42823,RENT,4.7,HOMEIMPROVEMENT,C,18198,13.72,0.425,32.13,73.97,695,N,35,1
CUST-11544,64,15000,RENT,5.2,MEDICAL,D,11733,15.36,0.782,36.7,67.37,584,Y,35,1
CUST-11545,45,55027,MORTGAGE,1.2,VENTURE,D,3434,15.62,0.062,14.83,50.15,595,N,24,0
CUST-11546,66,61037,RENT,1.3,PERSONAL,D,10882,16.06,0.178,26.35,41.93,611,N,35,1
CUST-11547,51,47882,RENT,2.8,DEBTCONSOLIDATION,C,15033,12.54,0.314,7.74,35.82,614,N,31,0
CUST-11548,29,33099,RENT,0.5,EDUCATION,B,14482,9.14,0.438,30.05,80.69,714,N,11,0
CUST-11549,35,15000,MORTGAGE,0.4,VENTURE,C,9177,15.36,0.612,19.9,86.51,659,N,15,1
CUST-11550,26,61335,MORTGAGE,0.5,DEBTCONSOLIDATION,C,11973,11.23,0.195,29.58,97.04,628,N,8,0
CUST-11551,36,117390,MORTGAGE,4.3,MEDICAL,A,3795,6.79,0.032,14.66,56.44,760,Y,15,0
CUST-11552,42,34385,RENT,2.5,MEDICAL,B,9571,10.24,0.278,14.97,53.83,711,N,23,0
CUST-11553,45,63833,RENT,1.7,PERSONAL,A,2773,8.97,0.043,15.46,40.68,770,N,24,0
CUST-11554,40,19131,MORTGAGE,1.9,EDUCATION,D,14403,16.85,0.753,22.54,26.08,649,N,19,1
CUST-11555,41,64494,MORTGAGE,1.2,HOMEIMPROVEMENT,B,13025,10.16,0.202,22.28,33.63,715,N,20,0
CUST-11556,26,38714,RENT,2.7,PERSONAL,D,12404,15.61,0.32,13.22,81.21,627,N,6,0
CUST-11557,33,31025,MORTGAGE,1.1,DEBTCONSOLIDATION,B,10175,11.88,0.328,35.02,54.62,661,N,12,1
CUST-11558,34,31063,RENT,6.0,VENTURE,C,17393,12.53,0.56,29.08,100.0,596,Y,15,1
CUST-11559,26,38709,RENT,0.7,MEDICAL,A,7510,7.75,0.194,17.35,74.99,731,N,4,0
CUST-11560,28,61664,MORTGAGE,10.0,MEDICAL,C,6974,13.3,0.113,26.17,34.08,661,N,7,0
CUST-11561,67,22308,MORTGAGE,0.5,PERSONAL,A,12759,8.08,0.572,15.95,45.29,765,N,35,0
CUST-11562,27,38627,RENT,9.0,EDUCATION,B,3488,12.39,0.09,12.11,52.91,612,N,8,0
CUST-11563,69,47816,RENT,9.0,EDUCATION,A,9488,8.35,0.198,19.23,31.72,755,N,35,0
CUST-11564,42,25351,OWN,5.7,EDUCATION,B,7031,10.35,0.277,18.99,59.66,739,N,20,0
CUST-11565,48,144062,MORTGAGE,12.2,DEBTCONSOLIDATION,D,9051,18.51,0.063,5.04,64.97,689,Y,29,1
CUST-11566,37,29375,MORTGAGE,0.7,EDUCATION,C,11191,15.4,0.381,18.31,43.27,700,N,18,0
CUST-11567,50,32805,RENT,1.0,MEDICAL,A,6335,8.87,0.193,15.64,97.44,732,N,29,0
CUST-11568,49,27255,MORTGAGE,1.5,PERSONAL,B,25609,10.84,0.94,30.42,48.92,680,N,27,1
CUST-11569,58,144218,RENT,1.4,VENTURE,D,11057,15.57,0.077,34.13,88.2,627,N,35,1
CUST-11570,54,68305,RENT,1.9,MEDICAL,C,8410,,0.123,7.51,46.11,678,N,32,1
CUST-11571,37,27946,RENT,4.3,MEDICAL,A,20001,7.75,0.716,31.28,41.9,789,Y,15,1
CUST-11572,61,95200,MORTGAGE,0.1,DEBTCONSOLIDATION,B,9572,11.43,0.101,6.72,27.45,721,N,35,0
CUST-11573,58,55293,RENT,2.4,HOMEIMPROVEMENT,B,4505,8.9,0.081,7.76,50.14,657,N,35,0
CUST-11574,36,57202,MORTGAGE,1.4,VENTURE,A,10069,8.0,0.176,42.91,27.29,701,N,16,0
CUST-11575,33,39867,RENT,4.7,DEBTCONSOLIDATION,C,4335,12.97,0.109,24.6,100.0,701,N,12,1
CUST-11576,50,31267,RENT,21.1,MEDICAL,C,5973,14.11,0.191,30.96,73.77,644,N,28,0
CUST-11577,43,60033,RENT,3.6,HOMEIMPROVEMENT,A,6253,6.76,0.104,16.87,26.95,716,N,22,0
CUST-11578,54,35346,RENT,2.8,EDUCATION,B,2786,9.63,0.079,15.25,83.21,660,N,35,0
CUST-11579,63,145809,RENT,2.3,PERSONAL,D,9373,16.43,0.064,14.6,68.73,591,Y,35,0
CUST-11580,64,22889,RENT,7.7,DEBTCONSOLIDATION,B,6254,9.09,0.273,18.39,36.27,756,N,35,0
CUST-11581,53,123215,RENT,0.4,PERSONAL,A,10738,,0.087,16.42,57.38,741,N,31,0
CUST-11582,22,45853,RENT,4.0,EDUCATION,C,3021,13.52,0.066,7.96,45.41,675,N,1,1
CUST-11583,56,58656,MORTGAGE,2.7,PERSONAL,A,8417,6.13,0.143,12.18,23.01,762,N,34,0
CUST-11584,62,80813,RENT,1.9,EDUCATION,D,5279,15.76,0.065,14.56,81.56,608,N,35,1
CUST-11585,59,33585,MORTGAGE,18.3,EDUCATION,E,7997,20.21,0.238,19.01,75.07,501,N,35,1
CUST-11586,45,82334,MORTGAGE,13.7,VENTURE,F,3712,21.64,0.045,2.5,51.85,559,Y,25,1
CUST-11587,42,15000,RENT,5.1,DEBTCONSOLIDATION,B,10175,11.35,0.678,30.09,57.35,674,N,20,0
CUST-11588,63,31824,MORTGAGE,0.1,PERSONAL,C,8889,12.31,0.279,12.72,70.01,592,N,35,1
CUST-11589,58,28157,MORTGAGE,6.9,HOMEIMPROVEMENT,D,8966,16.16,0.318,20.61,95.15,545,N,35,1
CUST-11590,34,23107,RENT,2.0,PERSONAL,A,5090,7.41,0.22,13.91,44.33,771,N,13,0
CUST-11591,68,43089,OWN,2.5,PERSONAL,A,4115,10.17,0.096,24.11,58.26,778,N,35,0
CUST-11592,23,61787,MORTGAGE,0.9,VENTURE,B,12442,9.63,0.201,21.4,46.49,620,N,1,0
CUST-11593,48,74726,OTHER,3.7,HOMEIMPROVEMENT,D,3351,17.25,0.045,29.81,83.98,592,N,28,1
CUST-11594,41,56643,MORTGAGE,6.8,PERSONAL,B,17969,11.07,0.317,13.43,57.35,713,N,21,1
CUST-11595,44,32878,RENT,1.6,EDUCATION,B,20375,12.6,0.62,21.17,63.18,705,N,23,1
CUST-11596,32,61169,RENT,14.0,PERSONAL,C,7011,15.13,0.115,25.3,66.85,632,N,11,1
CUST-11597,37,52816,MORTGAGE,1.1,DEBTCONSOLIDATION,B,12755,9.94,0.241,17.48,53.12,697,N,16,0
CUST-11598,52,85959,OTHER,0.3,EDUCATION,A,8309,6.24,0.097,21.16,58.29,783,N,30,0
CUST-11599,35,78132,MORTGAGE,5.2,MEDICAL,B,8371,8.8,0.107,11.44,44.22,715,N,16,0
CUST-11600,64,49925,OWN,9.5,HOMEIMPROVEMENT,C,10519,13.78,0.211,6.77,48.99,673,N,35,0
CUST-11601,61,28613,RENT,,MEDICAL,C,18159,14.72,0.635,21.17,57.96,635,N,35,1
CUST-11602,63,33131,RENT,7.3,DEBTCONSOLIDATION,C,4834,14.87,0.146,22.96,59.21,605,Y,35,1
CUST-11603,21,35246,OWN,1.1,DEBTCONSOLIDATION,B,12440,10.19,0.353,15.7,33.2,709,N,2,0
CUST-11604,54,40572,MORTGAGE,19.0,MEDICAL,D,9882,16.55,0.244,10.39,59.53,638,N,35,0
CUST-11605,61,57574,OTHER,12.6,MEDICAL,B,7035,,0.122,8.77,74.78,676,N,35,0
CUST-11606,53,75290,MORTGAGE,0.9,EDUCATION,B,5353,9.58,0.071,6.59,60.08,708,Y,33,0
CUST-11607,49,47540,RENT,4.1,DEBTCONSOLIDATION,C,6553,10.53,0.138,8.07,91.03,650,N,29,0
CUST-11608,32,49497,MORTGAGE,4.1,EDUCATION,D,3783,17.88,0.076,11.49,32.72,552,N,14,0
CUST-11609,32,53422,OWN,2.9,HOMEIMPROVEMENT,C,4385,12.11,0.082,11.77,47.01,644,N,12,1
CUST-11610,37,35970,MORTGAGE,19.0,EDUCATION,A,1312,7.15,0.036,9.44,63.89,756,N,16,0
CUST-11611,51,28134,RENT,0.3,EDUCATION,B,16783,11.05,0.597,28.6,66.22,684,N,30,1
CUST-11612,51,17098,RENT,4.9,PERSONAL,A,3992,6.95,0.233,13.7,93.34,788,N,32,0
CUST-11613,54,32302,MORTGAGE,1.1,MEDICAL,A,7086,8.8,0.219,28.09,40.98,706,N,32,0
CUST-11614,58,65113,RENT,3.7,EDUCATION,B,13422,13.71,0.206,29.89,49.83,775,Y,35,1
CUST-11615,65,32152,MORTGAGE,7.6,PERSONAL,D,2820,15.53,0.088,14.16,69.25,610,N,35,0
CUST-11616,48,42502,RENT,1.4,EDUCATION,B,2817,10.66,0.066,8.64,22.62,693,N,27,0
CUST-11617,68,64851,RENT,2.5,EDUCATION,A,5283,7.51,0.081,4.45,34.4,782,N,35,0
CUST-11618,48,66997,MORTGAGE,15.1,MEDICAL,A,7960,7.88,0.119,12.51,36.38,698,N,28,0
CUST-11619,63,25649,RENT,7.2,EDUCATION,B,6638,9.78,0.259,22.0,94.48,780,N,35,0
CUST-11620,35,89164,MORTGAGE,4.3,PERSONAL,C,33331,12.72,0.374,35.18,87.29,626,Y,15,1
CUST-11621,63,96414,RENT,1.3,MEDICAL,D,7296,15.75,0.076,16.02,86.34,641,N,35,0
CUST-11622,66,24886,OWN,2.8,HOMEIMPROVEMENT,F,9380,21.45,0.377,22.09,73.01,530,N,35,1
CUST-11623,29,29902,RENT,7.4,MEDICAL,D,6287,15.97,0.21,8.14,72.97,574,N,11,0
CUST-11624,49,100173,RENT,8.6,DEBTCONSOLIDATION,B,6454,7.49,0.064,20.89,59.89,736,N,29,0
CUST-11625,44,44886,MORTGAGE,1.4,PERSONAL,C,5545,13.61,0.124,24.76,56.99,669,N,22,0
CUST-11626,58,15000,MORTGAGE,5.4,HOMEIMPROVEMENT,A,22635,7.14,1.509,52.97,64.9,850,N,35,1
CUST-11627,39,21166,RENT,0.5,MEDICAL,A,16272,6.64,0.769,31.48,32.21,764,N,20,1
CUST-11628,24,42208,OTHER,0.1,MEDICAL,A,1618,7.61,0.038,11.24,59.1,728,N,3,0
CUST-11629,20,24395,MORTGAGE,2.0,MEDICAL,A,16451,7.49,0.674,28.9,50.67,685,N,1,0
CUST-11630,49,38251,OWN,1.3,EDUCATION,A,6113,7.02,0.16,15.28,82.2,724,N,29,0
CUST-11631,68,49982,MORTGAGE,0.4,EDUCATION,D,11700,16.51,0.234,21.15,99.27,619,Y,35,0
CUST-11632,22,117871,RENT,4.0,VENTURE,B,2588,9.8,0.022,13.56,75.52,687,N,2,0
CUST-11633,64,41180,RENT,3.4,PERSONAL,D,4063,15.1,0.099,22.68,93.78,637,N,35,0
CUST-11634,33,93295,RENT,8.0,MEDICAL,E,23555,21.85,0.252,12.15,89.05,583,Y,14,1
CUST-11635,49,115526,MORTGAGE,5.5,VENTURE,G,9945,,0.086,30.72,77.28,456,N,28,1
CUST-11636,69,115911,RENT,6.5,EDUCATION,E,1441,19.82,0.012,14.4,79.69,556,N,35,1
CUST-11637,23,58154,RENT,1.8,EDUCATION,C,31836,16.62,0.547,19.62,100.0,620,N,2,1
CUST-11638,37,15093,RENT,1.5,EDUCATION,B,6216,10.0,0.412,13.55,26.96,712,N,15,0
CUST-11639,56,64633,RENT,4.6,PERSONAL,B,9906,11.05,0.153,16.17,47.61,715,N,35,0
CUST-11640,44,91953,MORTGAGE,1.1,PERSONAL,D,9511,19.29,0.103,18.57,37.57,589,N,22,0
CUST-11641,67,46693,MORTGAGE,8.4,PERSONAL,D,14363,14.52,0.308,21.77,49.6,553,Y,35,1
CUST-11642,20,139629,MORTGAGE,2.0,PERSONAL,E,5198,21.1,0.037,31.53,49.27,668,N,1,0
CUST-11643,65,82116,OWN,1.3,EDUCATION,C,6188,13.77,0.075,12.51,74.95,661,N,35,1
CUST-11644,34,68938,MORTGAGE,4.9,EDUCATION,B,21860,9.89,0.317,35.0,51.55,711,N,15,0
CUST-11645,28,94073,OTHER,10.0,DEBTCONSOLIDATION,F,9123,22.06,0.097,15.17,56.73,464,N,7,0
CUST-11646,34,59875,RENT,0.4,DEBTCONSOLIDATION,E,5516,19.07,0.092,13.92,38.87,595,N,15,1
CUST-11647,68,15000,RENT,0.6,PERSONAL,B,6883,12.39,0.459,16.75,70.98,737,N,35,0
CUST-11648,43,36334,RENT,9.3,EDUCATION,C,10163,13.48,0.28,23.0,42.9,662,Y,23,0
CUST-11649,23,100538,RENT,0.6,MEDICAL,D,5412,17.34,0.054,16.9,46.35,615,N,5,0
CUST-11650,31,30195,OWN,0.2,PERSONAL,B,18174,9.87,0.602,31.28,60.55,705,N,9,0
CUST-11651,56,42869,MORTGAGE,2.1,MEDICAL,D,5589,16.85,0.13,16.87,82.79,579,N,35,0
CUST-11652,56,26189,RENT,3.1,EDUCATION,A,7725,7.04,0.295,10.06,34.91,726,N,35,0
CUST-11653,62,142964,MORTGAGE,4.2,EDUCATION,B,6846,8.8,0.048,14.82,35.43,692,N,35,0
CUST-11654,25,134442,MORTGAGE,3.5,HOMEIMPROVEMENT,B,7181,12.07,0.053,7.62,59.88,738,N,6,0
CUST-11655,58,28844,RENT,12.2,HOMEIMPROVEMENT,C,4893,13.92,0.17,14.03,77.52,659,N,35,1
CUST-11656,65,53550,MORTGAGE,7.3,DEBTCONSOLIDATION,A,10417,8.43,0.195,35.69,28.13,724,N,35,0
CUST-11657,43,32588,OWN,20.6,EDUCATION,A,8074,6.63,0.248,11.33,63.86,727,N,22,0
CUST-11658,30,70895,MORTGAGE,3.2,HOMEIMPROVEMENT,D,9209,17.92,0.13,16.61,41.31,534,N,10,1
CUST-11659,32,66556,MORTGAGE,0.4,MEDICAL,B,19817,11.06,0.298,13.95,45.97,716,Y,12,0
CUST-11660,53,79779,RENT,15.6,MEDICAL,B,2793,10.68,0.035,24.5,31.32,693,N,34,0
CUST-11661,44,59823,RENT,0.0,HOMEIMPROVEMENT,C,5344,,0.089,9.12,65.81,657,N,23,0
CUST-11662,26,285284,RENT,7.5,DEBTCONSOLIDATION,B,13622,10.1,0.048,22.12,11.48,806,N,8,0
CUST-11663,23,26456,MORTGAGE,0.2,VENTURE,D,7410,18.05,0.28,25.21,65.17,594,N,3,0
CUST-11664,27,17564,RENT,7.2,EDUCATION,B,8819,9.71,0.502,22.01,48.05,708,N,8,0
CUST-11665,39,38721,RENT,13.9,MEDICAL,C,5897,13.54,0.152,7.21,68.97,628,N,17,0
CUST-11666,48,19133,OWN,2.5,VENTURE,B,5165,9.38,0.27,22.07,27.0,694,N,26,0
CUST-11667,64,20020,MORTGAGE,1.4,HOMEIMPROVEMENT,E,5065,18.12,0.253,14.66,71.75,536,Y,35,0
CUST-11668,65,26881,MORTGAGE,1.3,VENTURE,B,9802,9.94,0.365,22.74,46.85,662,N,35,0
CUST-11669,29,28188,RENT,3.4,EDUCATION,B,27439,10.31,0.973,25.76,91.8,637,N,9,1
CUST-11670,62,27645,RENT,0.9,EDUCATION,F,16916,22.66,0.612,23.61,100.0,492,Y,35,1
CUST-11671,53,66898,RENT,5.6,PERSONAL,C,7015,,0.105,20.98,86.7,658,N,32,1
CUST-11672,45,36180,MORTGAGE,2.3,DEBTCONSOLIDATION,C,1836,14.2,0.051,37.55,34.03,639,N,24,0
CUST-11673,60,44015,RENT,2.0,PERSONAL,A,15495,7.12,0.352,11.01,60.69,742,N,35,1
CUST-11674,68,83829,MORTGAGE,3.1,MEDICAL,B,9321,9.91,0.111,4.92,45.62,684,N,35,0
CUST-11675,22,30952,OTHER,3.9,HOMEIMPROVEMENT,B,25577,11.26,0.826,30.29,54.43,705,N,1,1
CUST-11676,25,41825,RENT,0.8,MEDICAL,A,10907,6.85,0.261,24.26,71.02,753,N,5,0
CUST-11677,24,61050,RENT,6.0,HOMEIMPROVEMENT,B,7339,12.69,0.12,16.09,35.25,701,N,2,0
CUST-11678,24,15291,MORTGAGE,6.0,HOMEIMPROVEMENT,F,6430,22.52,0.421,29.05,34.49,519,Y,2,0
CUST-11679,66,15000,OWN,1.6,PERSONAL,A,3431,5.86,0.229,12.22,30.01,776,N,35,0
CUST-11680,42,60335,OWN,1.0,EDUCATION,A,7799,7.36,0.129,16.3,34.28,680,N,23,0
CUST-11681,68,65854,RENT,7.1,VENTURE,A,13933,6.72,0.212,12.88,77.63,723,N,35,0
CUST-11682,28,169148,RENT,1.0,MEDICAL,C,2153,11.53,0.013,10.9,51.57,622,N,9,0
CUST-11683,54,53898,MORTGAGE,0.2,MEDICAL,B,21231,11.77,0.394,11.42,39.87,723,N,35,0
CUST-11684,39,80165,MORTGAGE,4.8,MEDICAL,B,2989,11.8,0.037,19.85,40.47,681,N,19,0
CUST-11685,68,43595,RENT,1.4,PERSONAL,D,5228,15.63,0.12,10.08,74.81,576,N,35,1
CUST-11686,61,58590,MORTGAGE,0.9,EDUCATION,A,10265,8.35,0.175,19.38,16.1,756,N,35,0
CUST-11687,54,133299,MORTGAGE,20.0,PERSONAL,B,2870,11.55,0.022,20.93,13.05,728,N,35,0
CUST-11688,69,15000,RENT,1.7,PERSONAL,A,7336,7.48,0.489,19.54,75.99,776,N,35,0
CUST-11689,37,62828,MORTGAGE,11.7,MEDICAL,A,9017,8.64,0.144,23.03,47.02,783,N,19,0
CUST-11690,36,176548,RENT,1.0,MEDICAL,A,10024,7.85,0.057,12.01,20.11,754,N,17,0
CUST-11691,43,58059,MORTGAGE,8.5,PERSONAL,B,6245,11.87,0.108,9.2,28.12,710,Y,23,0
CUST-11692,22,131971,MORTGAGE,3.5,VENTURE,B,3625,9.09,0.027,24.19,95.46,691,N,1,0
CUST-11693,51,33606,RENT,0.4,EDUCATION,A,18067,7.68,0.538,13.79,58.72,739,N,33,0
CUST-11694,54,48087,MORTGAGE,6.6,DEBTCONSOLIDATION,A,10992,7.74,0.229,14.05,63.34,716,Y,32,1
CUST-11695,57,50016,MORTGAGE,11.1,EDUCATION,A,10012,6.11,0.2,15.04,65.55,774,N,35,1
CUST-11696,32,15000,OWN,0.9,PERSONAL,A,5959,6.23,0.397,17.8,52.05,687,N,14,0
CUST-11697,66,24320,RENT,6.5,VENTURE,A,12392,5.6,0.51,18.95,38.22,704,N,35,1
CUST-11698,44,25384,MORTGAGE,2.9,MEDICAL,A,3221,7.55,0.127,28.68,30.08,815,N,24,0
CUST-11699,28,80277,MORTGAGE,7.0,EDUCATION,F,21262,21.47,0.265,32.87,89.69,526,N,9,1
CUST-11700,23,82726,MORTGAGE,5.0,EDUCATION,B,5739,8.95,0.069,28.09,84.15,705,N,3,1
CUST-11701,33,59541,OWN,0.1,PERSONAL,C,13259,14.96,0.223,38.22,80.96,608,Y,12,1
CUST-11702,56,80375,RENT,1.0,EDUCATION,D,15834,16.98,0.197,31.85,74.42,627,N,35,0
CUST-11703,53,44422,RENT,,PERSONAL,C,9151,12.63,0.206,30.38,66.81,698,N,32,1
CUST-11704,30,100826,MORTGAGE,12.0,MEDICAL,C,9698,13.74,0.096,12.7,68.32,701,N,11,0
CUST-11705,60,49279,RENT,2.1,HOMEIMPROVEMENT,C,8125,13.21,0.165,18.66,100.0,597,Y,35,1
CUST-11706,22,50752,OWN,4.0,HOMEIMPROVEMENT,C,15077,11.63,0.297,13.04,52.7,691,N,4,0
CUST-11707,47,41799,MORTGAGE,0.1,PERSONAL,E,5678,19.83,0.136,19.04,79.03,570,N,28,0
CUST-11708,48,73914,RENT,6.2,HOMEIMPROVEMENT,A,12025,9.47,0.163,20.2,74.08,662,N,27,0
CUST-11709,28,38073,MORTGAGE,4.6,MEDICAL,A,8661,9.19,0.227,32.72,90.05,696,N,8,1
CUST-11710,22,88067,RENT,4.0,PERSONAL,A,18374,7.62,0.209,14.25,71.13,684,N,3,0
CUST-11711,44,24852,MORTGAGE,11.8,VENTURE,D,17509,15.98,0.705,34.54,87.64,631,N,22,1
CUST-11712,53,25352,RENT,0.8,EDUCATION,B,5909,11.18,0.233,16.65,54.44,693,N,33,1
CUST-11713,31,74047,RENT,1.5,EDUCATION,D,14955,16.82,0.202,16.14,74.21,587,Y,13,1
CUST-11714,61,46484,RENT,27.3,PERSONAL,B,10831,10.33,0.233,7.03,22.21,697,N,35,0
CUST-11715,28,37334,MORTGAGE,0.8,MEDICAL,B,8338,,0.223,16.88,26.35,761,N,9,0
CUST-11716,34,83619,RENT,6.4,PERSONAL,B,14405,10.02,0.172,13.47,76.07,690,Y,12,1
CUST-11717,59,34051,RENT,6.5,HOMEIMPROVEMENT,B,12828,11.65,0.377,18.58,37.85,712,N,35,0
CUST-11718,44,43472,RENT,5.7,MEDICAL,C,6270,13.67,0.144,19.0,69.52,672,N,22,0
CUST-11719,24,113497,RENT,1.3,MEDICAL,B,3866,10.68,0.034,7.05,45.64,658,N,2,0
CUST-11720,30,123436,OWN,1.2,PERSONAL,C,4464,11.52,0.036,9.19,53.36,670,N,9,0
CUST-11721,53,125924,RENT,5.5,HOMEIMPROVEMENT,A,5331,8.82,0.042,13.64,19.1,782,N,35,0
CUST-11722,43,41387,MORTGAGE,1.0,MEDICAL,B,7271,11.5,0.176,3.68,77.33,735,N,24,0
CUST-11723,34,102582,MORTGAGE,5.4,MEDICAL,B,10123,10.73,0.099,27.64,100.0,695,N,14,0
CUST-11724,57,27739,MORTGAGE,3.4,VENTURE,D,8701,17.74,0.314,14.33,70.44,643,N,35,0
CUST-11725,27,28448,RENT,2.4,PERSONAL,D,2989,17.0,0.105,13.36,26.89,627,N,9,0
CUST-11726,24,15000,OWN,1.8,EDUCATION,B,6608,8.94,0.441,21.68,36.9,702,N,6,0
CUST-11727,67,133749,RENT,14.7,MEDICAL,A,21949,6.34,0.164,12.14,29.19,782,N,35,0
CUST-11728,45,29190,MORTGAGE,3.5,MEDICAL,D,6277,16.43,0.215,31.06,51.1,671,N,26,1
CUST-11729,37,45436,OTHER,4.1,PERSONAL,A,2772,5.47,0.061,29.87,68.8,782,N,19,0
CUST-11730,25,28390,OWN,7.0,EDUCATION,B,12747,11.85,0.449,27.2,59.51,697,N,3,0
CUST-11731,56,74391,MORTGAGE,5.3,EDUCATION,A,1438,7.24,0.019,28.47,21.24,733,N,35,0
CUST-11732,67,39129,OTHER,15.8,DEBTCONSOLIDATION,B,11217,10.66,0.287,16.27,30.35,718,N,35,1
CUST-11733,32,22406,MORTGAGE,0.6,EDUCATION,C,10834,,0.484,37.47,92.43,655,N,13,1
CUST-11734,47,63895,RENT,,EDUCATION,B,10117,11.28,0.158,23.51,31.19,739,Y,25,1
CUST-11735,24,20738,RENT,2.0,HOMEIMPROVEMENT,E,4563,19.33,0.22,27.39,70.29,537,N,4,1
CUST-11736,32,29660,RENT,8.3,MEDICAL,C,8111,13.11,0.273,19.02,98.4,686,N,12,1
CUST-11737,36,15000,RENT,9.7,MEDICAL,C,4874,15.19,0.325,13.82,59.74,601,Y,15,1
CUST-11738,69,20860,MORTGAGE,1.6,MEDICAL,B,4654,12.07,0.223,23.22,51.76,694,N,35,0
CUST-11739,59,54563,MORTGAGE,2.6,MEDICAL,A,25327,8.4,0.464,19.95,66.83,770,N,35,0
CUST-11740,64,15082,RENT,6.5,MEDICAL,C,12889,13.75,0.855,57.18,51.35,646,N,35,1
CUST-11741,51,20157,MORTGAGE,0.5,PERSONAL,C,9949,12.88,0.494,22.53,71.09,665,N,31,0
CUST-11742,48,48951,RENT,7.0,HOMEIMPROVEMENT,B,7572,10.15,0.155,19.68,37.02,748,N,27,0
CUST-11743,22,35377,OTHER,0.6,PERSONAL,B,12309,10.1,0.348,20.56,79.09,680,N,3,0
CUST-11744,59,161979,OWN,12.3,EDUCATION,B,8604,10.97,0.053,26.04,23.82,651,N,35,0
CUST-11745,53,147316,OWN,1.6,PERSONAL,C,12605,13.46,0.086,26.95,76.37,610,N,35,0
CUST-11746,59,29121,MORTGAGE,4.3,VENTURE,C,18448,13.49,0.633,32.63,62.57,647,N,35,1
CUST-11747,46,68479,RENT,0.6,MEDICAL,C,10655,15.35,0.156,10.59,67.66,694,Y,25,1
CUST-11748,32,76846,MORTGAGE,1.6,VENTURE,D,4650,17.87,0.061,26.45,59.19,599,N,14,0
CUST-11749,64,34252,RENT,2.6,VENTURE,B,15585,,0.455,29.5,75.21,775,N,35,0
CUST-11750,52,19983,RENT,3.3,PERSONAL,A,7511,7.86,0.376,36.48,54.87,706,N,33,0
CUST-11751,25,48660,MORTGAGE,0.0,EDUCATION,B,9514,9.57,0.196,23.31,89.75,639,N,6,1
CUST-11752,43,44191,RENT,11.0,MEDICAL,B,6774,11.22,0.153,7.77,84.7,708,N,21,0
CUST-11753,38,37742,OWN,0.0,EDUCATION,A,3316,9.82,0.088,25.64,39.99,730,N,16,0
CUST-11754,35,63920,OWN,7.4,EDUCATION,B,13650,10.07,0.214,31.55,62.24,674,N,13,0
CUST-11755,59,31243,RENT,3.2,HOMEIMPROVEMENT,C,16792,14.45,0.537,17.68,55.54,651,N,35,0
CUST-11756,47,24558,MORTGAGE,3.7,VENTURE,C,9407,15.44,0.383,19.83,34.87,607,N,28,0
CUST-11757,52,52336,RENT,1.2,EDUCATION,D,14469,16.34,0.276,21.76,47.42,629,N,33,1
CUST-11758,67,61795,OWN,4.7,VENTURE,D,5517,17.09,0.089,21.92,34.25,617,Y,35,0
CUST-11759,60,24197,MORTGAGE,3.9,VENTURE,A,8891,9.56,0.367,37.05,44.75,737,N,35,0
CUST-11760,32,85549,RENT,0.9,PERSONAL,B,4988,9.38,0.058,5.53,42.19,707,N,14,0
CUST-11761,62,16944,RENT,1.4,EDUCATION,B,10549,9.26,0.623,30.6,42.89,767,N,35,0
CUST-11762,64,34652,RENT,0.3,EDUCATION,B,10155,9.01,0.293,29.06,42.06,691,N,35,0
CUST-11763,44,41990,OWN,0.3,EDUCATION,A,8666,8.41,0.206,19.74,35.35,733,N,26,0
CUST-11764,61,33465,RENT,0.1,EDUCATION,A,9356,6.28,0.28,22.39,70.77,774,N,35,1
CUST-11765,55,34925,RENT,1.2,DEBTCONSOLIDATION,A,1509,8.17,0.043,12.18,25.33,727,N,35,0
CUST-11766,46,150639,OWN,5.7,MEDICAL,D,5693,,0.038,25.12,65.96,627,N,25,1
CUST-11767,57,29421,OWN,1.9,HOMEIMPROVEMENT,A,4584,6.71,0.156,29.77,74.59,779,N,35,0
CUST-11768,26,212083,MORTGAGE,2.1,EDUCATION,A,10984,,0.052,7.3,51.31,799,N,8,0
CUST-11769,24,63721,MORTGAGE,0.7,PERSONAL,A,8774,8.3,0.138,17.58,24.38,739,N,4,0
CUST-11770,62,51804,MORTGAGE,4.3,HOMEIMPROVEMENT,C,1645,13.56,0.032,4.9,97.91,604,Y,35,0
CUST-11771,64,65234,MORTGAGE,,MEDICAL,A,4297,5.0,0.066,21.42,62.84,741,N,35,0
CUST-11772,50,223676,RENT,5.6,HOMEIMPROVEMENT,A,1000,9.34,0.004,19.49,39.48,756,Y,31,0
CUST-11773,42,27006,MORTGAGE,6.8,PERSONAL,B,20744,11.16,0.768,37.07,94.31,678,N,24,1
CUST-11774,61,25027,RENT,4.4,DEBTCONSOLIDATION,B,4521,10.04,0.181,31.02,44.33,705,N,35,0
CUST-11775,29,31165,RENT,1.6,EDUCATION,B,11496,9.99,0.369,20.55,62.97,761,N,9,0
CUST-11776,51,49975,OWN,,PERSONAL,C,7110,14.34,0.142,18.63,44.95,630,N,29,0
CUST-11777,62,17405,RENT,1.5,VENTURE,A,3223,7.45,0.185,16.13,46.42,722,N,35,0
CUST-11778,49,49682,OWN,11.7,HOMEIMPROVEMENT,A,5627,7.57,0.113,8.81,34.23,783,N,31,0
CUST-11779,58,135418,RENT,7.3,PERSONAL,A,11320,7.68,0.084,14.63,26.55,707,N,35,1
CUST-11780,50,53682,RENT,3.4,DEBTCONSOLIDATION,D,6176,15.52,0.115,23.23,52.2,610,N,30,0
CUST-11781,37,41125,MORTGAGE,16.8,VENTURE,A,12602,7.07,0.306,26.02,78.14,732,N,16,0
CUST-11782,55,33830,MORTGAGE,4.0,EDUCATION,G,4095,24.27,0.121,21.2,63.15,442,Y,33,1
CUST-11783,21,84044,MORTGAGE,2.0,PERSONAL,D,8067,15.59,0.096,28.52,83.24,605,N,1,1
CUST-11784,33,29866,OWN,0.5,EDUCATION,B,10451,10.83,0.35,11.79,51.91,678,N,11,1
CUST-11785,32,148425,RENT,3.9,EDUCATION,C,5126,,0.035,24.65,75.88,668,N,12,0
CUST-11786,48,156375,OWN,9.8,MEDICAL,B,7785,12.52,0.05,6.81,71.94,707,Y,26,0
CUST-11787,31,57185,RENT,10.1,HOMEIMPROVEMENT,B,5117,9.59,0.089,18.99,36.91,706,N,13,0
CUST-11788,58,48683,OWN,4.6,VENTURE,B,9450,11.57,0.194,18.57,72.13,667,N,35,0
CUST-11789,21,90980,RENT,2.5,MEDICAL,C,4519,15.21,0.05,16.02,52.22,630,N,1,0
CUST-11790,51,94549,MORTGAGE,5.3,PERSONAL,A,6666,8.64,0.071,21.2,20.12,759,N,29,0
CUST-11791,32,30224,MORTGAGE,7.2,DEBTCONSOLIDATION,B,1000,9.9,0.033,23.96,49.59,669,N,11,0
CUST-11792,65,35741,RENT,2.7,EDUCATION,C,8337,13.13,0.233,25.45,84.97,649,N,35,1
CUST-11793,46,22172,OWN,3.2,EDUCATION,B,7975,12.32,0.36,22.13,77.01,712,N,26,0
CUST-11794,68,62657,RENT,5.7,VENTURE,F,9132,21.78,0.146,8.12,100.0,556,N,35,0
CUST-11795,60,73128,RENT,10.5,HOMEIMPROVEMENT,A,2798,7.46,0.038,16.76,77.22,731,N,35,1
CUST-11796,36,21808,MORTGAGE,7.8,DEBTCONSOLIDATION,E,13657,18.92,0.626,15.75,64.75,556,N,18,1
CUST-11797,59,37304,RENT,0.1,DEBTCONSOLIDATION,C,8373,14.43,0.224,15.01,49.08,657,N,35,0
CUST-11798,50,21843,RENT,0.7,DEBTCONSOLIDATION,C,7373,,0.338,21.83,75.7,624,N,30,0
CUST-11799,53,28587,MORTGAGE,9.6,MEDICAL,D,2963,15.53,0.104,14.0,73.9,562,N,35,1
CUST-11800,43,68227,MORTGAGE,9.0,PERSONAL,D,11757,15.32,0.172,12.73,57.67,622,N,22,1
CUST-11801,64,31568,RENT,2.5,MEDICAL,B,13723,12.41,0.435,29.23,25.87,691,N,35,0
CUST-11802,54,40925,MORTGAGE,4.4,PERSONAL,C,29271,13.78,0.715,32.55,58.42,669,N,32,1
CUST-11803,67,18464,MORTGAGE,11.8,PERSONAL,A,1875,7.26,0.102,7.45,53.82,730,N,35,1
CUST-11804,25,54841,MORTGAGE,7.0,PERSONAL,B,18340,10.26,0.334,40.81,55.63,703,N,6,0
CUST-11805,38,47735,OWN,7.6,PERSONAL,E,9268,17.84,0.194,5.12,71.66,507,Y,20,1
CUST-11806,49,31654,MORTGAGE,1.2,MEDICAL,A,16494,9.13,0.521,33.29,34.62,771,N,27,0
CUST-11807,26,43765,MORTGAGE,6.6,EDUCATION,A,10426,7.08,0.238,15.66,44.17,731,N,5,0
CUST-11808,29,54621,RENT,0.5,EDUCATION,B,11184,11.21,0.205,12.45,77.66,695,N,8,0
CUST-11809,60,30063,RENT,11.2,HOMEIMPROVEMENT,B,17728,9.71,0.59,23.36,28.61,695,N,35,0
CUST-11810,51,20216,MORTGAGE,0.8,VENTURE,B,13645,10.43,0.675,25.33,62.96,688,N,30,0
CUST-11811,53,144834,OTHER,5.4,DEBTCONSOLIDATION,B,14866,9.4,0.103,24.69,64.04,702,N,35,0
CUST-11812,47,33524,MORTGAGE,4.7,MEDICAL,C,7396,13.2,0.221,25.83,45.48,650,N,28,0
CUST-11813,34,46255,RENT,7.5,EDUCATION,B,1259,11.75,0.027,4.67,38.06,708,N,15,0
CUST-11814,49,89904,MORTGAGE,4.0,PERSONAL,B,8518,10.63,0.095,15.55,84.75,656,N,29,0
CUST-11815,56,350000,MORTGAGE,0.3,VENTURE,G,5166,24.95,0.015,35.88,100.0,527,Y,35,1
CUST-11816,48,23232,MORTGAGE,6.1,HOMEIMPROVEMENT,E,12782,19.58,0.55,26.96,36.97,566,Y,28,1
CUST-11817,41,64208,MORTGAGE,2.4,PERSONAL,C,8959,15.46,0.14,24.2,85.03,662,N,19,1
CUST-11818,23,32063,MORTGAGE,1.9,HOMEIMPROVEMENT,A,7861,6.52,0.245,14.57,57.78,745,N,3,0
CUST-11819,39,35480,RENT,21.0,MEDICAL,B,6477,10.33,0.183,9.05,46.57,663,N,18,0
CUST-11820,51,31820,OWN,4.5,PERSONAL,D,11871,16.73,0.373,31.95,39.4,699,N,32,0
CUST-11821,55,24949,MORTGAGE,6.2,VENTURE,B,7602,9.3,0.305,15.67,80.57,704,N,35,0
CUST-11822,69,47821,RENT,3.7,MEDICAL,E,8548,19.65,0.179,17.93,54.2,515,N,35,0
CUST-11823,23,20237,RENT,5.0,PERSONAL,B,7935,10.54,0.392,19.34,44.99,697,N,5,0
CUST-11824,46,86515,OWN,7.0,EDUCATION,D,7411,16.64,0.086,12.87,94.46,596,N,25,0
CUST-11825,36,50665,OWN,5.4,HOMEIMPROVEMENT,A,1877,7.64,0.037,23.5,21.77,744,Y,16,0
CUST-11826,31,63162,RENT,13.0,MEDICAL,B,7472,9.69,0.118,8.51,67.95,643,N,9,0
CUST-11827,41,37059,RENT,3.1,EDUCATION,C,4370,11.55,0.118,6.81,59.08,651,N,23,0
CUST-11828,36,39327,RENT,6.1,DEBTCONSOLIDATION,D,7633,16.72,0.194,39.57,64.23,579,N,14,1
CUST-11829,29,58252,RENT,8.0,EDUCATION,B,8862,9.43,0.152,9.98,32.86,752,Y,11,1
CUST-11830,20,24381,MORTGAGE,2.0,EDUCATION,A,5993,7.39,0.246,16.14,43.45,746,N,1,0
CUST-11831,41,39545,MORTGAGE,3.1,EDUCATION,D,1163,15.6,0.029,16.41,31.12,635,N,23,0
CUST-11832,45,29267,MORTGAGE,17.4,HOMEIMPROVEMENT,B,6172,8.72,0.211,27.82,55.22,731,N,23,0
CUST-11833,37,28728,MORTGAGE,0.2,MEDICAL,A,5924,7.93,0.206,24.13,13.47,766,N,19,0
CUST-11834,69,15000,RENT,2.0,VENTURE,B,6761,11.34,0.451,16.72,95.38,706,N,35,1
CUST-11835,33,109490,RENT,3.3,DEBTCONSOLIDATION,C,3102,14.82,0.028,22.74,56.33,688,N,14,0
CUST-11836,66,32470,RENT,0.0,HOMEIMPROVEMENT,B,8906,,0.274,21.03,52.71,678,N,35,0
CUST-11837,48,98521,RENT,11.5,PERSONAL,D,9392,16.55,0.095,38.6,61.55,636,N,26,0
CUST-11838,31,93085,RENT,1.7,HOMEIMPROVEMENT,B,6932,10.91,0.074,9.43,29.31,685,N,9,0
CUST-11839,55,22660,MORTGAGE,1.5,VENTURE,B,13092,11.73,0.578,26.49,81.03,703,N,35,1
CUST-11840,54,25513,MORTGAGE,8.6,EDUCATION,A,7885,5.4,0.309,31.04,43.34,708,N,33,0
CUST-11841,31,227817,MORTGAGE,1.6,EDUCATION,B,6902,8.74,0.03,9.13,57.31,654,N,11,0
CUST-11842,26,140162,MORTGAGE,,VENTURE,A,7567,9.17,0.054,12.47,49.31,747,Y,7,0
CUST-11843,48,48102,MORTGAGE,8.6,EDUCATION,A,14035,5.48,0.292,20.46,22.08,788,N,27,0
CUST-11844,30,57206,MORTGAGE,7.9,EDUCATION,A,10816,8.6,0.189,9.13,12.02,743,N,10,0
CUST-11845,52,33573,RENT,7.6,VENTURE,A,4785,9.1,0.143,15.11,43.27,809,N,30,0
CUST-11846,25,63539,OTHER,0.5,HOMEIMPROVEMENT,A,4070,8.46,0.064,11.06,38.38,764,N,7,0
CUST-11847,66,31878,RENT,0.4,PERSONAL,B,6946,,0.218,5.11,72.33,694,N,35,0
CUST-11848,34,15000,RENT,1.8,MEDICAL,A,13359,6.43,0.891,33.05,52.51,802,N,16,1
CUST-11849,51,22182,RENT,0.2,VENTURE,A,12456,7.43,0.562,18.08,14.19,796,N,32,0
CUST-11850,30,49645,OWN,3.5,VENTURE,F,9062,24.1,0.183,18.22,87.22,482,Y,12,1
CUST-11851,42,24868,OTHER,2.5,DEBTCONSOLIDATION,B,5400,12.59,0.217,24.6,68.48,699,N,20,1
CUST-11852,45,47081,MORTGAGE,4.1,VENTURE,B,11091,10.86,0.236,25.3,68.41,718,N,25,0
CUST-11853,53,25724,MORTGAGE,1.8,VENTURE,A,2341,,0.091,6.3,37.31,775,Y,33,0
CUST-11854,65,30656,MORTGAGE,3.3,DEBTCONSOLIDATION,B,5823,10.69,0.19,31.89,35.62,721,N,35,0
CUST-11855,53,81789,OWN,2.0,PERSONAL,B,11562,10.25,0.141,13.53,65.61,694,N,35,0
CUST-11856,48,56868,MORTGAGE,1.1,PERSONAL,B,2578,10.53,0.045,28.83,26.83,689,N,27,0
CUST-11857,23,48737,OWN,5.0,MEDICAL,B,15987,8.51,0.328,33.61,76.63,696,N,1,0
CUST-11858,36,83064,RENT,5.6,EDUCATION,C,15573,13.79,0.187,16.82,26.24,624,N,14,0
CUST-11859,54,65405,RENT,8.8,PERSONAL,E,7986,17.7,0.122,14.44,63.75,522,Y,33,1
CUST-11860,32,116767,MORTGAGE,10.4,EDUCATION,D,12142,13.46,0.104,20.15,39.42,628,N,12,1
CUST-11861,60,37200,RENT,,VENTURE,A,5993,7.77,0.161,16.85,74.82,770,N,35,0
CUST-11862,58,37881,OWN,5.8,HOMEIMPROVEMENT,C,4147,15.8,0.109,20.9,64.22,711,N,35,0
CUST-11863,34,22456,MORTGAGE,0.3,PERSONAL,A,17359,6.5,0.773,23.25,38.02,729,N,16,1
CUST-11864,48,37896,OWN,0.6,MEDICAL,C,14593,12.93,0.385,17.72,69.36,663,N,30,0
CUST-11865,48,87453,RENT,8.4,EDUCATION,B,12165,11.57,0.139,21.78,50.28,691,N,29,0
CUST-11866,30,106936,MORTGAGE,1.3,VENTURE,B,2071,11.9,0.019,22.27,34.29,695,N,10,0
CUST-11867,51,87219,MORTGAGE,2.2,MEDICAL,B,7487,10.63,0.086,7.76,54.43,678,N,29,0
CUST-11868,21,16705,MORTGAGE,0.8,DEBTCONSOLIDATION,C,19727,12.65,1.181,26.94,62.89,652,N,3,1
CUST-11869,66,93890,MORTGAGE,1.1,PERSONAL,C,10933,15.09,0.116,20.65,72.07,698,N,35,1
CUST-11870,33,16266,OWN,7.5,MEDICAL,A,7755,6.02,0.477,19.54,100.0,735,N,12,0
CUST-11871,39,84025,MORTGAGE,1.5,PERSONAL,C,7643,12.87,0.091,31.45,75.45,664,N,21,1
CUST-11872,41,39313,RENT,3.0,MEDICAL,D,7657,17.21,0.195,21.14,40.73,589,N,23,0
CUST-11873,30,74721,OWN,0.8,HOMEIMPROVEMENT,A,1056,5.62,0.014,15.17,70.74,699,N,8,0
CUST-11874,46,22038,RENT,5.7,DEBTCONSOLIDATION,B,9822,10.97,0.446,23.09,42.92,695,N,26,0
CUST-11875,22,98982,RENT,4.0,EDUCATION,C,10679,14.87,0.108,14.42,61.32,717,N,1,1
CUST-11876,36,20353,RENT,2.2,HOMEIMPROVEMENT,B,2378,12.51,0.117,16.45,41.79,671,N,15,0
CUST-11877,63,32824,OWN,7.7,EDUCATION,C,8738,13.03,0.266,29.29,98.33,616,N,35,0
CUST-11878,47,26933,RENT,1.4,PERSONAL,B,6425,9.97,0.239,18.44,65.79,669,N,25,0
CUST-11879,48,17110,RENT,5.9,HOMEIMPROVEMENT,F,3416,22.86,0.2,31.29,31.76,593,N,30,0
CUST-11880,40,51881,OWN,6.5,PERSONAL,E,1000,18.76,0.019,12.24,95.52,609,N,18,0
CUST-11881,66,144878,MORTGAGE,17.3,PERSONAL,A,5412,7.13,0.037,12.02,33.86,772,N,35,0
CUST-11882,35,242836,RENT,1.3,EDUCATION,B,7673,10.89,0.032,2.0,48.96,747,N,16,0
CUST-11883,56,51963,MORTGAGE,0.5,EDUCATION,B,10641,10.95,0.205,17.22,100.0,732,N,35,1
CUST-11884,39,95799,OWN,1.5,PERSONAL,A,12450,5.21,0.13,11.0,16.18,746,N,18,0
CUST-11885,25,56345,RENT,0.7,HOMEIMPROVEMENT,B,8364,9.1,0.148,9.66,36.49,684,N,3,0
CUST-11886,38,66126,MORTGAGE,0.9,EDUCATION,C,3789,11.3,0.057,15.21,82.35,686,N,20,1
CUST-11887,24,39923,MORTGAGE,2.0,MEDICAL,D,16815,14.5,0.421,34.04,66.08,614,N,3,1
CUST-11888,22,55107,MORTGAGE,2.7,EDUCATION,D,8455,15.16,0.153,28.63,57.33,578,N,1,1
CUST-11889,20,67676,MORTGAGE,2.0,MEDICAL,A,5861,7.23,0.087,17.49,15.06,768,N,1,0
CUST-11890,57,34645,MORTGAGE,1.1,VENTURE,C,7984,13.35,0.23,20.11,48.88,639,Y,35,0
CUST-11891,34,46793,RENT,,DEBTCONSOLIDATION,B,14874,7.92,0.318,27.01,40.88,739,N,15,0
CUST-11892,53,47332,MORTGAGE,8.3,DEBTCONSOLIDATION,A,17859,6.38,0.377,19.23,46.44,716,N,33,0
CUST-11893,54,80486,RENT,10.7,MEDICAL,B,6478,8.68,0.08,18.86,31.2,720,N,35,0
CUST-11894,68,25858,RENT,13.3,DEBTCONSOLIDATION,D,22732,16.26,0.879,26.26,55.64,616,N,35,1
CUST-11895,44,47528,RENT,7.0,EDUCATION,B,14286,9.71,0.301,23.87,19.96,706,N,24,0
CUST-11896,43,154384,MORTGAGE,7.8,PERSONAL,G,5053,26.01,0.033,3.67,37.37,510,N,25,1
CUST-11897,31,98561,RENT,2.9,VENTURE,B,10164,10.33,0.103,21.73,78.88,693,N,9,0
CUST-11898,37,110139,RENT,,PERSONAL,B,4987,9.77,0.045,7.42,56.87,718,N,17,0
CUST-11899,34,49744,RENT,,PERSONAL,A,10422,7.19,0.21,15.15,33.88,760,Y,16,0
CUST-11900,63,59432,MORTGAGE,2.4,DEBTCONSOLIDATION,A,9644,6.73,0.162,15.12,78.18,754,Y,35,0
CUST-11901,35,89441,MORTGAGE,0.2,HOMEIMPROVEMENT,B,6465,12.11,0.072,14.56,19.01,742,N,13,0
CUST-11902,46,125010,MORTGAGE,7.2,PERSONAL,B,18966,10.1,0.152,22.45,56.54,653,N,28,1
CUST-11903,27,15199,RENT,4.3,HOMEIMPROVEMENT,B,8299,11.05,0.546,16.63,60.41,721,N,9,1
CUST-11904,65,22264,RENT,8.4,HOMEIMPROVEMENT,B,32474,11.45,1.459,35.59,17.82,708,N,35,1
CUST-11905,44,107545,MORTGAGE,0.4,DEBTCONSOLIDATION,D,5494,15.71,0.051,18.77,72.75,628,N,24,0
CUST-11906,36,41517,OWN,4.9,MEDICAL,B,10551,8.34,0.254,34.37,41.4,721,Y,17,0
CUST-11907,48,32760,RENT,1.4,VENTURE,B,12552,9.92,0.383,17.32,29.94,723,N,30,0
CUST-11908,27,23098,RENT,9.0,VENTURE,C,4365,14.26,0.189,13.81,60.33,637,N,8,1
CUST-11909,34,35136,RENT,0.6,VENTURE,A,5838,5.47,0.166,17.15,61.74,727,N,13,0
CUST-11910,46,21132,MORTGAGE,9.3,VENTURE,E,6705,19.8,0.317,34.19,67.18,587,Y,27,1
CUST-11911,65,171898,RENT,0.5,MEDICAL,C,9130,14.51,0.053,28.69,86.26,702,N,35,0
CUST-11912,69,48365,MORTGAGE,0.1,MEDICAL,A,6909,9.17,0.143,24.13,33.13,743,N,35,0
CUST-11913,26,47345,RENT,1.3,DEBTCONSOLIDATION,D,13331,17.31,0.282,10.69,50.03,575,N,7,1
CUST-11914,22,69762,RENT,2.0,EDUCATION,E,4352,19.85,0.062,15.34,68.08,598,Y,1,1
CUST-11915,48,87326,RENT,4.9,PERSONAL,C,7213,13.72,0.083,12.3,39.19,621,Y,29,1
CUST-11916,63,86468,MORTGAGE,0.7,VENTURE,B,8229,9.05,0.095,5.36,43.1,711,N,35,0
CUST-11917,43,93355,MORTGAGE,2.9,EDUCATION,G,3772,23.36,0.04,13.23,96.94,465,N,22,1
CUST-11918,22,33573,RENT,1.1,MEDICAL,A,10781,5.42,0.321,29.4,49.5,740,N,4,1
CUST-11919,39,40998,OWN,9.7,PERSONAL,B,10127,10.59,0.247,12.29,27.18,700,Y,19,0
CUST-11920,65,77762,RENT,,VENTURE,A,9881,8.03,0.127,25.05,36.34,740,N,35,0
CUST-11921,34,35723,MORTGAGE,2.2,DEBTCONSOLIDATION,B,11245,10.64,0.315,28.54,29.24,708,N,16,0
CUST-11922,44,48870,MORTGAGE,5.0,VENTURE,E,8007,19.84,0.164,30.8,97.7,581,Y,24,1
CUST-11923,49,62271,RENT,12.2,EDUCATION,C,11469,14.41,0.184,4.56,32.72,632,Y,28,0
CUST-11924,33,78520,MORTGAGE,10.1,DEBTCONSOLIDATION,C,9638,11.91,0.123,24.95,67.39,631,N,14,0
CUST-11925,26,16871,MORTGAGE,8.0,EDUCATION,B,2846,10.58,0.169,13.07,63.75,744,N,8,0
CUST-11926,36,75270,RENT,0.3,MEDICAL,E,3573,19.8,0.047,21.24,60.85,562,N,17,1
CUST-11927,63,42606,MORTGAGE,9.2,MEDICAL,B,18055,9.94,0.424,30.73,77.84,710,N,35,0
CUST-11928,39,74942,RENT,7.6,DEBTCONSOLIDATION,A,8201,5.0,0.109,8.13,29.99,702,N,17,0
CUST-11929,55,78132,MORTGAGE,11.6,PERSONAL,C,10316,12.27,0.132,21.13,25.52,713,N,34,0
CUST-11930,28,128636,RENT,1.9,VENTURE,B,9923,9.89,0.077,26.98,79.07,716,N,8,0
CUST-11931,57,110422,MORTGAGE,12.1,EDUCATION,A,8893,7.68,0.081,35.43,35.5,679,N,35,0
CUST-11932,67,109967,RENT,2.6,PERSONAL,E,23490,19.54,0.214,17.56,74.99,535,N,35,1
CUST-11933,41,116564,RENT,5.0,DEBTCONSOLIDATION,C,11177,15.81,0.096,30.55,40.32,625,N,20,0
CUST-11934,21,58385,RENT,2.8,MEDICAL,E,6437,20.63,0.11,11.0,81.25,630,N,3,0
CUST-11935,43,49976,RENT,2.8,VENTURE,B,17912,10.47,0.358,21.45,78.71,788,N,22,0
CUST-11936,27,82759,MORTGAGE,4.0,EDUCATION,A,7878,7.65,0.095,28.65,22.43,769,N,9,0
CUST-11937,30,76057,RENT,2.2,VENTURE,A,10708,9.02,0.141,11.24,76.32,788,N,12,0
CUST-11938,32,40723,MORTGAGE,7.9,HOMEIMPROVEMENT,D,9370,18.07,0.23,12.23,35.69,654,N,13,0
CUST-11939,36,62498,RENT,5.0,MEDICAL,A,17960,7.9,0.287,22.6,37.69,711,N,14,0
CUST-11940,27,47999,MORTGAGE,5.9,MEDICAL,B,8490,12.58,0.177,13.68,91.36,697,Y,5,1
CUST-11941,40,29367,MORTGAGE,1.3,DEBTCONSOLIDATION,A,7690,6.42,0.262,24.98,30.59,747,Y,21,1
CUST-11942,37,106327,OTHER,17.5,HOMEIMPROVEMENT,C,11858,13.47,0.112,9.3,55.06,698,N,15,0
CUST-11943,49,50671,OTHER,5.4,MEDICAL,A,14049,11.3,0.277,13.76,55.49,823,Y,29,0
CUST-11944,37,167581,MORTGAGE,1.1,VENTURE,A,17709,8.35,0.106,10.93,34.16,828,N,18,0
CUST-11945,65,18484,MORTGAGE,6.9,HOMEIMPROVEMENT,C,10867,13.33,0.588,19.23,80.9,667,N,35,1
CUST-11946,66,35099,RENT,1.0,PERSONAL,B,14232,10.62,0.405,29.19,59.87,714,N,35,0
CUST-11947,50,49990,MORTGAGE,0.3,MEDICAL,B,14882,10.72,0.298,28.42,39.57,684,Y,31,1
CUST-11948,57,96996,OWN,3.7,DEBTCONSOLIDATION,C,7961,15.5,0.082,17.57,53.39,652,N,35,0
CUST-11949,51,62297,RENT,4.0,DEBTCONSOLIDATION,C,7683,14.47,0.123,17.05,50.39,687,N,29,0
CUST-11950,30,59058,MORTGAGE,1.0,HOMEIMPROVEMENT,B,5498,10.41,0.093,21.59,73.31,733,N,8,0
CUST-11951,64,24925,RENT,2.1,PERSONAL,C,4634,11.49,0.186,13.52,47.19,669,N,35,0
CUST-11952,44,24485,MORTGAGE,14.6,DEBTCONSOLIDATION,E,4467,18.63,0.182,12.19,100.0,540,N,25,1
CUST-11953,52,59486,RENT,1.7,VENTURE,B,4384,10.57,0.074,27.11,24.48,768,N,30,0
CUST-11954,57,21623,MORTGAGE,0.8,EDUCATION,C,10118,13.34,0.468,23.25,46.1,667,N,35,1
CUST-11955,60,35627,MORTGAGE,24.5,VENTURE,D,1727,17.82,0.048,15.37,34.62,617,Y,35,0
CUST-11956,27,66207,OWN,1.8,HOMEIMPROVEMENT,D,15049,16.22,0.227,9.45,44.71,641,N,7,1
CUST-11957,30,27190,MORTGAGE,5.7,PERSONAL,B,6854,11.51,0.252,9.07,68.8,678,N,8,1
CUST-11958,41,128439,MORTGAGE,1.3,DEBTCONSOLIDATION,G,7272,22.73,0.057,5.59,92.26,474,Y,20,1
CUST-11959,43,102166,RENT,4.0,DEBTCONSOLIDATION,A,7576,6.87,0.074,16.8,96.47,737,Y,25,0
CUST-11960,60,19094,RENT,2.4,PERSONAL,F,11421,22.83,0.598,26.01,100.0,495,Y,35,1
CUST-11961,36,28017,RENT,16.3,DEBTCONSOLIDATION,A,12690,9.98,0.453,16.39,44.77,754,N,16,0
CUST-11962,31,15000,RENT,2.8,DEBTCONSOLIDATION,B,2700,10.33,0.18,12.91,55.6,629,N,10,0
CUST-11963,65,30651,RENT,4.4,PERSONAL,D,11980,17.49,0.391,19.31,34.25,593,N,35,1
CUST-11964,51,77639,MORTGAGE,14.5,EDUCATION,A,6694,9.1,0.086,11.37,49.23,681,N,31,0
CUST-11965,34,38240,MORTGAGE,16.0,EDUCATION,A,5337,8.64,0.14,20.38,35.47,741,N,12,1
CUST-11966,35,64632,MORTGAGE,0.5,EDUCATION,C,2364,14.4,0.037,31.76,51.63,643,N,15,0
CUST-11967,41,19665,RENT,9.0,VENTURE,C,2727,13.08,0.139,11.62,77.8,691,N,22,0
CUST-11968,47,79125,RENT,2.4,EDUCATION,A,4771,9.32,0.06,16.36,40.31,760,N,29,0
CUST-11969,39,35134,MORTGAGE,4.5,DEBTCONSOLIDATION,B,7085,8.92,0.202,19.9,31.0,673,N,19,1
CUST-11970,52,49380,RENT,,DEBTCONSOLIDATION,B,3950,8.98,0.08,20.63,73.43,686,N,30,1
CUST-11971,29,46363,RENT,2.6,EDUCATION,A,18218,9.74,0.393,38.73,23.72,800,Y,8,0
CUST-11972,59,22858,RENT,0.9,MEDICAL,B,2623,10.93,0.115,5.83,78.91,662,N,35,1
CUST-11973,51,24542,RENT,4.3,MEDICAL,A,5938,6.01,0.242,20.35,78.95,825,N,33,0
CUST-11974,69,87612,RENT,4.0,MEDICAL,B,13691,8.78,0.156,7.33,71.51,715,N,35,0
CUST-11975,52,62279,RENT,1.0,EDUCATION,C,11286,11.73,0.181,11.89,74.15,605,N,34,0
CUST-11976,21,92044,RENT,3.0,PERSONAL,D,3389,18.94,0.037,12.98,42.5,574,N,3,0
CUST-11977,52,59563,MORTGAGE,18.1,PERSONAL,B,14936,10.4,0.251,20.7,47.97,729,N,34,0
CUST-11978,52,53412,RENT,6.3,PERSONAL,A,12769,6.88,0.239,14.14,80.59,776,N,30,0
CUST-11979,60,17402,RENT,3.3,DEBTCONSOLIDATION,C,6799,15.45,0.391,13.81,48.13,665,N,35,0
CUST-11980,32,41680,OWN,12.4,EDUCATION,D,3320,16.8,0.08,4.85,100.0,614,N,12,1
CUST-11981,49,48221,MORTGAGE,4.3,PERSONAL,B,2404,10.11,0.05,18.11,63.0,696,N,31,1
CUST-11982,52,158239,RENT,0.7,VENTURE,B,5703,11.77,0.036,23.86,100.0,673,N,33,0
CUST-11983,32,74026,OWN,4.0,PERSONAL,G,4753,25.22,0.064,8.35,78.51,514,Y,14,1
CUST-11984,45,123208,RENT,1.0,PERSONAL,C,16908,14.22,0.137,15.4,76.6,707,N,25,0
CUST-11985,41,70159,RENT,7.3,VENTURE,D,7304,,0.104,10.53,44.35,609,N,22,0
CUST-11986,58,31991,OTHER,17.1,MEDICAL,C,12527,12.43,0.392,26.74,49.0,659,N,35,0
CUST-11987,21,52589,MORTGAGE,2.2,PERSONAL,A,7882,6.29,0.15,13.36,15.72,786,N,2,0
CUST-11988,57,56485,RENT,2.9,MEDICAL,A,4921,7.62,0.087,7.34,51.81,732,N,35,0
CUST-11989,58,27903,MORTGAGE,2.7,MEDICAL,C,10540,13.51,0.378,28.09,36.88,664,N,35,0
CUST-11990,45,38924,MORTGAGE,1.7,MEDICAL,B,4151,11.08,0.107,5.71,68.15,728,N,24,0
CUST-11991,65,43327,RENT,7.9,VENTURE,B,18611,9.99,0.43,26.22,42.99,674,N,35,0
CUST-11992,69,128459,RENT,4.8,EDUCATION,A,4599,9.04,0.036,17.84,82.02,705,N,35,1
CUST-11993,34,15000,RENT,0.3,MEDICAL,D,20204,14.91,1.347,39.41,74.8,602,Y,16,1
CUST-11994,53,101062,OWN,9.1,HOMEIMPROVEMENT,D,18415,17.0,0.182,22.44,63.52,640,N,34,0
CUST-11995,61,27943,RENT,1.0,DEBTCONSOLIDATION,B,13110,9.41,0.469,15.01,46.94,649,N,35,1
CUST-11996,63,21520,MORTGAGE,19.4,HOMEIMPROVEMENT,C,11033,13.21,0.513,30.84,49.97,658,N,35,0
CUST-11997,68,99505,RENT,2.4,MEDICAL,A,12632,6.4,0.127,12.52,73.38,743,Y,35,1
CUST-11998,59,76049,RENT,4.8,MEDICAL,B,7063,,0.093,13.54,72.67,692,N,35,0
CUST-11999,30,104058,MORTGAGE,0.4,MEDICAL,B,9901,9.22,0.095,24.44,41.69,711,N,8,0
CUST-12000,22,79254,MORTGAGE,2.1,HOMEIMPROVEMENT,C,11275,12.3,0.142,13.24,71.43,591,N,3,0
CUST-12001,25,168705,RENT,7.0,HOMEIMPROVEMENT,B,7121,11.66,0.042,8.83,39.37,742,N,4,0
CUST-12002,28,68544,RENT,3.2,EDUCATION,B,8098,8.83,0.118,5.32,53.78,669,N,9,0
CUST-12003,25,44627,MORTGAGE,7.0,PERSONAL,A,11274,8.28,0.253,7.2,38.6,763,N,4,0
CUST-12004,28,60219,RENT,4.3,EDUCATION,A,5745,8.52,0.095,23.56,66.08,775,N,6,0
CUST-12005,58,103371,RENT,13.2,EDUCATION,E,12659,20.38,0.122,24.39,58.09,621,N,35,0
CUST-12006,50,30710,MORTGAGE,20.3,DEBTCONSOLIDATION,A,7161,7.47,0.233,26.14,61.49,749,Y,31,1
CUST-12007,51,33152,MORTGAGE,3.0,EDUCATION,A,9747,6.19,0.294,28.05,43.55,699,N,30,0
CUST-12008,60,40726,RENT,4.2,PERSONAL,B,6431,8.65,0.158,5.25,38.04,644,N,35,0
CUST-12009,69,15000,MORTGAGE,9.0,HOMEIMPROVEMENT,B,17573,9.08,1.172,33.03,15.87,745,N,35,0
CUST-12010,31,53255,OWN,1.3,PERSONAL,B,3349,9.09,0.063,15.87,58.16,680,N,10,0
CUST-12011,27,15808,RENT,9.0,EDUCATION,B,2197,10.83,0.139,26.12,61.08,687,N,6,0
CUST-12012,27,50606,MORTGAGE,4.5,MEDICAL,A,14252,5.8,0.282,20.78,53.64,710,N,6,0
CUST-12013,69,82386,RENT,6.5,MEDICAL,A,15056,7.25,0.183,10.45,80.18,737,N,35,0
CUST-12014,47,36822,RENT,0.4,EDUCATION,A,11928,7.55,0.324,16.65,53.88,811,N,26,0
CUST-12015,39,134090,RENT,7.3,MEDICAL,B,7494,10.14,0.056,6.19,71.79,701,N,21,0
CUST-12016,66,20408,RENT,1.9,PERSONAL,D,6758,16.18,0.331,27.0,45.53,582,Y,35,1
CUST-12017,26,100183,MORTGAGE,8.0,MEDICAL,A,7156,9.03,0.071,9.76,82.79,787,N,4,0
CUST-12018,30,73503,RENT,3.6,EDUCATION,C,13539,14.1,0.184,29.15,63.27,563,N,12,0
CUST-12019,39,17507,MORTGAGE,1.6,HOMEIMPROVEMENT,C,12216,14.34,0.698,16.76,84.56,650,N,18,1
CUST-12020,35,249316,RENT,15.3,EDUCATION,A,3976,7.05,0.016,7.06,86.18,738,N,15,0
CUST-12021,23,47181,RENT,5.0,MEDICAL,C,10732,14.44,0.227,12.49,47.58,640,N,3,0
CUST-12022,25,28955,MORTGAGE,7.0,MEDICAL,C,3189,,0.11,33.15,52.64,600,Y,3,1
CUST-12023,41,21072,MORTGAGE,2.3,PERSONAL,C,4954,13.75,0.235,12.03,43.05,645,Y,22,0
CUST-12024,45,42958,MORTGAGE,5.2,PERSONAL,D,2143,16.03,0.05,21.0,100.0,596,Y,26,0
CUST-12025,22,45413,MORTGAGE,4.0,HOMEIMPROVEMENT,B,15326,10.78,0.337,28.25,40.55,667,N,3,0
CUST-12026,60,52134,RENT,5.8,EDUCATION,A,3990,10.03,0.077,6.51,24.51,736,N,35,0
CUST-12027,61,40999,MORTGAGE,0.2,VENTURE,B,2615,11.22,0.064,18.57,72.19,632,N,35,1
CUST-12028,33,71677,RENT,1.7,PERSONAL,A,4730,9.55,0.066,4.72,22.21,826,N,15,0
CUST-12029,30,38848,MORTGAGE,12.0,HOMEIMPROVEMENT,B,21465,8.24,0.553,38.64,45.66,580,N,9,1
CUST-12030,37,15352,OWN,2.8,DEBTCONSOLIDATION,D,5943,16.59,0.387,34.76,64.32,605,Y,17,1
CUST-12031,31,44818,RENT,13.0,EDUCATION,B,5522,11.49,0.123,11.09,34.46,694,Y,13,1
CUST-12032,42,15000,RENT,1.2,MEDICAL,B,13506,10.96,0.9,23.17,58.01,680,N,24,1
CUST-12033,31,60612,MORTGAGE,,MEDICAL,A,8107,8.12,0.134,23.48,38.47,742,N,9,0
CUST-12034,32,27239,MORTGAGE,6.0,HOMEIMPROVEMENT,A,12029,7.03,0.442,26.73,25.11,772,N,14,0
CUST-12035,44,54068,RENT,7.5,PERSONAL,A,4616,8.95,0.085,8.1,45.28,706,N,25,0
CUST-12036,64,107844,OWN,2.5,VENTURE,D,5288,14.58,0.049,8.52,65.1,548,N,35,0
CUST-12037,38,27743,MORTGAGE,11.9,VENTURE,F,15813,21.82,0.57,19.4,62.43,511,Y,19,1
CUST-12038,65,92665,RENT,3.9,EDUCATION,B,16672,10.65,0.18,13.37,32.53,605,N,35,0
CUST-12039,55,37796,RENT,5.7,EDUCATION,A,15171,6.81,0.401,8.7,66.42,719,N,34,0
CUST-12040,64,140353,MORTGAGE,,EDUCATION,C,9024,13.53,0.064,18.57,36.71,631,N,35,1
CUST-12041,27,39375,RENT,5.0,HOMEIMPROVEMENT,D,8450,14.14,0.215,22.21,58.95,613,N,5,1
CUST-12042,48,29605,RENT,10.6,PERSONAL,E,6526,17.94,0.22,23.69,57.34,615,N,28,0
CUST-12043,51,74038,MORTGAGE,1.0,MEDICAL,C,8820,15.02,0.119,19.49,54.79,660,N,29,0
CUST-12044,63,37741,MORTGAGE,6.7,EDUCATION,B,9891,10.79,0.262,15.53,36.64,712,N,35,0
CUST-12045,37,29588,MORTGAGE,0.1,EDUCATION,C,12735,13.05,0.43,22.67,55.73,625,N,19,1
CUST-12046,25,36801,RENT,7.0,MEDICAL,A,8918,8.68,0.242,16.29,30.5,729,Y,7,0
CUST-12047,37,47726,MORTGAGE,19.0,HOMEIMPROVEMENT,C,3736,,0.078,18.37,83.69,629,N,19,0
CUST-12048,38,109678,OWN,2.2,VENTURE,C,6752,15.67,0.062,11.58,52.93,646,N,19,1
CUST-12049,41,15360,RENT,0.6,HOMEIMPROVEMENT,C,1720,11.24,0.112,23.61,32.66,634,N,21,0
CUST-12050,56,49704,MORTGAGE,5.4,VENTURE,B,17326,12.16,0.349,28.91,55.85,711,N,35,0
CUST-12051,51,71320,OWN,0.2,VENTURE,C,1290,12.11,0.018,10.26,55.8,672,N,31,0
CUST-12052,60,55053,MORTGAGE,3.3,MEDICAL,C,15889,13.86,0.289,21.55,63.71,695,N,35,0
CUST-12053,22,107572,MORTGAGE,1.6,DEBTCONSOLIDATION,A,9099,8.23,0.085,22.68,96.4,760,N,4,1
CUST-12054,47,46882,RENT,3.2,MEDICAL,D,10432,18.43,0.223,9.26,52.77,621,N,28,1
CUST-12055,29,43882,MORTGAGE,0.1,MEDICAL,C,10439,14.06,0.238,12.87,69.38,691,N,8,1
CUST-12056,54,69940,MORTGAGE,0.3,MEDICAL,C,6357,13.83,0.091,21.47,64.49,675,N,34,1
CUST-12057,48,52030,MORTGAGE,0.1,EDUCATION,B,2738,9.49,0.053,4.76,59.14,687,N,30,0
CUST-12058,34,38783,OTHER,4.8,EDUCATION,E,10463,17.47,0.27,19.48,84.1,533,Y,12,1
CUST-12059,52,66815,RENT,4.1,PERSONAL,B,11926,9.46,0.178,37.89,73.04,683,Y,31,0
CUST-12060,26,33139,RENT,1.3,VENTURE,C,6890,15.19,0.208,16.97,46.35,621,N,8,0
CUST-12061,31,33972,RENT,5.2,EDUCATION,E,7482,19.54,0.22,35.33,77.58,574,N,9,1
CUST-12062,68,35710,MORTGAGE,10.8,EDUCATION,E,5676,21.49,0.159,19.09,82.02,587,N,35,1
CUST-12063,49,110397,RENT,1.6,DEBTCONSOLIDATION,C,1277,12.64,0.012,12.58,62.69,636,N,31,0
CUST-12064,40,15000,MORTGAGE,8.9,MEDICAL,A,6388,8.44,0.426,30.3,32.57,737,N,18,0
CUST-12065,50,62153,RENT,5.4,PERSONAL,E,22510,19.7,0.362,16.2,98.19,477,N,32,1
CUST-12066,43,50039,RENT,0.2,HOMEIMPROVEMENT,F,19219,23.55,0.384,23.43,73.24,510,Y,23,1
CUST-12067,39,17880,RENT,2.4,EDUCATION,A,9054,7.23,0.506,19.4,45.51,850,N,19,0
CUST-12068,56,59032,MORTGAGE,3.5,MEDICAL,B,18510,10.35,0.314,27.26,37.08,739,Y,34,0
CUST-12069,23,65215,MORTGAGE,5.0,MEDICAL,B,6937,11.96,0.106,7.95,15.86,747,N,3,0
CUST-12070,47,69827,OWN,1.7,EDUCATION,A,11573,5.0,0.166,9.64,61.53,767,N,27,1
CUST-12071,63,15000,MORTGAGE,20.3,PERSONAL,A,2960,7.33,0.197,13.24,20.1,782,N,35,0
CUST-12072,39,111283,RENT,5.8,EDUCATION,B,10734,8.51,0.096,10.41,62.52,688,N,20,0
CUST-12073,43,31487,RENT,2.3,PERSONAL,F,10107,21.96,0.321,13.84,44.43,502,N,23,1
CUST-12074,69,74008,OTHER,0.5,EDUCATION,A,2504,7.0,0.034,17.47,46.02,802,N,35,0
CUST-12075,68,76469,MORTGAGE,1.0,DEBTCONSOLIDATION,E,12314,20.22,0.161,22.11,35.98,532,Y,35,0
CUST-12076,51,28969,RENT,3.3,EDUCATION,D,6965,17.06,0.24,21.3,41.16,627,N,29,1
CUST-12077,60,72858,MORTGAGE,3.4,HOMEIMPROVEMENT,D,3063,16.16,0.042,4.95,60.08,672,N,35,1
CUST-12078,55,38898,RENT,7.3,MEDICAL,B,4490,9.35,0.115,13.99,42.9,734,N,35,0
CUST-12079,53,15000,RENT,6.5,VENTURE,B,5806,10.59,0.387,19.89,56.76,691,N,35,0
CUST-12080,55,98779,RENT,1.1,PERSONAL,B,4432,12.07,0.045,16.34,27.36,745,N,35,0
CUST-12081,21,30790,MORTGAGE,3.0,EDUCATION,E,14040,18.32,0.456,33.76,88.92,578,Y,3,1
CUST-12082,34,29357,RENT,0.1,MEDICAL,B,7242,8.7,0.247,27.73,69.68,695,N,15,1
CUST-12083,53,38490,RENT,2.5,HOMEIMPROVEMENT,A,6103,5.29,0.159,16.53,29.38,776,N,31,0
CUST-12084,55,57719,RENT,7.2,PERSONAL,A,6060,5.66,0.105,10.61,50.48,719,N,35,0
CUST-12085,25,47364,RENT,2.6,MEDICAL,B,8964,10.49,0.189,17.79,51.15,650,N,4,1
CUST-12086,58,68107,MORTGAGE,9.0,PERSONAL,E,9431,17.81,0.138,21.0,65.46,562,Y,35,1
CUST-12087,61,21945,RENT,18.7,MEDICAL,B,16441,10.05,0.749,18.1,71.93,677,N,35,0
CUST-12088,31,31400,RENT,4.7,VENTURE,C,15928,14.05,0.507,20.31,73.76,599,N,11,1
CUST-12089,22,45725,OWN,0.8,VENTURE,A,6041,5.0,0.132,7.58,67.51,751,N,2,0
CUST-12090,64,153082,RENT,2.4,PERSONAL,D,6896,,0.045,20.64,65.41,591,Y,35,0
CUST-12091,37,45785,RENT,0.0,PERSONAL,B,8900,12.21,0.194,21.13,42.87,667,N,19,0
CUST-12092,59,94007,RENT,4.6,MEDICAL,E,7418,21.74,0.079,29.61,75.35,569,Y,35,1
CUST-12093,40,50168,MORTGAGE,8.6,DEBTCONSOLIDATION,B,9378,12.27,0.187,11.97,55.2,667,N,18,0
CUST-12094,34,36673,MORTGAGE,5.0,EDUCATION,C,4355,16.4,0.119,9.91,58.83,691,N,12,0
CUST-12095,52,42275,RENT,7.7,MEDICAL,B,7795,10.78,0.184,13.4,55.71,762,N,30,0
CUST-12096,54,44309,MORTGAGE,8.0,MEDICAL,A,10400,8.47,0.235,6.85,69.68,775,N,33,0
CUST-12097,45,70416,MORTGAGE,9.5,PERSONAL,A,6752,7.2,0.096,6.62,64.51,735,Y,27,0
CUST-12098,27,111833,MORTGAGE,1.6,HOMEIMPROVEMENT,A,10107,8.3,0.09,10.71,84.88,764,N,6,0
CUST-12099,55,60828,RENT,10.3,EDUCATION,B,8643,10.66,0.142,17.59,49.72,677,N,33,1
CUST-12100,67,99932,RENT,,VENTURE,C,7285,11.5,0.073,6.41,54.19,673,Y,35,0
CUST-12101,49,27477,MORTGAGE,1.7,MEDICAL,A,12457,5.69,0.453,19.39,19.92,775,N,27,0
CUST-12102,42,38224,MORTGAGE,21.8,VENTURE,B,8022,,0.21,28.45,99.13,728,N,23,0
CUST-12103,61,31742,MORTGAGE,15.0,PERSONAL,B,11075,10.69,0.349,27.65,57.59,687,Y,35,0
CUST-12104,63,59199,RENT,4.3,HOMEIMPROVEMENT,B,3841,12.2,0.065,21.95,62.51,725,N,35,0
CUST-12105,33,39522,RENT,9.3,EDUCATION,A,18435,6.82,0.466,12.83,47.48,767,N,13,0
CUST-12106,33,75952,MORTGAGE,1.5,VENTURE,B,4900,9.43,0.065,12.97,35.14,709,N,11,0
CUST-12107,21,28040,MORTGAGE,2.7,HOMEIMPROVEMENT,B,9768,10.4,0.348,26.55,57.77,703,N,3,0
CUST-12108,56,50302,RENT,1.0,MEDICAL,A,3198,8.44,0.064,13.98,88.3,712,Y,35,0
CUST-12109,24,74021,RENT,3.7,EDUCATION,B,8779,12.17,0.119,17.1,45.29,715,N,4,0
CUST-12110,57,15000,RENT,3.4,DEBTCONSOLIDATION,A,4236,7.72,0.282,17.22,48.51,740,N,35,0
CUST-12111,64,175076,MORTGAGE,1.2,EDUCATION,D,10410,17.28,0.059,26.08,59.47,565,Y,35,1
CUST-12112,60,41361,MORTGAGE,5.6,DEBTCONSOLIDATION,E,9971,19.33,0.241,21.47,77.27,545,N,35,0
CUST-12113,66,15000,MORTGAGE,0.6,PERSONAL,C,13370,15.25,0.891,49.68,25.15,665,N,35,1
CUST-12114,33,53898,MORTGAGE,0.3,EDUCATION,B,9114,12.27,0.169,43.16,60.95,683,N,15,1
CUST-12115,58,50014,RENT,2.4,PERSONAL,C,8595,12.56,0.172,25.14,52.51,630,N,35,0
CUST-12116,44,46670,MORTGAGE,2.6,PERSONAL,B,3894,10.96,0.083,27.96,65.4,627,N,23,0
CUST-12117,39,88850,OTHER,1.9,EDUCATION,B,11402,9.31,0.128,25.52,39.09,738,N,21,0
CUST-12118,21,76762,OWN,1.5,PERSONAL,A,13819,8.48,0.18,18.41,87.71,711,N,1,0
CUST-12119,58,58613,MORTGAGE,2.1,DEBTCONSOLIDATION,A,5705,7.03,0.097,26.6,89.2,752,N,35,0
CUST-12120,25,64221,RENT,0.9,VENTURE,A,5387,6.54,0.084,6.6,66.95,734,N,7,0
CUST-12121,36,46045,MORTGAGE,2.6,PERSONAL,C,13656,11.05,0.297,7.64,38.5,659,N,16,0
CUST-12122,44,142243,MORTGAGE,11.7,EDUCATION,D,5207,17.8,0.037,21.21,54.86,619,N,23,0
CUST-12123,47,20180,MORTGAGE,1.3,VENTURE,B,12618,10.73,0.625,24.78,33.47,693,Y,28,1
CUST-12124,21,53305,RENT,3.0,EDUCATION,A,9005,7.8,0.169,20.0,30.11,760,N,1,0
CUST-12125,54,50971,OWN,0.8,HOMEIMPROVEMENT,A,10152,8.5,0.199,10.94,77.02,751,Y,32,1
CUST-12126,56,79855,RENT,2.2,MEDICAL,B,7156,9.59,0.09,34.85,84.55,652,N,35,0
CUST-12127,24,29545,RENT,1.9,VENTURE,A,18934,6.4,0.641,33.9,66.16,792,N,2,0
CUST-12128,20,17219,RENT,2.0,MEDICAL,B,13450,11.16,0.781,57.47,42.75,753,N,1,1
CUST-12129,59,53857,MORTGAGE,2.8,VENTURE,A,3790,8.89,0.07,25.57,54.22,719,N,35,0
CUST-12130,31,58031,RENT,5.9,EDUCATION,C,10142,14.14,0.175,5.59,59.06,596,Y,11,1
CUST-12131,55,119821,RENT,4.6,EDUCATION,C,4562,,0.038,25.46,51.97,694,N,33,1
CUST-12132,64,22874,MORTGAGE,0.8,PERSONAL,E,4914,20.18,0.215,21.17,60.54,532,Y,35,1
CUST-12133,42,98009,MORTGAGE,14.0,MEDICAL,C,5010,14.11,0.051,34.02,86.46,695,N,22,0
CUST-12134,66,202895,MORTGAGE,2.1,MEDICAL,A,9689,8.49,0.048,23.06,61.48,791,N,35,0
CUST-12135,50,39079,RENT,0.2,VENTURE,C,21016,13.22,0.538,29.56,72.5,644,N,28,1
CUST-12136,30,22593,MORTGAGE,1.8,EDUCATION,A,12413,6.01,0.549,36.36,65.08,744,N,11,0
CUST-12137,29,38400,RENT,2.0,MEDICAL,B,5005,10.52,0.13,11.96,27.02,665,N,7,0
CUST-12138,22,49434,RENT,0.5,PERSONAL,A,1307,8.36,0.026,7.06,46.98,752,N,1,0
CUST-12139,33,68752,RENT,4.8,VENTURE,A,18165,6.47,0.264,10.94,20.77,767,N,11,0
CUST-12140,35,34377,MORTGAGE,2.1,HOMEIMPROVEMENT,B,13835,8.81,0.402,18.29,67.83,713,Y,14,1
CUST-12141,29,124631,RENT,5.0,VENTURE,A,5498,6.63,0.044,8.92,22.63,771,N,7,0
CUST-12142,48,25116,RENT,0.0,DEBTCONSOLIDATION,B,7648,,0.305,15.83,49.0,737,N,27,1
CUST-12143,29,17265,RENT,11.0,DEBTCONSOLIDATION,B,14763,11.09,0.855,31.55,55.14,698,N,8,1
CUST-12144,31,95227,MORTGAGE,0.9,HOMEIMPROVEMENT,C,16955,13.35,0.178,26.53,64.25,749,N,9,0
CUST-12145,49,15000,OWN,5.4,EDUCATION,B,6391,9.34,0.426,25.83,62.48,716,N,29,0
CUST-12146,60,43369,OWN,6.3,EDUCATION,B,2380,10.83,0.055,8.92,48.93,714,N,35,0
CUST-12147,20,318255,RENT,0.9,MEDICAL,C,12839,13.72,0.04,14.48,52.03,664,N,1,0
CUST-12148,24,48667,RENT,,DEBTCONSOLIDATION,A,13664,8.05,0.281,22.92,64.82,764,N,2,0
CUST-12149,39,25022,RENT,0.8,EDUCATION,D,1688,19.5,0.067,19.06,44.29,624,N,19,0
CUST-12150,27,47361,MORTGAGE,1.4,PERSONAL,D,8764,17.09,0.185,18.58,55.86,647,N,7,0
CUST-12151,62,47549,RENT,0.9,DEBTCONSOLIDATION,F,22782,21.17,0.479,31.36,72.21,442,N,35,1
CUST-12152,31,53981,RENT,5.6,EDUCATION,B,11624,8.84,0.215,17.49,49.08,691,N,12,1
CUST-12153,20,72937,MORTGAGE,2.0,VENTURE,B,6404,9.83,0.088,18.66,86.79,642,N,1,1
CUST-12154,39,26279,RENT,3.9,HOMEIMPROVEMENT,C,9196,12.95,0.35,16.27,100.0,698,N,21,1
CUST-12155,47,134932,RENT,0.2,HOMEIMPROVEMENT,A,7169,8.49,0.053,8.79,50.6,701,N,29,0
CUST-12156,62,56787,RENT,9.9,HOMEIMPROVEMENT,A,2121,6.76,0.037,3.59,24.53,722,N,35,0
CUST-12157,56,75816,RENT,0.9,HOMEIMPROVEMENT,B,5213,9.31,0.069,21.3,50.45,677,Y,35,0
CUST-12158,66,33627,MORTGAGE,2.2,VENTURE,C,9979,14.15,0.297,27.77,60.63,608,N,35,1
CUST-12159,56,106067,OWN,0.4,EDUCATION,A,5606,6.76,0.053,2.3,86.12,739,N,34,0
CUST-12160,31,42014,RENT,0.7,VENTURE,C,3590,14.19,0.085,23.14,40.4,577,N,9,0
CUST-12161,56,57903,RENT,5.5,HOMEIMPROVEMENT,A,10444,6.48,0.18,17.53,40.78,803,N,35,0
CUST-12162,68,28004,OWN,5.9,EDUCATION,C,20828,12.93,0.744,26.68,73.32,665,N,35,1
CUST-12163,68,26952,MORTGAGE,5.6,EDUCATION,B,5884,9.8,0.218,21.33,33.21,673,N,35,0
CUST-12164,63,74081,RENT,4.0,EDUCATION,A,7859,7.99,0.106,20.27,56.46,770,N,35,0
CUST-12165,47,37565,MORTGAGE,15.2,MEDICAL,A,4469,7.33,0.119,22.15,44.58,761,N,29,0
CUST-12166,66,29369,RENT,3.5,PERSONAL,A,7809,6.03,0.266,33.85,76.8,717,N,35,0
CUST-12167,34,33325,MORTGAGE,3.0,HOMEIMPROVEMENT,A,5454,5.93,0.164,23.22,52.7,775,N,13,0
CUST-12168,25,74560,OWN,1.4,PERSONAL,B,8636,10.12,0.116,8.99,87.56,693,N,5,0
CUST-12169,63,33609,MORTGAGE,0.5,PERSONAL,E,5951,17.8,0.177,22.8,59.9,610,Y,35,1
CUST-12170,39,45679,MORTGAGE,4.0,PERSONAL,C,18997,13.0,0.416,30.85,65.13,633,N,20,1
CUST-12171,69,49464,RENT,1.9,MEDICAL,D,18707,16.81,0.378,20.83,74.4,563,N,35,0
CUST-12172,33,15515,MORTGAGE,3.7,EDUCATION,F,5810,20.58,0.374,31.81,55.18,564,N,15,1
CUST-12173,21,20278,MORTGAGE,1.2,EDUCATION,B,9043,11.52,0.446,24.74,78.64,692,N,1,1
CUST-12174,28,59980,MORTGAGE,9.1,DEBTCONSOLIDATION,A,4911,9.16,0.082,12.75,51.35,749,N,7,0
CUST-12175,56,31501,RENT,38.0,HOMEIMPROVEMENT,E,12853,20.8,0.408,24.92,98.95,579,Y,35,1
CUST-12176,39,92414,MORTGAGE,1.9,HOMEIMPROVEMENT,C,12110,14.3,0.131,15.12,35.61,616,N,19,0
CUST-12177,45,87560,MORTGAGE,,MEDICAL,E,6496,20.01,0.074,7.73,47.34,560,N,26,0
CUST-12178,48,75470,RENT,10.3,HOMEIMPROVEMENT,C,8043,13.79,0.107,19.43,48.28,631,N,29,0
CUST-12179,20,146073,RENT,2.0,HOMEIMPROVEMENT,C,7844,13.94,0.054,13.28,57.91,636,N,1,0
CUST-12180,54,46636,RENT,2.1,DEBTCONSOLIDATION,D,5105,15.77,0.109,33.6,35.03,654,N,35,0
CUST-12181,25,72354,MORTGAGE,7.0,PERSONAL,C,5218,13.47,0.072,13.35,45.64,623,N,4,0
CUST-12182,56,34522,MORTGAGE,1.3,PERSONAL,B,11070,10.68,0.321,23.52,100.0,671,N,35,1
CUST-12183,24,213506,MORTGAGE,4.9,PERSONAL,B,11270,11.27,0.053,13.38,37.23,749,N,2,0
CUST-12184,52,161164,RENT,6.1,DEBTCONSOLIDATION,D,18113,14.59,0.112,8.2,74.53,576,Y,33,0
CUST-12185,68,49371,OWN,6.8,VENTURE,C,1177,13.75,0.024,4.99,85.84,652,N,35,0
CUST-12186,33,61818,MORTGAGE,1.2,MEDICAL,B,4212,11.77,0.068,5.9,57.11,724,N,15,0
CUST-12187,31,110810,RENT,9.4,MEDICAL,B,20522,9.78,0.185,14.77,74.56,724,N,11,0
CUST-12188,61,44878,RENT,2.7,HOMEIMPROVEMENT,C,11195,13.37,0.249,9.09,59.44,601,N,35,0
CUST-12189,39,33058,RENT,1.2,DEBTCONSOLIDATION,A,3449,5.26,0.104,24.85,54.31,725,N,17,0
CUST-12190,69,82817,OWN,3.9,VENTURE,A,6871,7.58,0.083,14.91,59.16,689,N,35,0
CUST-12191,43,51383,RENT,10.0,VENTURE,A,9117,5.71,0.177,11.94,29.02,779,N,24,0
CUST-12192,62,54709,RENT,17.1,EDUCATION,D,3483,15.84,0.064,15.86,81.24,647,N,35,0
CUST-12193,53,29715,RENT,6.9,MEDICAL,B,12770,10.44,0.43,28.67,23.14,735,N,34,0
CUST-12194,44,17490,MORTGAGE,0.0,HOMEIMPROVEMENT,B,6198,9.77,0.354,34.79,23.51,699,N,25,0
CUST-12195,69,56482,RENT,0.7,HOMEIMPROVEMENT,D,5924,16.3,0.105,12.31,92.35,602,Y,35,1
CUST-12196,48,84370,RENT,0.4,VENTURE,A,15939,7.95,0.189,18.54,34.15,730,N,27,0
CUST-12197,58,42809,RENT,0.5,PERSONAL,A,6417,7.45,0.15,14.07,51.24,697,N,35,0
CUST-12198,50,116059,RENT,2.4,PERSONAL,E,13411,19.67,0.116,29.2,71.86,588,N,28,1
CUST-12199,66,32133,RENT,2.1,PERSONAL,C,9026,11.26,0.281,30.57,65.95,616,N,35,1
CUST-12200,62,26034,MORTGAGE,0.6,MEDICAL,A,12931,7.31,0.497,44.52,56.43,678,N,35,1
CUST-12201,69,47082,MORTGAGE,10.7,MEDICAL,D,7433,13.84,0.158,8.87,41.46,656,N,35,0
CUST-12202,42,46650,MORTGAGE,4.8,DEBTCONSOLIDATION,C,9225,13.02,0.198,9.42,46.62,628,N,20,0
CUST-12203,63,77806,MORTGAGE,8.0,VENTURE,D,16445,18.71,0.211,13.17,45.8,619,N,35,0
CUST-12204,57,30792,RENT,2.3,EDUCATION,A,9852,8.62,0.32,6.94,59.28,745,Y,35,0
CUST-12205,39,111397,MORTGAGE,2.6,PERSONAL,B,4920,8.79,0.044,2.96,19.64,740,N,18,0
CUST-12206,42,159555,RENT,1.9,HOMEIMPROVEMENT,C,6384,12.85,0.04,3.41,71.53,598,N,21,1
CUST-12207,64,47882,RENT,2.9,MEDICAL,B,12546,10.29,0.262,21.05,41.48,727,N,35,1
CUST-12208,35,103759,OWN,4.7,VENTURE,A,6338,8.11,0.061,26.41,88.06,748,N,15,0
CUST-12209,69,26006,MORTGAGE,,MEDICAL,A,3199,8.52,0.123,9.77,20.09,766,N,35,0
CUST-12210,61,93445,MORTGAGE,9.1,PERSONAL,B,9058,12.46,0.097,10.85,60.18,686,N,35,0
CUST-12211,27,91891,MORTGAGE,9.0,PERSONAL,B,5309,9.35,0.058,10.14,56.89,687,N,6,0
CUST-12212,69,82294,OTHER,3.2,EDUCATION,A,8576,7.76,0.104,18.13,14.2,782,N,35,0
CUST-12213,40,48565,MORTGAGE,1.4,EDUCATION,C,6237,11.38,0.128,21.06,80.62,624,N,19,1
CUST-12214,20,15000,MORTGAGE,2.0,VENTURE,B,10072,10.99,0.671,21.2,41.86,682,N,1,0
CUST-12215,27,33355,MORTGAGE,6.6,VENTURE,B,20503,11.09,0.615,30.41,41.68,692,N,5,0
CUST-12216,48,33672,RENT,5.1,DEBTCONSOLIDATION,C,22844,13.52,0.678,18.9,64.79,599,Y,30,1
CUST-12217,51,27256,RENT,6.8,HOMEIMPROVEMENT,B,6665,11.28,0.245,20.56,63.17,691,N,33,1
CUST-12218,57,52751,MORTGAGE,0.4,MEDICAL,C,8593,12.47,0.163,25.61,50.99,643,N,35,0
CUST-12219,24,38124,RENT,0.4,MEDICAL,A,9440,5.92,0.248,17.0,31.79,774,N,6,0
CUST-12220,66,29888,RENT,0.8,VENTURE,A,5105,6.36,0.171,18.64,29.61,732,N,35,0
CUST-12221,41,25970,RENT,0.8,PERSONAL,B,2760,10.94,0.106,19.87,53.65,634,N,19,1
CUST-12222,66,31910,RENT,2.7,DEBTCONSOLIDATION,F,16690,23.57,0.523,26.04,73.4,531,Y,35,1
CUST-12223,53,96076,OWN,0.9,MEDICAL,A,14422,6.47,0.15,24.91,40.0,733,N,32,0
CUST-12224,20,32971,MORTGAGE,2.0,DEBTCONSOLIDATION,C,3153,12.68,0.096,10.58,67.28,608,N,1,0
CUST-12225,45,35991,MORTGAGE,4.3,DEBTCONSOLIDATION,A,15943,7.64,0.443,29.58,39.21,761,N,27,0
CUST-12226,62,37271,OWN,2.3,MEDICAL,B,9007,14.64,0.242,17.93,69.47,713,N,35,0
CUST-12227,29,60077,OWN,0.4,PERSONAL,A,9364,6.96,0.156,16.99,29.39,771,Y,9,0
CUST-12228,49,64456,MORTGAGE,4.5,MEDICAL,D,15930,17.66,0.247,25.29,54.67,623,N,28,0
CUST-12229,69,15000,OWN,0.6,MEDICAL,B,7014,10.29,0.468,22.79,24.64,726,N,35,0
CUST-12230,37,90488,RENT,6.8,HOMEIMPROVEMENT,A,6761,6.85,0.075,13.84,59.06,762,N,19,0
CUST-12231,36,116055,RENT,8.1,PERSONAL,C,16130,11.9,0.139,9.79,49.62,721,N,18,0
CUST-12232,45,26105,RENT,3.9,MEDICAL,A,1975,7.14,0.076,21.01,28.04,802,N,25,0
CUST-12233,27,27354,MORTGAGE,0.8,DEBTCONSOLIDATION,A,3799,8.52,0.139,23.66,89.71,758,N,5,0
CUST-12234,66,37415,MORTGAGE,7.7,DEBTCONSOLIDATION,A,14058,6.46,0.376,21.72,30.74,690,N,35,0
CUST-12235,59,31144,MORTGAGE,1.8,PERSONAL,F,15120,22.12,0.485,35.77,55.65,595,Y,35,1
CUST-12236,68,56069,MORTGAGE,,HOMEIMPROVEMENT,A,4830,6.48,0.086,23.23,60.15,741,N,35,0
CUST-12237,31,15246,RENT,3.2,PERSONAL,G,13969,24.0,0.916,23.68,58.61,522,Y,9,1
CUST-12238,46,25065,RENT,12.8,HOMEIMPROVEMENT,A,13681,,0.546,15.89,71.88,767,N,26,1
CUST-12239,27,123440,MORTGAGE,1.8,EDUCATION,A,9674,10.28,0.078,7.66,54.72,746,N,8,0
CUST-12240,44,28087,RENT,11.8,DEBTCONSOLIDATION,D,8578,16.87,0.305,27.07,94.92,593,N,23,1
CUST-12241,65,103368,MORTGAGE,0.3,VENTURE,B,6236,10.11,0.06,6.22,67.34,688,N,35,1
CUST-12242,23,60669,MORTGAGE,0.4,EDUCATION,B,5887,12.05,0.097,11.33,67.91,606,N,3,0
CUST-12243,52,16554,MORTGAGE,6.0,EDUCATION,B,2468,10.39,0.149,31.58,50.18,659,N,33,0
CUST-12244,20,71768,RENT,1.1,EDUCATION,A,5804,8.05,0.081,11.96,49.72,733,N,1,0
CUST-12245,38,45679,MORTGAGE,1.9,VENTURE,C,9543,15.37,0.209,22.53,94.2,652,N,20,0
CUST-12246,50,37298,MORTGAGE,0.7,HOMEIMPROVEMENT,B,3045,12.27,0.082,8.0,46.81,721,N,31,0
CUST-12247,35,56781,OTHER,2.0,VENTURE,A,11779,6.13,0.207,6.0,51.16,730,N,17,0
CUST-12248,33,65171,MORTGAGE,1.6,HOMEIMPROVEMENT,E,7025,19.52,0.108,20.49,69.17,594,N,11,1
CUST-12249,67,74948,MORTGAGE,6.7,HOMEIMPROVEMENT,B,8301,12.03,0.111,29.07,64.87,692,N,35,0
CUST-12250,24,99404,RENT,6.0,DEBTCONSOLIDATION,A,11727,6.2,0.118,23.0,32.68,737,N,2,1
CUST-12251,60,62622,MORTGAGE,15.5,VENTURE,B,6057,10.19,0.097,24.29,24.4,702,N,35,0
CUST-12252,45,21474,OWN,6.4,EDUCATION,D,9486,16.15,0.442,18.35,51.28,636,Y,26,0
CUST-12253,47,36894,RENT,5.9,HOMEIMPROVEMENT,B,10631,11.1,0.288,17.37,39.12,692,N,27,1
CUST-12254,21,286596,RENT,3.0,EDUCATION,B,10947,11.46,0.038,17.77,32.15,713,N,1,0
CUST-12255,69,75712,RENT,10.7,DEBTCONSOLIDATION,E,10881,20.88,0.144,15.72,54.26,596,Y,35,1
CUST-12256,25,203124,MORTGAGE,1.8,EDUCATION,C,4072,13.6,0.02,5.38,62.73,669,Y,7,1
CUST-12257,28,113239,RENT,1.8,EDUCATION,C,5001,12.25,0.044,31.38,82.24,627,N,8,1
CUST-12258,52,56674,RENT,6.8,EDUCATION,A,11677,7.07,0.206,11.97,30.78,733,N,34,0
CUST-12259,60,58738,MORTGAGE,1.3,VENTURE,C,5049,12.23,0.086,9.84,87.7,670,N,35,0
CUST-12260,44,47956,MORTGAGE,12.2,PERSONAL,B,8695,9.68,0.181,15.07,63.95,695,Y,23,1
CUST-12261,67,17280,RENT,3.8,DEBTCONSOLIDATION,E,9957,20.35,0.576,24.18,73.71,543,Y,35,1
CUST-12262,32,49554,RENT,1.8,EDUCATION,A,3299,5.78,0.067,7.55,45.94,752,N,10,0
CUST-12263,28,101357,RENT,7.5,EDUCATION,A,4318,6.84,0.043,2.99,62.79,777,N,9,0
CUST-12264,32,34208,RENT,1.9,PERSONAL,A,10794,8.57,0.316,37.24,30.42,782,N,10,0
CUST-12265,50,62766,RENT,16.5,EDUCATION,B,12304,11.32,0.196,18.44,29.5,736,N,32,0
CUST-12266,60,81711,MORTGAGE,20.4,EDUCATION,A,10847,6.54,0.133,27.99,30.13,751,N,35,0
CUST-12267,30,28401,MORTGAGE,5.5,EDUCATION,D,2467,15.42,0.087,9.08,36.84,623,N,10,0
CUST-12268,23,37392,MORTGAGE,0.6,EDUCATION,E,3199,21.39,0.086,7.16,63.48,609,N,2,0
CUST-12269,53,26615,RENT,1.5,PERSONAL,C,7018,13.95,0.264,19.72,31.47,628,N,32,0
CUST-12270,57,29932,MORTGAGE,3.6,EDUCATION,A,3013,6.52,0.101,28.43,70.02,784,N,35,0
CUST-12271,65,22639,MORTGAGE,9.5,HOMEIMPROVEMENT,B,5067,10.45,0.224,29.75,20.8,724,N,35,0
CUST-12272,23,28559,RENT,1.0,MEDICAL,F,24594,23.3,0.861,19.15,76.69,555,Y,3,1
CUST-12273,57,114883,RENT,0.6,EDUCATION,A,15687,6.43,0.137,21.28,32.47,691,N,35,0
CUST-12274,38,28302,MORTGAGE,0.4,EDUCATION,B,4665,9.4,0.165,14.07,71.34,681,N,20,0
CUST-12275,25,52885,MORTGAGE,3.5,MEDICAL,B,2697,10.76,0.051,6.84,33.89,678,N,4,0
CUST-12276,53,36253,RENT,10.8,EDUCATION,G,9905,,0.273,38.57,84.89,550,Y,35,1
CUST-12277,37,99440,MORTGAGE,0.2,VENTURE,A,5769,6.69,0.058,30.99,54.39,719,N,18,0
CUST-12278,32,107656,MORTGAGE,1.2,DEBTCONSOLIDATION,A,11655,6.98,0.108,3.59,31.55,713,N,14,1
CUST-12279,60,82325,OWN,5.9,PERSONAL,C,7711,10.31,0.094,8.56,73.31,607,N,35,0
CUST-12280,42,58904,RENT,8.7,PERSONAL,B,26262,10.6,0.446,26.57,53.79,687,N,20,0
CUST-12281,38,42674,MORTGAGE,8.2,PERSONAL,C,9207,14.24,0.216,37.44,34.17,664,N,19,1
CUST-12282,64,23977,RENT,7.7,MEDICAL,A,10146,9.84,0.423,20.56,33.9,814,N,35,0
CUST-12283,30,157332,MORTGAGE,0.7,PERSONAL,B,18918,11.22,0.12,10.08,26.49,687,N,8,1
CUST-12284,20,31076,MORTGAGE,2.0,MEDICAL,B,2535,9.27,0.082,5.26,59.03,673,N,1,0
CUST-12285,43,72998,RENT,20.9,DEBTCONSOLIDATION,B,14562,9.96,0.199,4.68,16.83,755,N,22,0
CUST-12286,26,92571,MORTGAGE,8.0,PERSONAL,D,14939,18.73,0.161,7.27,64.05,670,N,7,0
CUST-12287,44,35130,RENT,4.6,EDUCATION,F,8911,22.54,0.254,14.13,74.33,468,Y,24,1
CUST-12288,40,91382,MORTGAGE,6.2,VENTURE,C,8535,14.76,0.093,23.55,91.86,632,N,19,0
CUST-12289,34,77538,RENT,15.1,PERSONAL,C,6162,12.81,0.079,22.92,72.33,658,N,12,1
CUST-12290,20,138244,MORTGAGE,2.0,PERSONAL,B,2952,10.24,0.021,3.38,72.79,707,N,1,0
CUST-12291,31,36989,RENT,0.7,VENTURE,A,6381,7.42,0.173,6.74,34.56,828,N,11,0
CUST-12292,26,22662,MORTGAGE,5.5,PERSONAL,C,4292,14.6,0.189,9.37,38.15,631,N,6,0
CUST-12293,34,36196,MORTGAGE,16.0,HOMEIMPROVEMENT,A,4976,6.99,0.137,10.45,36.66,710,N,13,0
CUST-12294,40,55565,MORTGAGE,6.0,PERSONAL,A,9217,8.22,0.166,13.81,31.53,723,N,20,0
CUST-12295,38,50763,RENT,8.1,MEDICAL,C,5618,13.5,0.111,26.22,40.88,688,N,19,0
CUST-12296,48,38713,MORTGAGE,2.7,VENTURE,C,10984,12.04,0.284,14.95,81.37,650,N,30,1
CUST-12297,44,15591,RENT,0.5,EDUCATION,B,8492,10.5,0.545,18.55,65.66,756,N,24,0
CUST-12298,52,65009,MORTGAGE,0.9,PERSONAL,C,7541,14.83,0.116,31.04,52.54,673,N,31,0
CUST-12299,68,160076,MORTGAGE,20.3,PERSONAL,E,4293,19.51,0.027,22.83,42.04,546,Y,35,0
CUST-12300,51,64766,MORTGAGE,3.4,HOMEIMPROVEMENT,B,7660,10.11,0.118,19.89,45.29,730,N,30,0
CUST-12301,68,70649,MORTGAGE,0.1,VENTURE,C,13160,15.21,0.186,4.33,100.0,692,N,35,0
CUST-12302,54,69110,RENT,15.5,PERSONAL,A,3298,7.97,0.048,7.56,24.01,801,N,33,0
CUST-12303,63,62207,MORTGAGE,3.4,VENTURE,F,4292,20.34,0.069,14.79,91.52,481,N,35,1
CUST-12304,57,85733,RENT,9.0,VENTURE,A,8814,7.15,0.103,24.39,42.9,760,N,35,0
CUST-12305,45,62144,OWN,4.0,DEBTCONSOLIDATION,D,2315,16.82,0.037,25.5,89.9,571,N,26,0
CUST-12306,30,40635,MORTGAGE,0.5,EDUCATION,E,8183,19.78,0.201,6.31,79.74,560,N,12,0
CUST-12307,54,30406,MORTGAGE,4.8,HOMEIMPROVEMENT,C,3314,14.11,0.109,15.88,77.82,642,N,33,0
CUST-12308,27,42218,OWN,9.0,MEDICAL,D,11055,16.31,0.262,34.63,33.28,620,N,9,0
CUST-12309,65,59188,RENT,0.2,HOMEIMPROVEMENT,B,8816,10.25,0.149,22.27,53.24,717,N,35,0
CUST-12310,33,40552,OWN,9.2,PERSONAL,E,23261,19.52,0.574,43.83,55.18,549,N,15,1
CUST-12311,29,59195,RENT,1.3,PERSONAL,C,7047,14.45,0.119,22.4,53.24,693,N,10,0
CUST-12312,21,63798,MORTGAGE,2.5,HOMEIMPROVEMENT,B,10516,9.68,0.165,14.05,49.62,747,N,1,0
CUST-12313,65,80814,MORTGAGE,2.3,HOMEIMPROVEMENT,A,5522,7.41,0.068,24.22,69.28,757,N,35,0
CUST-12314,28,105839,RENT,10.0,EDUCATION,B,6865,10.8,0.065,14.27,20.48,760,N,10,0
CUST-12315,22,51369,RENT,3.5,MEDICAL,D,2404,15.85,0.047,14.86,61.93,607,N,4,1
CUST-12316,40,22366,RENT,3.0,EDUCATION,D,4551,17.05,0.203,31.71,55.42,545,N,22,1
CUST-12317,45,39852,OTHER,8.5,PERSONAL,D,8644,16.92,0.217,23.81,43.93,578,Y,23,0
CUST-12318,27,50334,RENT,0.3,PERSONAL,A,8692,5.02,0.173,21.93,72.06,734,N,9,0
CUST-12319,67,16293,MORTGAGE,0.5,PERSONAL,B,10285,10.54,0.631,21.8,42.35,732,N,35,0
CUST-12320,21,112780,MORTGAGE,0.1,MEDICAL,B,10650,12.2,0.094,27.22,49.0,666,N,1,0
CUST-12321,25,53392,RENT,5.8,EDUCATION,C,3483,15.3,0.065,23.68,55.92,648,N,7,0
CUST-12322,47,61624,MORTGAGE,,PERSONAL,B,17546,11.32,0.285,28.12,38.13,787,Y,27,0
CUST-12323,48,111225,MORTGAGE,10.4,DEBTCONSOLIDATION,C,3299,15.02,0.03,33.71,50.01,658,N,26,0
CUST-12324,45,33587,RENT,3.5,PERSONAL,B,10607,10.32,0.316,10.57,38.24,756,N,24,0
CUST-12325,44,69177,MORTGAGE,1.3,VENTURE,B,14853,11.18,0.215,13.07,74.54,658,N,22,0
CUST-12326,31,45893,RENT,8.2,HOMEIMPROVEMENT,C,4264,13.7,0.093,6.69,87.01,579,Y,10,0
CUST-12327,24,43894,RENT,1.7,PERSONAL,B,4364,11.3,0.099,7.49,57.46,644,N,4,0
CUST-12328,53,30843,MORTGAGE,13.7,EDUCATION,A,5791,9.71,0.188,25.99,47.56,788,N,33,1
CUST-12329,67,133167,RENT,1.4,MEDICAL,D,13695,17.7,0.103,19.08,61.58,602,N,35,0
CUST-12330,56,39132,OWN,0.9,MEDICAL,A,4855,7.09,0.124,9.91,58.74,739,N,35,0
CUST-12331,34,74583,OWN,3.4,MEDICAL,C,10840,15.4,0.145,13.83,69.87,710,N,15,0
CUST-12332,63,15914,MORTGAGE,0.3,MEDICAL,A,6052,7.8,0.38,19.92,21.79,788,N,35,0
CUST-12333,55,99507,RENT,0.2,DEBTCONSOLIDATION,C,7873,14.28,0.079,11.82,94.47,666,N,35,1
CUST-12334,34,92164,RENT,3.4,PERSONAL,D,12647,16.22,0.137,14.59,41.56,652,N,16,1
CUST-12335,62,51972,RENT,1.2,VENTURE,A,7511,8.38,0.145,9.18,27.1,745,N,35,0
CUST-12336,67,42780,MORTGAGE,0.0,EDUCATION,F,7629,22.48,0.178,26.93,94.52,542,Y,35,1
CUST-12337,42,62317,MORTGAGE,1.8,EDUCATION,A,2476,8.86,0.04,17.64,39.42,708,N,24,0
CUST-12338,25,193546,RENT,3.2,PERSONAL,A,6836,6.9,0.035,11.2,53.32,723,N,6,0
CUST-12339,65,17018,RENT,2.5,MEDICAL,D,10538,17.64,0.619,24.32,55.38,601,N,35,1
CUST-12340,69,78371,RENT,0.7,HOMEIMPROVEMENT,C,8626,10.57,0.11,22.43,53.94,649,Y,35,1
CUST-12341,63,28368,RENT,4.3,PERSONAL,A,16962,6.76,0.598,34.31,75.45,785,N,35,1
CUST-12342,62,48438,MORTGAGE,6.2,EDUCATION,E,1071,17.89,0.022,21.9,31.29,613,Y,35,0
CUST-12343,64,42246,MORTGAGE,5.6,EDUCATION,C,11760,13.9,0.278,17.12,51.52,750,N,35,0
CUST-12344,40,37911,MORTGAGE,2.5,PERSONAL,A,9631,8.65,0.254,18.09,68.31,831,N,21,0
CUST-12345,42,48713,RENT,0.7,VENTURE,D,11663,16.49,0.239,13.11,90.22,650,N,23,1
CUST-12346,62,24822,OWN,3.5,HOMEIMPROVEMENT,B,10834,12.13,0.436,15.96,46.2,648,N,35,0
CUST-12347,35,90899,RENT,11.1,HOMEIMPROVEMENT,A,3224,6.57,0.035,20.19,26.81,800,N,15,0
CUST-12348,66,16705,MORTGAGE,3.2,MEDICAL,D,14479,14.82,0.867,22.51,45.87,676,N,35,1
CUST-12349,34,67768,RENT,1.1,MEDICAL,C,6071,14.37,0.09,12.67,51.42,655,Y,12,1
CUST-12350,44,40298,OWN,0.5,EDUCATION,C,11449,14.9,0.284,8.69,60.7,591,N,25,0
CUST-12351,55,24280,MORTGAGE,14.4,VENTURE,D,3231,16.63,0.133,6.43,66.03,617,N,33,0
CUST-12352,30,55349,RENT,6.8,MEDICAL,D,22332,18.69,0.403,9.11,71.49,641,N,8,1
CUST-12353,34,19260,MORTGAGE,1.9,DEBTCONSOLIDATION,A,8307,8.11,0.431,31.51,23.31,759,N,15,0
CUST-12354,23,50202,MORTGAGE,1.8,DEBTCONSOLIDATION,D,3536,16.98,0.07,18.31,67.32,596,N,1,0
CUST-12355,40,20874,RENT,11.3,DEBTCONSOLIDATION,B,9195,9.98,0.441,25.21,83.02,697,N,22,1
CUST-12356,32,64651,RENT,,EDUCATION,B,12789,8.94,0.198,17.04,72.95,745,N,13,0
CUST-12357,41,28152,MORTGAGE,3.8,EDUCATION,F,16781,21.68,0.596,25.42,62.69,547,N,21,1
CUST-12358,38,37399,MORTGAGE,6.3,HOMEIMPROVEMENT,C,9870,15.4,0.264,24.51,50.92,702,N,17,0
CUST-12359,53,58475,MORTGAGE,2.5,VENTURE,B,9926,10.73,0.17,10.65,48.0,738,Y,35,0
CUST-12360,33,30837,MORTGAGE,0.2,VENTURE,C,10933,13.03,0.355,25.49,68.17,643,N,14,0
CUST-12361,23,47345,MORTGAGE,1.3,EDUCATION,B,5675,9.41,0.12,19.8,80.15,729,N,1,0
CUST-12362,67,19765,MORTGAGE,11.6,HOMEIMPROVEMENT,A,7004,8.15,0.354,32.64,58.1,803,N,35,0
CUST-12363,65,71576,MORTGAGE,3.7,MEDICAL,D,14128,15.15,0.197,21.59,66.25,615,N,35,0
CUST-12364,46,141343,RENT,8.4,MEDICAL,D,8456,16.93,0.06,18.13,62.27,634,N,27,0
CUST-12365,48,261797,OWN,4.1,HOMEIMPROVEMENT,C,11976,12.95,0.046,2.0,51.63,597,N,30,0
CUST-12366,66,51776,RENT,14.4,EDUCATION,B,4096,10.19,0.079,17.62,19.16,685,N,35,0
CUST-12367,47,78662,RENT,12.0,VENTURE,A,4982,8.27,0.063,7.73,45.29,745,N,27,0
CUST-12368,54,16841,MORTGAGE,3.3,MEDICAL,D,7608,15.36,0.452,26.4,68.92,574,N,35,1
CUST-12369,27,120769,RENT,1.9,MEDICAL,B,18604,10.51,0.154,28.72,86.49,705,N,8,0
CUST-12370,35,78099,RENT,4.6,PERSONAL,A,13084,5.67,0.168,15.12,37.18,809,N,15,0
CUST-12371,61,36667,RENT,5.6,MEDICAL,F,6367,21.86,0.174,19.67,69.41,541,N,35,1
CUST-12372,55,102981,MORTGAGE,3.4,MEDICAL,D,11118,17.1,0.108,12.08,42.19,657,Y,35,0
CUST-12373,49,42079,OWN,8.6,MEDICAL,C,5542,14.45,0.132,12.15,46.32,675,N,31,0
CUST-12374,37,37241,MORTGAGE,1.0,HOMEIMPROVEMENT,A,9725,8.86,0.261,23.32,64.81,810,N,16,0
CUST-12375,21,65199,MORTGAGE,2.0,EDUCATION,A,15772,8.29,0.242,12.36,58.63,748,N,1,0
CUST-12376,68,25899,RENT,5.8,HOMEIMPROVEMENT,B,10899,10.01,0.421,16.59,26.76,677,N,35,0
CUST-12377,32,90488,RENT,1.4,EDUCATION,C,4084,11.33,0.045,6.86,68.14,677,N,14,0
CUST-12378,23,26014,RENT,2.9,VENTURE,C,8720,14.69,0.335,20.34,89.14,595,N,1,1
CUST-12379,45,26107,RENT,16.6,PERSONAL,C,4536,12.87,0.174,4.72,56.1,671,N,24,0
CUST-12380,44,28401,RENT,4.9,EDUCATION,B,9759,8.76,0.344,15.48,40.62,623,N,23,0
CUST-12381,49,77319,RENT,14.9,VENTURE,C,2562,15.75,0.033,14.02,62.49,619,Y,30,0
CUST-12382,30,33858,RENT,,PERSONAL,D,12250,16.43,0.362,14.95,69.38,622,N,10,1
CUST-12383,26,21833,MORTGAGE,6.4,DEBTCONSOLIDATION,C,6233,14.09,0.285,8.98,92.55,605,N,4,0
CUST-12384,50,34084,OWN,,PERSONAL,E,13128,19.77,0.385,27.37,72.77,556,Y,32,1
CUST-12385,63,48087,OWN,0.8,DEBTCONSOLIDATION,D,5376,16.48,0.112,17.26,91.46,564,Y,35,0
CUST-12386,29,24134,MORTGAGE,3.7,MEDICAL,A,2933,7.04,0.122,12.71,47.1,775,N,10,0
CUST-12387,58,24562,RENT,1.5,MEDICAL,E,13948,18.8,0.568,33.4,61.51,610,Y,35,1
CUST-12388,32,173994,MORTGAGE,14.0,PERSONAL,A,10039,10.17,0.058,28.04,67.3,750,N,14,0
CUST-12389,50,29250,RENT,1.6,EDUCATION,G,8629,22.75,0.295,15.04,44.79,577,N,29,1
CUST-12390,26,40383,MORTGAGE,1.3,PERSONAL,C,12835,12.98,0.318,14.69,86.06,642,N,5,0
CUST-12391,68,39326,MORTGAGE,4.9,MEDICAL,C,11143,12.43,0.283,10.49,52.18,603,N,35,0
CUST-12392,61,38070,MORTGAGE,3.6,MEDICAL,B,10422,11.12,0.274,14.68,57.96,650,N,35,0
CUST-12393,61,71168,OWN,0.1,VENTURE,A,8993,7.0,0.126,20.43,75.29,745,N,35,1
CUST-12394,55,86585,MORTGAGE,0.7,HOMEIMPROVEMENT,A,15444,,0.178,15.89,27.27,761,Y,35,0
CUST-12395,39,40799,MORTGAGE,8.3,MEDICAL,D,7895,17.27,0.194,15.57,41.72,697,N,19,1
CUST-12396,23,23344,RENT,3.3,EDUCATION,B,2033,12.82,0.087,17.48,75.16,663,N,5,0
CUST-12397,26,105310,OWN,0.8,EDUCATION,B,10139,9.5,0.096,28.66,89.5,678,N,8,0
CUST-12398,20,46295,RENT,2.0,HOMEIMPROVEMENT,E,1138,17.64,0.025,35.26,42.5,587,Y,1,1
CUST-12399,63,138440,OWN,1.5,PERSONAL,A,19558,7.58,0.141,18.1,31.52,753,N,35,1
CUST-12400,64,15000,RENT,1.3,VENTURE,C,8523,14.51,0.568,22.57,83.65,629,N,35,1
CUST-12401,61,55118,RENT,15.8,PERSONAL,B,16480,10.24,0.299,15.07,70.62,698,Y,35,1
CUST-12402,66,154997,MORTGAGE,2.2,EDUCATION,A,10167,8.26,0.066,19.21,57.13,710,N,35,0
CUST-12403,32,39657,RENT,0.2,MEDICAL,D,8674,15.84,0.219,32.46,45.77,594,Y,14,1
CUST-12404,41,42817,MORTGAGE,,MEDICAL,C,9199,16.37,0.215,10.26,55.78,611,Y,21,1
CUST-12405,40,58530,RENT,7.9,MEDICAL,A,2939,8.24,0.05,38.09,38.01,786,N,22,0
CUST-12406,41,35056,OWN,1.5,VENTURE,B,9655,9.92,0.275,17.7,68.94,726,N,21,0
CUST-12407,47,40650,MORTGAGE,2.6,EDUCATION,D,4541,15.6,0.112,8.22,45.74,608,Y,26,0
CUST-12408,28,40027,MORTGAGE,9.9,EDUCATION,A,5339,7.82,0.133,30.64,70.65,751,N,6,1
CUST-12409,45,33642,RENT,,VENTURE,B,8081,11.31,0.24,21.53,79.27,708,N,23,1
CUST-12410,28,102468,RENT,4.2,MEDICAL,D,14866,14.93,0.145,7.83,100.0,594,Y,9,1
CUST-12411,34,64643,MORTGAGE,3.8,PERSONAL,D,7259,16.51,0.112,16.53,77.58,551,Y,12,1
CUST-12412,29,56975,RENT,2.6,VENTURE,C,3696,14.39,0.065,28.27,53.64,638,N,11,1
CUST-12413,43,79629,RENT,5.1,VENTURE,B,8823,10.9,0.111,30.2,65.64,717,N,25,1
CUST-12414,61,41830,MORTGAGE,3.2,PERSONAL,B,8180,11.25,0.196,34.66,36.61,733,N,35,0
CUST-12415,27,30806,MORTGAGE,0.1,VENTURE,C,11323,15.29,0.368,19.52,36.87,653,N,6,0
CUST-12416,43,34146,RENT,8.4,MEDICAL,A,16991,,0.498,20.62,53.44,729,N,24,0
CUST-12417,35,49073,RENT,0.6,EDUCATION,B,6644,10.76,0.135,19.84,64.23,720,Y,16,0
CUST-12418,68,25964,RENT,3.1,MEDICAL,C,4832,10.68,0.186,6.71,88.86,656,N,35,1
CUST-12419,45,36309,MORTGAGE,4.3,MEDICAL,D,11865,16.45,0.327,16.49,35.75,574,N,27,1
CUST-12420,46,35966,RENT,6.1,DEBTCONSOLIDATION,A,5319,9.06,0.148,25.41,20.12,687,N,24,0
CUST-12421,56,175384,OWN,2.6,VENTURE,B,9457,10.35,0.054,16.53,73.06,681,N,35,0
CUST-12422,23,15000,RENT,5.0,EDUCATION,B,9407,9.38,0.627,31.19,59.6,753,N,3,1
CUST-12423,69,44012,RENT,0.7,PERSONAL,C,5671,14.49,0.129,19.86,31.48,669,N,35,0
CUST-12424,43,138056,MORTGAGE,5.3,HOMEIMPROVEMENT,C,14709,13.67,0.107,16.07,36.11,702,N,24,0
CUST-12425,38,52738,RENT,8.8,HOMEIMPROVEMENT,A,11210,7.73,0.213,39.62,21.56,749,N,18,0
CUST-12426,55,77037,MORTGAGE,11.0,PERSONAL,A,8948,10.09,0.116,9.39,39.98,749,N,35,0
CUST-12427,58,52046,MORTGAGE,4.3,PERSONAL,C,4582,11.69,0.088,21.57,100.0,556,Y,35,1
CUST-12428,29,32846,RENT,1.9,VENTURE,D,1992,15.74,0.061,7.68,56.62,543,N,9,0
CUST-12429,44,15000,MORTGAGE,0.9,VENTURE,C,19816,13.95,1.321,41.72,68.61,666,N,25,1
CUST-12430,37,55452,RENT,2.1,PERSONAL,C,4553,14.96,0.082,25.11,68.23,657,Y,17,1
CUST-12431,38,30780,RENT,3.9,VENTURE,F,4520,20.85,0.147,9.4,64.8,451,Y,19,1
CUST-12432,55,30327,RENT,1.1,EDUCATION,B,6205,10.01,0.205,34.12,29.36,705,N,33,0
CUST-12433,29,36337,OWN,11.0,EDUCATION,B,6034,10.42,0.166,21.17,67.25,735,Y,7,0
CUST-12434,52,139653,RENT,11.4,EDUCATION,A,8457,7.32,0.061,14.91,40.0,761,N,32,0
CUST-12435,69,207503,MORTGAGE,0.2,MEDICAL,E,4359,20.34,0.021,5.2,55.95,551,Y,35,0
CUST-12436,24,55844,MORTGAGE,4.1,HOMEIMPROVEMENT,B,1754,10.44,0.031,25.33,64.99,613,N,3,0
CUST-12437,66,37091,RENT,7.8,MEDICAL,B,20966,,0.565,38.88,74.14,714,N,35,1
CUST-12438,68,24189,RENT,1.4,EDUCATION,A,5503,6.06,0.228,13.83,24.4,719,N,35,0
CUST-12439,54,64933,MORTGAGE,3.7,HOMEIMPROVEMENT,B,8844,10.67,0.136,10.05,65.13,718,N,34,0
CUST-12440,63,142877,MORTGAGE,2.6,PERSONAL,A,24259,7.54,0.17,23.79,21.05,774,N,35,0
CUST-12441,53,42259,MORTGAGE,1.1,HOMEIMPROVEMENT,B,2604,11.51,0.062,13.93,47.07,732,Y,33,0
CUST-12442,52,15000,MORTGAGE,4.8,HOMEIMPROVEMENT,E,16552,22.52,1.103,25.06,54.23,583,N,32,1
CUST-12443,40,73279,RENT,22.0,EDUCATION,A,7596,8.65,0.104,31.41,61.33,738,N,20,0
CUST-12444,36,88542,OWN,2.3,PERSONAL,B,6256,9.66,0.071,13.7,23.63,721,N,15,0
CUST-12445,41,18929,MORTGAGE,4.0,HOMEIMPROVEMENT,A,13871,8.26,0.733,25.39,39.64,714,N,23,0
CUST-12446,67,54496,MORTGAGE,2.0,MEDICAL,C,13620,13.44,0.25,21.56,38.92,696,N,35,0
CUST-12447,56,64262,MORTGAGE,10.5,PERSONAL,B,15708,10.09,0.244,8.35,53.58,676,N,35,0
CUST-12448,34,46917,MORTGAGE,10.0,HOMEIMPROVEMENT,A,6617,6.87,0.141,15.28,63.2,813,Y,13,0
CUST-12449,54,30501,MORTGAGE,1.0,EDUCATION,D,14660,15.8,0.481,12.35,62.24,601,N,35,1
CUST-12450,47,90179,MORTGAGE,11.5,EDUCATION,C,16279,12.13,0.181,24.86,38.41,667,N,29,0
CUST-12451,26,38483,RENT,0.8,VENTURE,E,4775,,0.124,23.87,74.67,574,Y,7,1
CUST-12452,51,20108,MORTGAGE,0.5,VENTURE,A,9596,8.29,0.477,23.73,70.92,687,N,32,1
CUST-12453,30,15000,RENT,5.3,EDUCATION,B,13774,10.07,0.918,24.18,64.81,719,N,12,1
CUST-12454,29,104454,RENT,2.4,PERSONAL,G,4658,24.72,0.045,6.76,63.88,473,N,7,1
CUST-12455,28,70968,RENT,3.8,MEDICAL,D,12403,15.46,0.175,31.17,85.08,606,Y,10,1
CUST-12456,33,51677,RENT,5.3,VENTURE,D,7332,17.19,0.142,6.61,74.02,612,Y,14,1
CUST-12457,32,37640,RENT,0.3,HOMEIMPROVEMENT,C,9558,12.66,0.254,9.91,31.73,614,Y,10,1
CUST-12458,44,35689,MORTGAGE,1.7,MEDICAL,C,10138,11.89,0.284,22.12,76.47,629,N,25,0
CUST-12459,21,25708,RENT,3.0,VENTURE,D,6248,18.38,0.243,8.76,68.59,654,N,1,0
CUST-12460,54,37840,MORTGAGE,1.6,PERSONAL,A,8891,7.75,0.235,27.55,17.64,704,N,35,0
CUST-12461,26,15000,RENT,0.3,HOMEIMPROVEMENT,C,4191,,0.279,11.72,100.0,671,N,5,1
CUST-12462,40,31519,RENT,0.5,EDUCATION,D,9584,16.27,0.304,21.07,71.1,597,N,20,0
CUST-12463,37,40677,RENT,8.1,VENTURE,A,14829,7.07,0.365,41.26,47.88,785,N,16,0
CUST-12464,22,70680,RENT,4.0,DEBTCONSOLIDATION,A,9551,8.09,0.135,11.87,52.16,775,N,2,0
CUST-12465,61,47860,MORTGAGE,0.8,HOMEIMPROVEMENT,B,4602,8.64,0.096,22.46,38.91,676,N,35,0
CUST-12466,58,78980,MORTGAGE,1.4,VENTURE,D,6527,14.33,0.083,11.83,68.7,634,N,35,0
CUST-12467,60,110137,RENT,5.3,VENTURE,C,10199,13.64,0.093,21.91,80.43,630,N,35,0
CUST-12468,68,92494,RENT,15.4,DEBTCONSOLIDATION,C,19687,11.41,0.213,11.2,72.99,710,N,35,1
CUST-12469,30,65010,MORTGAGE,1.8,HOMEIMPROVEMENT,D,3871,14.21,0.06,7.49,88.16,614,N,10,0
CUST-12470,58,49370,RENT,9.7,VENTURE,B,11148,11.58,0.226,35.33,34.76,688,N,35,0
CUST-12471,43,27215,RENT,3.5,VENTURE,D,8627,16.7,0.317,26.8,71.78,595,N,23,1
CUST-12472,65,76417,MORTGAGE,15.7,PERSONAL,A,7408,7.72,0.097,26.12,43.23,738,N,35,0
CUST-12473,38,134302,RENT,0.7,MEDICAL,C,7674,12.16,0.057,11.37,44.69,640,Y,16,0
CUST-12474,23,60190,OWN,5.0,EDUCATION,A,2974,9.17,0.049,11.02,15.79,775,N,5,0
CUST-12475,45,154872,MORTGAGE,2.9,MEDICAL,A,8242,8.71,0.053,18.37,66.66,733,N,25,0
CUST-12476,57,19626,RENT,15.3,VENTURE,A,15522,5.87,0.791,28.51,89.3,721,N,35,1
CUST-12477,61,24526,RENT,3.1,PERSONAL,B,6317,10.37,0.258,24.21,36.43,738,N,35,0
CUST-12478,51,81889,MORTGAGE,3.8,PERSONAL,D,22068,16.01,0.269,29.16,65.03,658,N,29,1
CUST-12479,58,57444,RENT,8.2,EDUCATION,B,1908,10.45,0.033,16.08,96.09,673,N,35,0
CUST-12480,64,107825,OWN,,EDUCATION,A,4598,8.81,0.043,24.02,74.79,740,N,35,0
CUST-12481,65,48567,MORTGAGE,4.8,MEDICAL,G,19869,24.04,0.409,22.98,64.6,544,Y,35,1
CUST-12482,55,29120,RENT,2.7,DEBTCONSOLIDATION,A,7092,8.68,0.244,14.89,53.84,766,N,35,0
CUST-12483,59,43124,MORTGAGE,7.9,VENTURE,F,19119,19.92,0.443,28.31,67.45,586,N,35,1
CUST-12484,56,19543,RENT,14.8,EDUCATION,E,9328,18.76,0.477,13.49,58.8,594,N,35,0
CUST-12485,52,24905,RENT,0.0,PERSONAL,B,11877,10.02,0.477,27.51,49.44,717,N,34,0
CUST-12486,55,87857,MORTGAGE,4.4,VENTURE,A,7683,6.85,0.087,13.28,64.12,737,N,35,0
CUST-12487,22,82757,MORTGAGE,4.0,VENTURE,C,10770,13.53,0.13,13.84,73.56,616,N,2,1
CUST-12488,28,60949,MORTGAGE,5.3,MEDICAL,D,12482,16.69,0.205,7.56,65.35,568,N,9,0
CUST-12489,27,17454,RENT,8.1,EDUCATION,B,16113,10.78,0.923,35.84,73.96,699,N,6,1
CUST-12490,52,39535,MORTGAGE,11.3,PERSONAL,A,11955,8.56,0.302,19.58,29.24,799,N,32,0
CUST-12491,25,23505,RENT,7.0,EDUCATION,D,10469,17.38,0.445,12.96,39.84,573,Y,4,1
CUST-12492,60,99301,MORTGAGE,6.3,MEDICAL,B,19129,8.7,0.193,23.38,79.81,696,N,35,0
CUST-12493,58,34536,MORTGAGE,16.7,HOMEIMPROVEMENT,A,3964,7.68,0.115,22.56,39.45,692,N,35,0
CUST-12494,23,25554,MORTGAGE,5.0,HOMEIMPROVEMENT,E,2060,18.77,0.081,24.18,74.11,618,Y,1,1
CUST-12495,32,49905,OWN,8.4,EDUCATION,E,4530,20.48,0.091,27.57,82.24,542,N,10,0
CUST-12496,68,33386,MORTGAGE,0.5,HOMEIMPROVEMENT,B,17376,12.05,0.52,19.72,39.01,779,N,35,0
CUST-12497,21,119401,OTHER,1.4,DEBTCONSOLIDATION,A,5446,8.51,0.046,13.62,45.99,766,N,3,0
CUST-12498,24,31543,OWN,4.1,VENTURE,C,1307,15.79,0.041,18.91,86.25,704,N,6,0
CUST-12499,63,21172,MORTGAGE,6.2,VENTURE,B,5589,11.4,0.264,17.83,93.86,639,Y,35,1
CUST-12500,46,15000,OWN,1.8,DEBTCONSOLIDATION,A,11130,8.7,0.742,26.07,100.0,663,N,25,0
CUST-12501,51,48123,MORTGAGE,0.5,EDUCATION,D,9732,15.55,0.202,16.47,80.16,597,Y,30,1
CUST-12502,40,34990,MORTGAGE,1.9,PERSONAL,G,2664,24.47,0.076,6.16,63.91,501,N,18,1
CUST-12503,27,20798,RENT,7.4,DEBTCONSOLIDATION,B,8329,11.33,0.4,35.95,98.46,722,N,5,1
CUST-12504,57,100061,RENT,10.5,MEDICAL,C,11922,13.85,0.119,3.76,55.91,704,N,35,0
CUST-12505,27,73155,MORTGAGE,9.0,HOMEIMPROVEMENT,A,6473,6.4,0.088,18.85,45.02,739,N,6,0
CUST-12506,69,48197,MORTGAGE,2.4,HOMEIMPROVEMENT,B,3690,9.39,0.077,4.16,43.12,685,N,35,0
CUST-12507,22,111145,MORTGAGE,2.3,EDUCATION,A,4685,5.33,0.042,9.11,26.81,742,Y,1,0
CUST-12508,63,72949,RENT,2.6,MEDICAL,A,5430,7.95,0.074,20.06,28.46,763,N,35,0
CUST-12509,22,29920,RENT,2.4,MEDICAL,B,3744,9.26,0.125,24.64,77.0,657,N,4,0
CUST-12510,41,26277,MORTGAGE,5.5,EDUCATION,D,11030,,0.42,14.06,36.6,547,Y,22,1
CUST-12511,25,80080,OWN,2.2,PERSONAL,B,11889,11.37,0.148,23.92,59.26,711,N,3,1
CUST-12512,21,62181,RENT,0.1,MEDICAL,B,12795,10.77,0.206,15.23,59.55,653,N,1,0
CUST-12513,42,54276,MORTGAGE,2.9,PERSONAL,A,11734,7.97,0.216,8.56,75.5,790,N,24,0
CUST-12514,63,29498,MORTGAGE,1.3,EDUCATION,C,14162,14.72,0.48,24.38,90.37,573,N,35,1
CUST-12515,21,70598,RENT,0.1,PERSONAL,B,7788,11.88,0.11,6.19,32.91,673,N,1,1
CUST-12516,57,31154,RENT,3.2,VENTURE,A,4075,5.0,0.131,27.04,34.9,703,N,35,0
CUST-12517,36,46111,RENT,1.2,HOMEIMPROVEMENT,A,9218,8.35,0.2,16.42,48.48,726,N,18,0
CUST-12518,54,116793,RENT,3.0,MEDICAL,A,5488,8.08,0.047,4.32,41.48,719,N,35,0
CUST-12519,53,32974,RENT,1.6,EDUCATION,B,11647,10.86,0.353,11.88,46.77,739,N,33,0
CUST-12520,42,19076,RENT,4.6,DEBTCONSOLIDATION,A,6229,8.07,0.327,16.64,32.48,848,N,20,0
CUST-12521,49,26068,RENT,23.5,PERSONAL,D,13971,16.12,0.536,27.53,92.09,567,Y,30,1
CUST-12522,27,89016,MORTGAGE,4.0,EDUCATION,D,3364,13.62,0.038,30.94,66.35,586,Y,7,1
CUST-12523,41,57115,MORTGAGE,5.2,EDUCATION,A,8911,6.77,0.156,7.32,80.17,745,N,22,0
CUST-12524,63,45373,MORTGAGE,12.6,EDUCATION,B,10532,8.31,0.232,21.86,65.48,663,N,35,0
CUST-12525,55,36117,RENT,2.3,EDUCATION,B,4614,8.52,0.128,12.55,29.29,720,N,35,0
CUST-12526,24,65592,MORTGAGE,0.9,EDUCATION,F,11627,23.28,0.177,19.94,96.31,482,N,2,1
CUST-12527,32,29452,MORTGAGE,1.7,EDUCATION,A,7276,6.85,0.247,29.39,22.24,771,Y,12,0
CUST-12528,48,58888,MORTGAGE,2.6,MEDICAL,C,2704,13.82,0.046,10.76,78.62,653,N,26,0
CUST-12529,50,31610,OWN,5.2,EDUCATION,B,8419,10.51,0.266,23.16,55.6,726,N,30,0
CUST-12530,66,28606,MORTGAGE,0.0,VENTURE,B,3817,12.11,0.133,5.94,44.64,700,N,35,0
CUST-12531,35,33439,MORTGAGE,9.6,MEDICAL,A,13937,7.59,0.417,20.42,24.07,776,N,13,0
CUST-12532,61,39134,MORTGAGE,0.4,PERSONAL,A,5569,6.78,0.142,42.7,41.38,769,N,35,0
CUST-12533,49,47605,RENT,11.5,HOMEIMPROVEMENT,A,6890,9.28,0.145,33.94,56.02,744,N,29,0
CUST-12534,35,56459,RENT,14.9,MEDICAL,A,5338,6.9,0.095,17.15,61.37,770,N,14,1
CUST-12535,31,15000,RENT,13.0,PERSONAL,A,5395,8.0,0.36,11.02,30.25,800,N,12,0
CUST-12536,36,30194,RENT,8.3,PERSONAL,C,6186,14.1,0.205,25.25,49.56,587,Y,15,1
CUST-12537,35,38756,RENT,0.8,HOMEIMPROVEMENT,C,5013,12.01,0.129,7.37,91.76,579,Y,16,1
CUST-12538,31,120938,OWN,6.1,VENTURE,B,1688,,0.014,8.43,68.38,745,N,13,0
CUST-12539,27,25642,RENT,1.1,MEDICAL,A,16595,9.12,0.647,19.64,51.65,781,N,6,0
CUST-12540,39,54050,OWN,11.4,EDUCATION,A,7488,6.14,0.139,29.67,49.36,800,N,20,0
CUST-12541,22,120212,MORTGAGE,1.9,MEDICAL,D,21981,16.54,0.183,16.7,47.16,606,N,1,0
CUST-12542,35,22297,RENT,2.0,VENTURE,A,4002,9.11,0.179,22.3,50.32,811,N,16,0
CUST-12543,49,62092,MORTGAGE,12.5,HOMEIMPROVEMENT,E,10090,17.55,0.163,13.25,82.67,671,N,31,0
CUST-12544,64,30291,RENT,0.1,MEDICAL,D,7837,17.25,0.259,24.1,96.23,650,N,35,1
CUST-12545,42,36214,OTHER,1.1,EDUCATION,A,7342,6.0,0.203,38.44,33.62,770,N,23,0
CUST-12546,47,30276,MORTGAGE,2.7,PERSONAL,D,11034,16.12,0.364,23.37,80.89,636,N,27,1
CUST-12547,59,31599,RENT,,PERSONAL,C,2189,13.25,0.069,5.94,40.47,656,N,35,1
CUST-12548,24,250984,OWN,5.2,VENTURE,C,11102,12.09,0.044,14.76,40.43,661,N,3,0
CUST-12549,39,81362,MORTGAGE,5.5,PERSONAL,D,5514,15.41,0.068,11.12,42.08,626,N,18,0
CUST-12550,59,94944,RENT,10.6,MEDICAL,B,9895,,0.104,20.48,28.86,780,N,35,0
CUST-12551,63,65854,MORTGAGE,0.6,VENTURE,C,3828,15.15,0.058,23.82,81.36,623,Y,35,0
CUST-12552,20,18699,MORTGAGE,2.0,EDUCATION,C,3327,14.08,0.178,11.26,72.3,642,N,1,0
CUST-12553,49,62129,RENT,6.5,VENTURE,C,9535,11.53,0.153,27.92,68.61,650,N,29,1
CUST-12554,40,93317,MORTGAGE,5.1,MEDICAL,C,17657,14.06,0.189,7.6,49.07,672,N,20,0
CUST-12555,39,29376,RENT,3.0,MEDICAL,A,16056,7.55,0.547,22.28,96.61,759,N,19,1
CUST-12556,25,87482,MORTGAGE,0.1,HOMEIMPROVEMENT,A,10422,6.74,0.119,18.56,36.27,705,N,5,0
CUST-12557,41,74802,RENT,0.3,VENTURE,E,15281,18.98,0.204,36.68,87.26,573,N,19,1
CUST-12558,37,148928,OWN,0.6,EDUCATION,A,9918,8.1,0.067,8.16,42.59,746,N,15,0
CUST-12559,27,38151,MORTGAGE,2.1,HOMEIMPROVEMENT,B,15067,8.61,0.395,39.26,50.41,700,N,6,0
CUST-12560,58,25372,RENT,0.6,VENTURE,B,7136,9.72,0.281,23.88,87.88,729,N,35,0
CUST-12561,51,39459,RENT,2.8,HOMEIMPROVEMENT,A,15830,6.13,0.401,13.23,73.58,792,N,33,1
CUST-12562,52,115999,RENT,1.0,VENTURE,A,6087,6.54,0.052,5.87,48.43,721,N,31,0
CUST-12563,35,16365,MORTGAGE,7.6,EDUCATION,A,1950,7.9,0.119,15.61,34.2,818,N,14,0
CUST-12564,31,15000,RENT,10.3,EDUCATION,B,17661,10.56,1.177,33.59,24.4,648,N,12,1
CUST-12565,57,51721,MORTGAGE,2.5,VENTURE,D,6037,17.31,0.117,19.67,100.0,585,N,35,0
CUST-12566,53,37588,OWN,3.6,PERSONAL,B,13863,7.8,0.369,16.97,34.88,692,N,32,0
CUST-12567,33,49248,MORTGAGE,15.0,HOMEIMPROVEMENT,C,6078,13.18,0.123,19.74,80.21,675,N,12,1
CUST-12568,55,86438,RENT,3.8,EDUCATION,B,3414,10.37,0.039,12.95,63.32,639,N,35,0
CUST-12569,52,35187,RENT,26.6,VENTURE,D,11565,14.53,0.329,18.78,69.8,688,N,34,0
CUST-12570,42,15933,RENT,0.8,MEDICAL,C,7311,12.67,0.459,31.36,93.52,587,Y,22,1
CUST-12571,69,167157,MORTGAGE,9.9,MEDICAL,A,5030,7.47,0.03,15.78,37.14,804,N,35,0
CUST-12572,64,26947,MORTGAGE,3.4,VENTURE,B,6800,10.88,0.252,15.84,86.12,685,N,35,0
CUST-12573,21,25966,MORTGAGE,0.1,VENTURE,D,1481,16.92,0.057,26.06,78.28,613,N,1,1
CUST-12574,60,95057,RENT,17.9,EDUCATION,C,1000,11.13,0.011,10.85,86.89,572,Y,35,0
CUST-12575,40,38921,OWN,16.8,PERSONAL,D,9871,15.74,0.254,14.79,41.96,636,Y,19,1
CUST-12576,21,47191,RENT,2.4,HOMEIMPROVEMENT,A,2785,5.66,0.059,21.84,47.51,745,N,1,0
CUST-12577,46,65491,RENT,15.4,HOMEIMPROVEMENT,F,16477,21.99,0.252,22.69,62.05,571,Y,25,1
CUST-12578,28,93915,MORTGAGE,0.8,PERSONAL,A,1721,,0.018,14.21,40.86,701,N,10,1
CUST-12579,20,40131,RENT,2.0,EDUCATION,A,13497,6.75,0.336,29.79,53.95,800,N,1,0
CUST-12580,30,122023,MORTGAGE,1.1,EDUCATION,B,4267,14.3,0.035,20.17,100.0,640,N,11,0
CUST-12581,22,15000,MORTGAGE,1.4,DEBTCONSOLIDATION,A,11688,6.24,0.779,27.98,28.19,759,N,3,0
CUST-12582,42,77332,MORTGAGE,7.6,EDUCATION,C,5022,13.48,0.065,13.69,54.48,599,N,24,0
CUST-12583,45,29622,RENT,2.4,PERSONAL,D,5606,17.07,0.189,10.46,52.24,679,Y,27,1
CUST-12584,23,111676,RENT,0.0,PERSONAL,E,6631,19.93,0.059,8.75,65.89,603,Y,1,1
CUST-12585,37,53381,RENT,2.7,VENTURE,B,28234,11.19,0.529,18.86,76.57,756,N,17,1
CUST-12586,25,32736,RENT,1.3,HOMEIMPROVEMENT,B,6246,10.93,0.191,31.09,100.0,691,N,4,0
CUST-12587,54,72962,OWN,5.7,EDUCATION,G,10119,24.1,0.139,17.48,86.43,489,Y,33,1
CUST-12588,41,83776,MORTGAGE,1.1,PERSONAL,B,5089,10.51,0.061,17.59,25.99,699,N,23,0
CUST-12589,62,72051,RENT,9.2,MEDICAL,E,6249,18.71,0.087,8.87,41.08,565,N,35,1
CUST-12590,34,26428,OWN,1.6,EDUCATION,E,5220,18.61,0.198,31.58,96.43,556,N,15,0
CUST-12591,41,36665,MORTGAGE,2.5,PERSONAL,A,2860,5.92,0.078,12.82,49.51,742,N,22,0
CUST-12592,56,48901,RENT,1.8,HOMEIMPROVEMENT,A,9142,8.45,0.187,10.85,47.59,791,N,35,0
CUST-12593,61,47822,RENT,5.2,HOMEIMPROVEMENT,B,7944,11.82,0.166,15.93,17.22,734,N,35,0
CUST-12594,31,76868,RENT,0.5,DEBTCONSOLIDATION,D,5529,15.8,0.072,10.17,54.19,569,Y,9,1
CUST-12595,66,15000,OWN,3.3,MEDICAL,D,7750,16.41,0.517,25.49,77.34,635,N,35,1
CUST-12596,68,59909,MORTGAGE,2.0,EDUCATION,B,5272,12.42,0.088,10.4,83.29,651,N,35,0
CUST-12597,61,41192,OWN,10.8,VENTURE,A,6676,8.85,0.162,24.32,74.44,802,N,35,1
CUST-12598,57,29640,RENT,0.4,PERSONAL,A,18159,8.57,0.613,16.92,60.02,717,N,35,0
CUST-12599,37,31398,MORTGAGE,8.9,EDUCATION,E,4916,19.82,0.157,34.96,88.64,598,N,15,0
CUST-12600,64,43099,RENT,0.9,EDUCATION,B,7790,9.75,0.181,16.57,43.46,722,N,35,0
CUST-12601,54,15000,OTHER,0.5,DEBTCONSOLIDATION,C,14954,12.88,0.997,24.54,42.69,639,N,32,1
CUST-12602,49,32184,OWN,1.1,VENTURE,D,7787,,0.242,19.85,54.48,597,N,28,0
CUST-12603,43,28984,RENT,0.5,PERSONAL,D,3537,,0.122,5.09,51.8,602,N,23,0
CUST-12604,61,67485,MORTGAGE,3.7,PERSONAL,B,12340,9.34,0.183,28.46,71.92,717,N,35,0
CUST-12605,49,30232,MORTGAGE,22.2,HOMEIMPROVEMENT,B,2204,12.0,0.073,4.63,50.93,730,N,30,0
CUST-12606,33,43085,OWN,0.2,HOMEIMPROVEMENT,C,20755,15.19,0.482,17.53,36.39,727,N,12,1
CUST-12607,25,123669,RENT,3.1,VENTURE,B,13874,11.45,0.112,13.56,79.0,761,N,7,1
CUST-12608,22,89019,RENT,2.4,PERSONAL,C,6306,15.3,0.071,9.88,80.58,670,N,4,1
CUST-12609,35,84234,MORTGAGE,2.1,MEDICAL,A,7529,8.27,0.089,21.47,54.88,759,N,16,0
CUST-12610,26,36318,MORTGAGE,2.0,VENTURE,D,7769,16.83,0.214,16.64,100.0,591,Y,6,1
CUST-12611,33,67901,RENT,11.3,DEBTCONSOLIDATION,G,8565,24.56,0.126,15.84,66.14,523,N,12,1
CUST-12612,28,42602,MORTGAGE,0.1,PERSONAL,E,10391,19.12,0.244,26.1,31.97,618,Y,6,1
CUST-12613,34,43579,RENT,7.5,MEDICAL,B,9734,10.49,0.223,12.53,25.28,740,N,15,0
CUST-12614,40,62680,MORTGAGE,1.5,PERSONAL,B,2742,9.25,0.044,14.88,42.26,710,N,19,1
CUST-12615,54,34262,RENT,2.4,MEDICAL,A,8944,7.4,0.261,18.98,24.03,729,N,32,0
CUST-12616,21,120066,RENT,2.7,EDUCATION,B,10128,9.1,0.084,22.15,76.83,705,N,1,0
CUST-12617,46,44530,MORTGAGE,1.8,HOMEIMPROVEMENT,B,17054,9.54,0.383,12.07,41.0,725,N,25,1
CUST-12618,21,71041,RENT,0.5,EDUCATION,C,7547,14.97,0.106,9.39,71.28,692,N,3,0
CUST-12619,54,117402,MORTGAGE,0.6,EDUCATION,A,6837,8.92,0.058,18.39,56.36,758,N,33,0
CUST-12620,37,91034,MORTGAGE,1.8,EDUCATION,B,7010,,0.077,5.86,35.94,733,N,16,0
CUST-12621,33,21049,RENT,8.6,HOMEIMPROVEMENT,B,6974,11.54,0.331,16.75,66.17,737,N,15,0
CUST-12622,39,64019,RENT,0.7,VENTURE,A,7279,6.79,0.114,16.65,34.73,740,N,20,0
CUST-12623,37,81669,MORTGAGE,6.8,PERSONAL,A,4426,6.7,0.054,16.47,12.71,730,N,19,0
CUST-12624,29,83710,RENT,1.7,PERSONAL,B,7700,12.17,0.092,14.54,68.23,759,N,7,0
CUST-12625,44,25135,MORTGAGE,10.7,MEDICAL,C,6631,12.19,0.264,14.96,70.64,675,N,24,1
CUST-12626,21,33050,MORTGAGE,2.8,MEDICAL,C,5307,11.36,0.161,9.61,86.25,670,N,2,0
CUST-12627,44,89030,OWN,0.9,EDUCATION,B,7760,,0.087,9.51,40.74,681,N,23,0
CUST-12628,52,31037,MORTGAGE,21.3,HOMEIMPROVEMENT,A,11122,6.78,0.358,9.82,58.23,678,N,31,0
CUST-12629,55,40953,RENT,1.0,PERSONAL,A,6141,7.05,0.15,13.42,68.49,767,Y,33,0
CUST-12630,50,126187,MORTGAGE,4.2,DEBTCONSOLIDATION,A,10123,5.44,0.08,28.51,55.29,767,N,28,0
CUST-12631,33,47634,OTHER,4.2,PERSONAL,A,7794,7.92,0.164,16.71,52.72,774,N,14,0
CUST-12632,20,31695,RENT,2.0,PERSONAL,D,4035,18.78,0.127,21.29,90.37,610,N,1,1
CUST-12633,65,28953,OWN,15.1,EDUCATION,A,4681,7.86,0.162,11.68,37.34,730,N,35,0
CUST-12634,35,59852,MORTGAGE,9.3,MEDICAL,A,15175,7.23,0.254,14.64,64.43,759,Y,13,0
CUST-12635,65,22028,RENT,8.9,EDUCATION,A,5469,8.3,0.248,10.17,82.0,794,N,35,0
CUST-12636,22,42260,RENT,4.0,VENTURE,B,17230,10.59,0.408,13.39,49.91,719,N,4,0
CUST-12637,54,59870,MORTGAGE,3.1,EDUCATION,B,11391,10.57,0.19,21.42,64.65,653,N,32,0
CUST-12638,60,106882,RENT,0.5,PERSONAL,A,9759,7.4,0.091,23.41,90.56,744,N,35,0
CUST-12639,25,73169,RENT,7.0,HOMEIMPROVEMENT,A,12415,7.76,0.17,11.25,48.66,727,N,3,0
CUST-12640,44,31938,RENT,2.4,DEBTCONSOLIDATION,E,4636,19.01,0.145,5.65,65.04,626,Y,26,1
CUST-12641,32,99414,RENT,1.1,VENTURE,E,10722,17.55,0.108,17.48,40.08,562,N,13,0
CUST-12642,53,40957,RENT,3.3,HOMEIMPROVEMENT,C,20908,15.72,0.51,24.88,75.19,702,Y,33,1
CUST-12643,27,23355,MORTGAGE,9.0,PERSONAL,A,5308,8.14,0.227,22.88,71.69,758,N,8,1
CUST-12644,40,44213,RENT,0.9,EDUCATION,B,13809,9.66,0.312,12.85,61.64,686,Y,22,1
CUST-12645,53,116180,OTHER,9.4,EDUCATION,C,6787,13.92,0.058,9.14,63.99,616,Y,31,0
CUST-12646,23,54130,RENT,2.7,DEBTCONSOLIDATION,A,7516,6.14,0.139,17.73,81.6,738,Y,2,1
CUST-12647,44,49390,RENT,0.7,MEDICAL,B,7754,10.96,0.157,12.11,55.92,700,N,26,0
CUST-12648,34,130918,RENT,9.4,PERSONAL,C,2540,14.39,0.019,28.2,92.53,611,N,16,1
CUST-12649,23,20768,RENT,5.0,EDUCATION,B,2469,11.74,0.119,10.92,52.88,722,N,3,0
CUST-12650,64,22666,RENT,1.7,PERSONAL,B,11361,11.18,0.501,27.87,56.19,670,N,35,0
CUST-12651,31,18592,MORTGAGE,1.8,EDUCATION,B,5083,10.27,0.273,18.21,55.56,649,N,11,0
CUST-12652,51,61303,MORTGAGE,2.5,MEDICAL,C,7101,14.73,0.116,18.28,41.61,604,N,31,0
CUST-12653,51,54170,RENT,8.4,EDUCATION,C,14722,12.84,0.272,18.31,71.33,633,N,32,0
CUST-12654,47,123703,RENT,0.1,PERSONAL,C,5344,13.86,0.043,16.16,85.44,669,N,29,1
CUST-12655,32,56731,RENT,1.3,PERSONAL,B,3772,9.62,0.066,31.0,37.72,757,N,14,0
CUST-12656,50,38465,MORTGAGE,6.1,MEDICAL,C,13135,13.78,0.341,19.66,65.75,642,N,32,0
CUST-12657,33,49073,MORTGAGE,2.6,VENTURE,E,14807,21.29,0.302,11.22,54.69,582,Y,12,1
CUST-12658,39,52608,RENT,2.0,EDUCATION,C,7802,14.43,0.148,13.44,57.35,648,N,20,1
CUST-12659,37,17978,RENT,10.3,VENTURE,B,5441,11.61,0.303,15.68,63.23,625,Y,16,1
CUST-12660,48,249246,OWN,12.5,PERSONAL,C,12304,,0.049,3.47,65.45,663,N,26,1
CUST-12661,25,66964,RENT,7.0,PERSONAL,B,8338,10.42,0.125,16.97,57.28,699,N,5,0
CUST-12662,51,55603,MORTGAGE,1.6,HOMEIMPROVEMENT,D,4074,15.45,0.073,21.32,62.46,555,N,31,0
CUST-12663,48,70905,RENT,12.2,EDUCATION,C,6837,11.28,0.096,9.73,91.23,709,N,27,0
CUST-12664,62,75030,MORTGAGE,6.7,MEDICAL,C,3450,12.2,0.046,7.8,57.6,671,N,35,0
CUST-12665,21,45056,OWN,0.8,DEBTCONSOLIDATION,C,7279,13.64,0.162,20.35,51.49,592,N,1,1
CUST-12666,42,33565,OTHER,4.7,MEDICAL,A,12206,5.06,0.364,13.16,87.75,768,N,23,0
CUST-12667,38,70239,MORTGAGE,0.1,PERSONAL,B,12925,10.71,0.184,8.27,37.66,806,N,19,0
CUST-12668,50,61785,RENT,6.2,DEBTCONSOLIDATION,A,4830,8.09,0.078,22.58,12.17,750,N,30,0
CUST-12669,24,30153,MORTGAGE,6.0,PERSONAL,B,3066,8.62,0.102,20.21,39.6,724,N,2,0
CUST-12670,38,114854,RENT,7.8,VENTURE,C,10256,14.56,0.089,16.85,79.15,630,N,17,1
CUST-12671,53,58454,OTHER,,EDUCATION,B,5211,9.99,0.089,11.05,92.11,684,N,35,1
CUST-12672,29,75954,MORTGAGE,4.9,MEDICAL,A,9607,5.54,0.126,8.23,17.99,805,N,7,0
CUST-12673,44,113001,RENT,1.0,MEDICAL,B,3579,8.47,0.032,15.67,80.37,722,Y,25,0
CUST-12674,21,49668,RENT,3.0,EDUCATION,A,7956,7.43,0.16,31.04,31.5,787,Y,3,1
CUST-12675,30,59288,MORTGAGE,5.6,HOMEIMPROVEMENT,C,7145,13.6,0.121,8.43,41.58,642,N,12,0
CUST-12676,69,79699,OTHER,0.5,DEBTCONSOLIDATION,C,9406,13.48,0.118,18.95,36.48,666,N,35,0
CUST-12677,50,31732,MORTGAGE,1.0,PERSONAL,D,4984,17.74,0.157,10.67,42.53,607,Y,28,1
CUST-12678,34,50636,RENT,5.4,HOMEIMPROVEMENT,A,3985,7.57,0.079,3.17,21.29,772,N,13,0
CUST-12679,28,52856,RENT,3.2,PERSONAL,A,2621,6.8,0.05,5.94,21.99,746,N,6,0
CUST-12680,42,27621,RENT,6.7,PERSONAL,D,3600,16.12,0.13,14.38,41.49,672,N,22,0
CUST-12681,38,196925,OWN,1.6,DEBTCONSOLIDATION,A,9597,8.8,0.049,16.27,59.42,742,N,19,0
CUST-12682,28,21070,OTHER,5.4,MEDICAL,C,5375,12.16,0.255,6.17,27.85,665,N,7,1
CUST-12683,54,22497,OWN,1.0,PERSONAL,C,5109,13.69,0.227,40.38,58.72,587,Y,33,0
CUST-12684,40,107854,MORTGAGE,3.9,MEDICAL,B,12759,10.75,0.118,8.04,70.75,742,N,20,0
CUST-12685,28,75204,MORTGAGE,10.0,EDUCATION,B,7832,11.73,0.104,26.05,62.55,659,Y,10,0
CUST-12686,47,26487,MORTGAGE,4.9,MEDICAL,A,2125,7.63,0.08,11.73,58.64,727,N,25,0
CUST-12687,65,70570,MORTGAGE,0.3,VENTURE,E,16246,,0.23,25.33,72.61,527,Y,35,1
CUST-12688,26,118268,MORTGAGE,8.0,HOMEIMPROVEMENT,B,3095,10.73,0.026,22.96,52.35,650,N,7,0
CUST-12689,35,48138,RENT,0.9,PERSONAL,A,21907,8.36,0.455,34.8,32.24,784,N,16,1
CUST-12690,35,233116,MORTGAGE,6.3,EDUCATION,B,11326,10.67,0.049,3.76,71.27,672,N,14,0
CUST-12691,52,17423,RENT,3.8,PERSONAL,A,3994,8.82,0.229,23.94,54.39,699,N,30,0
CUST-12692,23,74331,RENT,1.7,PERSONAL,C,8714,11.93,0.117,10.0,38.23,597,N,5,1
CUST-12693,23,98707,MORTGAGE,1.0,DEBTCONSOLIDATION,B,21858,10.31,0.221,33.14,57.7,739,N,1,0
CUST-12694,58,83684,OWN,1.0,DEBTCONSOLIDATION,A,7611,7.51,0.091,5.29,30.38,737,N,35,0
CUST-12695,59,43364,MORTGAGE,9.8,VENTURE,A,3168,8.43,0.073,13.61,99.08,748,N,35,0
CUST-12696,36,41181,RENT,10.3,VENTURE,A,9332,8.58,0.227,26.98,32.07,782,N,18,0
CUST-12697,56,63990,OWN,3.1,HOMEIMPROVEMENT,A,5412,7.53,0.085,24.38,33.96,771,N,34,0
CUST-12698,58,79973,MORTGAGE,0.5,PERSONAL,B,8289,10.07,0.104,22.2,35.6,707,N,35,0
CUST-12699,48,70367,RENT,10.8,PERSONAL,D,3376,16.73,0.048,15.99,85.51,654,N,29,0
CUST-12700,55,91494,MORTGAGE,3.3,EDUCATION,A,4262,6.13,0.047,12.72,34.02,705,N,35,1
CUST-12701,57,26600,RENT,2.9,HOMEIMPROVEMENT,A,7317,6.91,0.275,17.69,46.75,739,N,35,0
CUST-12702,58,42759,RENT,2.6,MEDICAL,B,7281,11.18,0.17,28.63,20.51,732,N,35,0
CUST-12703,69,27889,OWN,2.3,MEDICAL,B,13699,10.92,0.491,18.08,54.41,765,N,35,0
CUST-12704,56,38883,RENT,3.7,EDUCATION,C,20745,12.71,0.534,28.94,66.97,718,N,35,1
CUST-12705,54,90141,RENT,4.6,VENTURE,E,3139,18.56,0.035,8.94,88.67,528,Y,35,1
CUST-12706,26,52302,RENT,3.1,HOMEIMPROVEMENT,B,5671,9.54,0.108,15.19,21.94,703,N,4,0
CUST-12707,46,234243,RENT,11.3,EDUCATION,A,5568,6.62,0.024,8.12,18.6,767,N,24,0
CUST-12708,47,55052,RENT,1.9,VENTURE,A,7070,7.68,0.128,12.92,20.04,744,N,25,0
CUST-12709,41,50808,RENT,4.3,EDUCATION,A,1404,8.94,0.028,11.77,30.78,774,N,19,0
CUST-12710,33,52245,RENT,1.8,HOMEIMPROVEMENT,C,4646,15.09,0.089,42.33,55.57,729,N,12,0
CUST-12711,26,33433,RENT,7.0,MEDICAL,C,2193,12.39,0.066,7.63,72.95,619,N,4,0
CUST-12712,56,47348,RENT,0.5,EDUCATION,A,9165,7.9,0.194,20.04,52.41,706,N,35,1
CUST-12713,41,96439,RENT,1.0,MEDICAL,D,9219,16.84,0.096,20.83,86.52,632,N,21,1
CUST-12714,24,52490,MORTGAGE,6.0,PERSONAL,D,11488,16.75,0.219,23.08,56.38,594,Y,3,0
CUST-12715,21,30452,MORTGAGE,1.0,HOMEIMPROVEMENT,D,18146,15.33,0.596,23.9,23.69,634,Y,3,1
CUST-12716,46,28140,RENT,4.9,DEBTCONSOLIDATION,A,9216,6.61,0.328,16.6,53.19,757,N,28,0
CUST-12717,40,37416,MORTGAGE,17.6,MEDICAL,A,12075,7.91,0.323,17.74,64.46,743,N,21,0
CUST-12718,57,51242,OTHER,3.7,EDUCATION,A,19743,7.04,0.385,15.49,49.86,726,N,35,1
CUST-12719,34,100323,OWN,1.0,VENTURE,B,5569,10.61,0.056,9.1,43.95,703,N,15,0
CUST-12720,40,21932,RENT,1.9,MEDICAL,B,5599,9.28,0.255,18.72,31.4,686,N,18,0
CUST-12721,29,40461,MORTGAGE,8.7,EDUCATION,D,5933,15.91,0.147,22.07,58.39,649,N,11,0
CUST-12722,42,53454,RENT,2.2,PERSONAL,A,13344,5.9,0.25,9.74,24.76,754,N,23,0
CUST-12723,58,16313,RENT,6.4,HOMEIMPROVEMENT,C,24219,13.82,1.485,45.05,100.0,605,N,35,1
CUST-12724,24,29727,RENT,6.0,HOMEIMPROVEMENT,C,6327,13.08,0.213,27.65,48.89,699,N,2,0
CUST-12725,20,32599,RENT,2.0,HOMEIMPROVEMENT,A,7683,7.82,0.236,13.34,89.1,745,N,1,0
CUST-12726,32,30406,MORTGAGE,7.6,MEDICAL,A,7304,7.06,0.24,24.41,28.9,823,N,12,0
CUST-12727,40,55002,MORTGAGE,1.9,VENTURE,C,10492,13.78,0.191,20.47,64.72,641,N,18,1
CUST-12728,45,44518,MORTGAGE,3.6,MEDICAL,C,15876,15.67,0.357,9.13,86.94,622,N,25,1
CUST-12729,69,35130,RENT,5.8,EDUCATION,E,19603,18.87,0.558,13.81,70.97,560,Y,35,0
CUST-12730,64,63372,RENT,0.9,HOMEIMPROVEMENT,D,6865,17.09,0.108,38.23,32.98,606,N,35,0
CUST-12731,40,137839,RENT,1.6,DEBTCONSOLIDATION,D,4678,15.71,0.034,8.37,30.61,601,N,20,1
CUST-12732,37,131078,RENT,5.3,HOMEIMPROVEMENT,C,8684,13.34,0.066,19.5,79.01,628,N,18,1
CUST-12733,56,15465,OTHER,5.3,HOMEIMPROVEMENT,A,7154,8.07,0.463,12.05,57.39,734,N,35,0
CUST-12734,64,69302,MORTGAGE,3.4,VENTURE,D,11879,16.84,0.171,25.45,85.11,668,N,35,1
CUST-12735,51,44054,OWN,7.9,VENTURE,E,5152,20.33,0.117,3.89,44.26,561,N,29,0
CUST-12736,55,53803,MORTGAGE,3.3,HOMEIMPROVEMENT,B,4523,11.65,0.084,8.77,41.38,775,N,35,0
CUST-12737,36,38600,RENT,10.7,MEDICAL,B,8763,11.3,0.227,18.18,54.63,737,N,15,0
CUST-12738,54,52604,RENT,6.7,PERSONAL,B,5246,,0.1,4.79,42.76,698,N,32,0
CUST-12739,68,53682,MORTGAGE,1.9,VENTURE,E,19855,19.76,0.37,15.44,100.0,593,Y,35,1
CUST-12740,30,34635,RENT,2.5,DEBTCONSOLIDATION,A,10114,6.63,0.292,25.88,92.63,731,N,12,0
CUST-12741,40,28629,MORTGAGE,5.5,EDUCATION,C,5735,14.46,0.2,22.35,27.63,687,N,19,0
CUST-12742,45,37450,RENT,11.2,HOMEIMPROVEMENT,D,9733,16.04,0.26,23.86,38.76,657,N,24,0
CUST-12743,23,56418,RENT,1.0,EDUCATION,C,20751,14.33,0.368,30.99,48.83,671,Y,2,1
CUST-12744,53,70220,MORTGAGE,3.6,DEBTCONSOLIDATION,B,3591,,0.051,7.34,80.86,682,N,35,0
CUST-12745,67,81798,MORTGAGE,0.6,VENTURE,E,4512,19.07,0.055,6.13,63.6,591,N,35,0
CUST-12746,37,36442,RENT,1.6,MEDICAL,A,2223,6.67,0.061,17.35,47.93,726,N,17,0
CUST-12747,59,58122,MORTGAGE,5.8,HOMEIMPROVEMENT,A,8884,7.97,0.153,20.14,74.19,702,Y,35,0
CUST-12748,54,87334,RENT,0.4,HOMEIMPROVEMENT,B,9988,9.81,0.114,25.9,64.38,709,N,35,0
CUST-12749,60,98652,MORTGAGE,5.4,HOMEIMPROVEMENT,A,16076,7.48,0.163,26.57,40.37,693,N,35,0
CUST-12750,48,47320,RENT,11.6,DEBTCONSOLIDATION,B,7460,10.33,0.158,22.83,93.65,685,Y,28,1
CUST-12751,48,42934,RENT,17.4,PERSONAL,A,7364,8.73,0.172,7.81,44.91,763,N,28,1
CUST-12752,57,54977,MORTGAGE,1.2,PERSONAL,C,18390,14.07,0.335,15.04,57.08,705,N,35,0
CUST-12753,61,24591,RENT,6.9,HOMEIMPROVEMENT,B,6761,10.85,0.275,14.36,46.67,678,Y,35,1
CUST-12754,40,43644,MORTGAGE,13.0,DEBTCONSOLIDATION,C,3763,13.52,0.086,13.02,53.66,615,N,19,0
CUST-12755,61,76630,OWN,0.5,EDUCATION,A,4619,6.58,0.06,4.66,75.5,778,N,35,0
CUST-12756,32,72053,RENT,2.7,PERSONAL,A,21838,6.45,0.303,15.87,46.8,758,N,12,0
CUST-12757,68,41682,MORTGAGE,12.6,EDUCATION,A,17667,7.83,0.424,15.59,57.66,753,N,35,1
CUST-12758,60,55861,MORTGAGE,1.1,EDUCATION,A,4995,5.8,0.089,4.0,43.59,698,N,35,0
CUST-12759,36,29887,RENT,13.6,VENTURE,A,11717,7.45,0.392,8.65,63.27,788,Y,14,0
CUST-12760,28,74764,MORTGAGE,3.7,PERSONAL,A,4992,7.63,0.067,16.32,59.46,676,N,6,0
CUST-12761,60,46784,MORTGAGE,0.5,EDUCATION,B,23962,8.81,0.512,19.53,41.82,707,N,35,0
CUST-12762,20,41540,MORTGAGE,2.0,HOMEIMPROVEMENT,A,5519,7.43,0.133,15.53,12.24,793,N,2,0
CUST-12763,21,39456,OWN,2.0,PERSONAL,B,3880,10.51,0.098,9.4,79.32,704,N,1,0
CUST-12764,67,47205,MORTGAGE,1.7,VENTURE,A,5965,9.99,0.126,9.03,62.23,741,N,35,0
CUST-12765,48,37469,OTHER,3.9,EDUCATION,D,29002,16.51,0.774,42.5,72.27,574,Y,27,1
CUST-12766,52,72757,MORTGAGE,3.3,VENTURE,A,9345,8.55,0.128,10.67,21.7,730,N,31,0
CUST-12767,29,38670,RENT,3.3,PERSONAL,B,3946,11.04,0.102,15.07,42.91,777,N,8,0
CUST-12768,69,127488,RENT,0.5,EDUCATION,B,10948,10.81,0.086,7.08,62.5,681,N,35,0
CUST-12769,59,118081,RENT,8.1,MEDICAL,C,3304,14.5,0.028,18.86,59.18,666,N,35,0
CUST-12770,40,28712,MORTGAGE,3.3,HOMEIMPROVEMENT,B,14731,8.77,0.513,24.12,45.0,671,N,18,1
CUST-12771,47,51114,MORTGAGE,8.6,MEDICAL,B,12528,10.39,0.245,8.54,86.63,689,N,28,0
CUST-12772,30,33176,RENT,8.7,PERSONAL,C,13445,13.84,0.405,16.78,76.33,593,N,12,1
CUST-12773,53,40296,RENT,1.9,HOMEIMPROVEMENT,B,8793,9.34,0.218,13.07,59.79,698,Y,33,0
CUST-12774,27,162992,RENT,0.0,PERSONAL,A,10168,7.44,0.062,8.47,47.5,737,N,8,0
CUST-12775,41,40760,RENT,12.1,DEBTCONSOLIDATION,B,10657,10.61,0.261,18.99,37.19,747,N,22,0
CUST-12776,27,60848,MORTGAGE,7.2,EDUCATION,F,8393,21.8,0.138,10.63,41.82,500,N,8,1
CUST-12777,68,67832,MORTGAGE,0.6,MEDICAL,B,9712,9.43,0.143,23.19,71.14,685,N,35,1
CUST-12778,34,26893,OWN,6.0,PERSONAL,B,3240,9.6,0.12,15.21,58.94,732,N,13,0
CUST-12779,36,29346,RENT,0.1,MEDICAL,A,4028,7.12,0.137,24.32,40.17,749,N,17,0
CUST-12780,42,23774,MORTGAGE,0.1,MEDICAL,D,9078,,0.382,8.97,68.79,604,Y,24,1
CUST-12781,43,28808,MORTGAGE,3.7,EDUCATION,A,3691,7.61,0.128,13.29,74.34,744,N,21,0
CUST-12782,64,15000,OWN,0.5,PERSONAL,A,6928,7.74,0.462,27.81,65.15,715,N,35,1
CUST-12783,38,67965,MORTGAGE,16.7,HOMEIMPROVEMENT,B,3524,10.22,0.052,31.58,95.78,685,N,20,1
CUST-12784,24,168133,RENT,6.0,HOMEIMPROVEMENT,B,15478,9.49,0.092,4.57,58.18,703,N,5,0
CUST-12785,51,53567,RENT,5.2,VENTURE,F,2764,21.63,0.052,2.04,65.4,489,Y,29,1
CUST-12786,63,20957,MORTGAGE,0.3,MEDICAL,A,7834,6.5,0.374,17.28,33.06,713,N,35,0
CUST-12787,20,33334,MORTGAGE,2.0,VENTURE,B,2442,6.87,0.073,18.8,54.62,743,N,1,0
CUST-12788,42,37222,MORTGAGE,2.3,PERSONAL,A,2082,7.48,0.056,17.66,27.48,768,N,23,0
CUST-12789,56,26620,RENT,3.3,DEBTCONSOLIDATION,C,5957,13.19,0.224,6.62,64.42,661,N,35,0
CUST-12790,27,82134,OWN,0.9,EDUCATION,B,14559,11.98,0.177,8.4,76.4,681,N,6,0
CUST-12791,32,79710,RENT,4.3,VENTURE,C,8146,14.33,0.102,23.97,51.42,658,N,13,0
CUST-12792,27,24507,OTHER,2.9,VENTURE,B,7134,11.07,0.291,25.1,100.0,616,Y,5,1
CUST-12793,42,75739,MORTGAGE,14.7,VENTURE,B,2299,9.3,0.03,11.9,41.85,658,N,22,0
CUST-12794,62,122527,MORTGAGE,13.8,HOMEIMPROVEMENT,B,2443,11.72,0.02,2.98,29.14,722,N,35,0
CUST-12795,20,153512,MORTGAGE,2.0,EDUCATION,B,10020,10.67,0.065,14.49,32.05,676,N,1,0
CUST-12796,64,273519,RENT,5.2,VENTURE,B,9235,10.07,0.034,10.81,71.85,693,N,35,0
CUST-12797,43,28532,RENT,0.7,MEDICAL,B,15556,9.56,0.545,43.14,41.39,713,N,23,0
CUST-12798,54,266874,RENT,1.3,PERSONAL,D,16431,15.71,0.062,16.71,80.89,584,Y,35,0
CUST-12799,43,39635,RENT,11.5,EDUCATION,B,27790,10.19,0.701,44.91,67.92,678,N,22,1
CUST-12800,36,34355,MORTGAGE,6.0,HOMEIMPROVEMENT,D,9424,15.27,0.274,6.77,59.55,597,Y,17,1
CUST-12801,24,59649,RENT,1.1,EDUCATION,A,18267,7.55,0.306,19.98,48.82,755,N,3,0
CUST-12802,39,34570,MORTGAGE,4.2,MEDICAL,A,24281,7.3,0.702,31.92,68.6,693,N,17,1
CUST-12803,40,62281,RENT,13.6,MEDICAL,B,7476,11.32,0.12,22.92,20.29,711,N,21,0
CUST-12804,59,22202,MORTGAGE,2.1,VENTURE,A,9525,7.32,0.429,36.26,80.17,749,N,35,1
CUST-12805,50,42478,MORTGAGE,1.0,HOMEIMPROVEMENT,B,4560,8.31,0.107,4.86,86.35,704,N,28,0
CUST-12806,65,106016,RENT,14.2,PERSONAL,A,11074,7.13,0.104,13.68,48.13,724,N,35,0
CUST-12807,55,47370,RENT,3.1,MEDICAL,D,4202,15.15,0.089,24.35,51.35,608,Y,33,1
CUST-12808,30,53367,RENT,2.7,MEDICAL,B,5467,9.78,0.102,15.92,42.73,733,N,11,0
CUST-12809,34,65196,MORTGAGE,1.6,EDUCATION,B,17062,9.37,0.262,19.39,41.11,724,N,16,0
CUST-12810,38,98952,MORTGAGE,11.1,DEBTCONSOLIDATION,C,5863,16.01,0.059,9.88,75.82,693,N,19,0
CUST-12811,26,18157,RENT,8.0,PERSONAL,A,12108,7.09,0.667,22.54,73.51,718,N,5,1
CUST-12812,47,69613,MORTGAGE,2.6,PERSONAL,D,12188,17.36,0.175,18.67,39.22,634,N,25,0
CUST-12813,62,41735,RENT,0.2,VENTURE,B,1905,10.13,0.046,23.56,56.7,678,N,35,0
CUST-12814,24,54175,MORTGAGE,3.0,EDUCATION,A,12917,7.23,0.238,21.24,68.66,671,N,4,1
CUST-12815,24,92593,RENT,1.0,VENTURE,D,6297,15.93,0.068,8.08,29.39,643,N,2,0
CUST-12816,49,23944,MORTGAGE,0.8,HOMEIMPROVEMENT,B,5146,9.66,0.215,14.72,28.95,727,N,27,0
CUST-12817,51,26699,OWN,2.5,EDUCATION,B,8891,9.69,0.333,12.76,61.98,752,N,32,0
CUST-12818,27,15348,MORTGAGE,0.5,PERSONAL,D,6436,16.95,0.419,37.29,37.63,559,Y,7,1
CUST-12819,29,35260,RENT,11.0,PERSONAL,D,13091,16.43,0.371,16.85,57.63,616,N,11,0
CUST-12820,57,108908,RENT,0.2,EDUCATION,D,11345,18.09,0.104,7.77,64.84,602,N,35,0
CUST-12821,66,45599,MORTGAGE,2.6,EDUCATION,B,20742,10.24,0.455,22.09,59.75,740,N,35,0
CUST-12822,51,21936,RENT,0.9,HOMEIMPROVEMENT,C,8334,13.17,0.38,21.67,49.92,601,N,32,1
CUST-12823,67,36628,RENT,5.8,HOMEIMPROVEMENT,A,7413,7.55,0.202,16.16,45.98,741,N,35,0
CUST-12824,47,20076,MORTGAGE,0.4,PERSONAL,D,28808,17.23,1.435,36.97,71.91,613,Y,27,1
CUST-12825,36,24956,RENT,4.0,HOMEIMPROVEMENT,B,14008,10.64,0.561,27.84,62.24,726,N,16,1
CUST-12826,50,61900,RENT,7.4,PERSONAL,B,7318,12.11,0.118,13.76,58.78,715,N,31,0
CUST-12827,27,24237,OWN,9.0,VENTURE,D,20937,19.59,0.864,38.11,64.3,609,Y,7,1
CUST-12828,59,95566,MORTGAGE,6.0,PERSONAL,D,10077,17.48,0.105,8.85,84.35,599,N,35,1
CUST-12829,44,46972,RENT,0.5,PERSONAL,E,5844,19.95,0.124,17.02,51.15,567,N,25,1
CUST-12830,28,51604,MORTGAGE,0.5,VENTURE,B,5012,8.1,0.097,13.03,14.14,726,N,6,0
CUST-12831,21,41480,OWN,3.0,MEDICAL,A,8105,9.16,0.195,26.44,92.41,721,N,1,0
CUST-12832,34,77941,RENT,1.2,MEDICAL,E,9398,20.97,0.121,15.12,71.3,562,Y,14,1
CUST-12833,69,78424,MORTGAGE,3.0,MEDICAL,B,8366,12.34,0.107,9.08,82.75,692,N,35,0
CUST-12834,22,59936,MORTGAGE,4.0,PERSONAL,D,9323,17.46,0.156,7.61,46.37,537,N,1,0
CUST-12835,68,68794,RENT,8.6,VENTURE,C,13121,12.36,0.191,9.91,53.5,582,N,35,1
CUST-12836,55,43163,MORTGAGE,9.4,HOMEIMPROVEMENT,D,5575,15.34,0.129,4.11,78.21,558,N,35,1
CUST-12837,23,67868,RENT,5.0,PERSONAL,C,2853,12.19,0.042,22.69,66.1,643,N,5,0
CUST-12838,33,40025,MORTGAGE,4.8,EDUCATION,D,4147,16.6,0.104,19.19,50.81,628,Y,13,1
CUST-12839,60,49086,MORTGAGE,6.8,MEDICAL,A,11212,6.66,0.228,28.85,77.02,728,N,35,0
CUST-12840,60,41573,RENT,2.2,VENTURE,F,5489,23.03,0.132,35.44,41.81,473,N,35,0
CUST-12841,44,37259,MORTGAGE,26.0,MEDICAL,A,8936,6.81,0.24,14.49,24.23,783,N,25,0
CUST-12842,69,32420,MORTGAGE,1.6,VENTURE,A,5292,7.11,0.163,13.61,55.95,760,N,35,0
CUST-12843,29,64900,RENT,4.5,DEBTCONSOLIDATION,B,5796,10.82,0.089,35.99,45.04,692,N,8,0
CUST-12844,40,107620,MORTGAGE,1.7,EDUCATION,C,9549,12.93,0.089,17.69,61.46,659,N,21,0
CUST-12845,55,98978,RENT,0.6,MEDICAL,C,11549,12.41,0.117,17.61,92.49,613,Y,35,1
CUST-12846,31,23064,OWN,4.2,VENTURE,B,8688,8.32,0.377,31.79,32.0,736,N,13,1
CUST-12847,46,106246,MORTGAGE,2.2,MEDICAL,C,10813,14.62,0.102,28.34,49.69,661,N,25,0
CUST-12848,59,40501,MORTGAGE,4.4,EDUCATION,D,3281,15.39,0.081,16.25,28.69,605,N,35,1
CUST-12849,21,70293,MORTGAGE,3.0,VENTURE,B,7328,10.04,0.104,20.87,76.45,688,N,2,0
CUST-12850,32,28460,MORTGAGE,3.9,VENTURE,B,6401,10.05,0.225,25.23,58.13,702,N,12,1
CUST-12851,51,53379,MORTGAGE,0.7,MEDICAL,B,11776,8.03,0.221,12.88,17.27,717,N,30,0
CUST-12852,50,59173,MORTGAGE,2.9,EDUCATION,D,5206,16.84,0.088,23.67,49.14,549,Y,31,0
CUST-12853,35,20115,OWN,8.4,MEDICAL,D,2802,18.19,0.139,26.48,41.98,583,Y,14,0
CUST-12854,51,70612,MORTGAGE,1.9,HOMEIMPROVEMENT,A,2747,8.65,0.039,14.64,37.73,738,N,32,0
CUST-12855,51,109925,RENT,2.9,HOMEIMPROVEMENT,A,8237,7.05,0.075,17.26,55.31,737,N,30,0
CUST-12856,53,44143,OWN,3.4,VENTURE,A,10143,8.77,0.23,32.69,66.62,725,N,35,0
CUST-12857,30,110868,MORTGAGE,9.9,VENTURE,B,9428,8.42,0.085,9.79,42.4,727,N,12,0
CUST-12858,29,43747,MORTGAGE,5.3,PERSONAL,B,6598,11.5,0.151,6.68,44.51,676,N,11,0
CUST-12859,34,81613,OTHER,0.5,MEDICAL,B,6130,9.62,0.075,5.81,35.7,663,N,12,0
CUST-12860,36,15000,RENT,10.0,PERSONAL,C,9809,14.66,0.654,30.28,43.72,634,N,17,1
CUST-12861,59,209246,RENT,8.9,HOMEIMPROVEMENT,B,4532,10.54,0.022,38.56,92.75,753,N,35,0
CUST-12862,37,120243,RENT,7.0,EDUCATION,A,6871,6.06,0.057,7.33,69.41,750,N,15,1
CUST-12863,28,41325,MORTGAGE,3.1,VENTURE,B,8306,10.8,0.201,17.49,24.55,683,N,7,0
CUST-12864,44,15014,MORTGAGE,7.1,HOMEIMPROVEMENT,A,19382,7.5,1.291,40.07,64.26,738,N,25,1
CUST-12865,59,58268,OWN,3.3,HOMEIMPROVEMENT,D,2062,16.79,0.035,20.3,43.83,549,Y,35,1
CUST-12866,33,20612,RENT,6.7,VENTURE,B,5662,9.54,0.275,16.85,51.74,693,N,11,1
CUST-12867,44,64017,MORTGAGE,10.6,MEDICAL,C,7039,12.09,0.11,21.48,41.02,658,Y,25,0
CUST-12868,69,62751,OWN,11.1,MEDICAL,B,17130,11.24,0.273,16.18,90.24,715,N,35,0
CUST-12869,41,27865,MORTGAGE,3.0,EDUCATION,B,9373,10.42,0.336,15.29,62.14,694,N,20,0
CUST-12870,49,96045,RENT,9.8,PERSONAL,B,14054,11.19,0.146,5.84,69.8,674,N,29,0
CUST-12871,39,79486,MORTGAGE,0.5,PERSONAL,A,2128,8.17,0.027,17.59,88.04,782,N,18,0
CUST-12872,40,88035,OWN,0.5,PERSONAL,C,15418,14.35,0.175,15.6,24.43,637,N,18,1
CUST-12873,63,49282,OTHER,4.0,DEBTCONSOLIDATION,A,4086,9.44,0.083,10.44,36.82,716,N,35,0
CUST-12874,51,20966,MORTGAGE,5.3,PERSONAL,B,10380,10.74,0.495,23.15,34.86,673,N,32,0
CUST-12875,65,88143,OWN,0.8,VENTURE,C,8357,12.3,0.095,16.23,63.22,638,N,35,0
CUST-12876,68,41680,RENT,3.2,PERSONAL,B,4755,9.57,0.114,9.97,67.22,690,N,35,1
CUST-12877,40,21292,RENT,0.5,DEBTCONSOLIDATION,C,2105,13.15,0.099,10.45,85.85,631,N,22,1
CUST-12878,54,110329,OWN,4.6,EDUCATION,A,13766,7.75,0.125,20.05,38.71,761,N,34,0
CUST-12879,51,172757,RENT,9.7,EDUCATION,A,10444,,0.06,30.43,28.23,747,N,30,1
CUST-12880,49,47822,RENT,6.7,EDUCATION,A,12174,7.33,0.255,16.1,75.78,781,N,30,0
CUST-12881,58,179059,RENT,2.4,HOMEIMPROVEMENT,A,11101,9.52,0.062,17.71,62.13,753,N,35,0
CUST-12882,68,51781,MORTGAGE,25.4,EDUCATION,B,2429,12.62,0.047,14.3,32.45,688,N,35,0
CUST-12883,31,39015,MORTGAGE,5.4,HOMEIMPROVEMENT,B,5870,11.02,0.15,10.92,67.51,682,N,10,0
CUST-12884,60,33581,RENT,8.4,VENTURE,C,10532,14.26,0.314,28.62,60.31,636,N,35,0
CUST-12885,66,130907,OWN,5.5,EDUCATION,D,3266,15.95,0.025,19.34,53.62,572,Y,35,1
CUST-12886,37,30696,OWN,19.0,PERSONAL,C,7701,15.52,0.251,9.29,68.5,642,N,16,0
CUST-12887,40,76203,RENT,8.6,HOMEIMPROVEMENT,B,5385,9.74,0.071,19.52,44.08,717,N,21,0
CUST-12888,32,35048,RENT,3.7,EDUCATION,A,14188,8.94,0.405,11.47,48.66,777,N,11,0
CUST-12889,40,37190,MORTGAGE,2.3,HOMEIMPROVEMENT,B,11022,9.26,0.296,17.88,47.48,706,N,18,0
CUST-12890,27,90957,MORTGAGE,5.7,PERSONAL,A,6791,8.27,0.075,8.28,80.92,850,N,6,0
CUST-12891,65,39025,RENT,4.5,VENTURE,C,6976,14.84,0.179,20.07,40.85,661,N,35,0
CUST-12892,59,38450,RENT,5.0,VENTURE,D,8694,17.59,0.226,23.57,57.2,549,N,35,1
CUST-12893,65,96730,RENT,2.1,VENTURE,B,16487,9.94,0.17,21.33,28.62,715,N,35,1
CUST-12894,26,127827,RENT,2.8,EDUCATION,A,5161,7.18,0.04,17.28,34.76,790,N,7,0
CUST-12895,42,72172,RENT,4.1,HOMEIMPROVEMENT,E,4720,21.35,0.065,16.17,65.41,561,N,20,1
CUST-12896,63,33095,MORTGAGE,9.1,VENTURE,A,6939,6.89,0.21,17.23,24.83,699,N,35,0
CUST-12897,51,36085,MORTGAGE,7.2,MEDICAL,E,9190,18.93,0.255,20.58,72.74,507,N,32,1
CUST-12898,30,51428,MORTGAGE,0.6,VENTURE,D,1766,18.31,0.034,14.74,72.1,607,N,9,0
CUST-12899,41,59430,RENT,1.4,MEDICAL,B,1298,10.42,0.022,9.19,57.09,665,N,23,0
CUST-12900,41,27099,MORTGAGE,0.1,DEBTCONSOLIDATION,A,15734,7.43,0.581,26.7,16.75,743,N,19,0
CUST-12901,62,75646,RENT,0.0,HOMEIMPROVEMENT,E,11542,21.71,0.153,18.06,59.65,557,N,35,1
CUST-12902,44,51601,RENT,1.3,EDUCATION,C,2438,12.73,0.047,22.4,54.95,701,N,26,0
CUST-12903,41,17510,MORTGAGE,8.0,EDUCATION,A,8745,6.62,0.499,27.91,29.49,779,N,20,0
CUST-12904,47,28075,MORTGAGE,11.8,DEBTCONSOLIDATION,B,3934,10.72,0.14,16.1,30.81,680,N,28,0
CUST-12905,48,36225,RENT,2.5,EDUCATION,C,7636,13.54,0.211,8.7,88.01,635,N,30,1
CUST-12906,32,46924,MORTGAGE,4.1,DEBTCONSOLIDATION,A,6365,6.57,0.136,23.83,33.96,783,Y,12,1
CUST-12907,37,152293,OWN,6.1,VENTURE,A,3146,8.47,0.021,14.16,16.82,754,N,16,0
CUST-12908,21,56551,MORTGAGE,3.0,PERSONAL,A,11078,7.52,0.196,22.5,43.87,761,N,2,0
CUST-12909,48,29600,MORTGAGE,12.2,EDUCATION,A,9003,7.58,0.304,9.93,22.63,791,N,30,0
CUST-12910,40,55959,OTHER,0.3,MEDICAL,A,29956,7.5,0.535,33.23,18.92,723,N,21,0
CUST-12911,34,39685,MORTGAGE,1.4,HOMEIMPROVEMENT,A,4803,6.24,0.121,11.87,15.61,783,N,13,0
CUST-12912,46,59566,MORTGAGE,0.3,EDUCATION,A,18269,6.52,0.307,16.06,86.06,736,N,25,1
CUST-12913,69,69448,RENT,4.8,EDUCATION,A,17656,5.6,0.254,12.62,70.84,671,Y,35,1
CUST-12914,50,101269,RENT,6.2,DEBTCONSOLIDATION,E,5267,20.87,0.052,15.07,61.13,529,N,28,1
CUST-12915,34,48311,MORTGAGE,1.8,PERSONAL,B,7982,10.5,0.165,20.71,46.61,668,N,12,0
CUST-12916,42,131055,MORTGAGE,9.6,MEDICAL,B,18903,11.69,0.144,32.77,37.22,747,N,21,0
CUST-12917,43,84525,RENT,3.0,MEDICAL,B,5367,9.96,0.063,2.02,61.98,696,Y,21,0
CUST-12918,63,32065,OWN,32.1,PERSONAL,A,6495,8.88,0.203,20.42,46.19,739,N,35,0
CUST-12919,32,184593,RENT,0.0,PERSONAL,D,19044,14.56,0.103,14.46,47.12,662,N,14,0
CUST-12920,41,59646,MORTGAGE,0.6,EDUCATION,B,8787,11.67,0.147,27.38,63.25,673,N,19,0
CUST-12921,62,29700,RENT,1.8,PERSONAL,B,8025,10.41,0.27,24.08,58.55,686,N,35,0
CUST-12922,56,132157,MORTGAGE,0.1,MEDICAL,E,8187,17.84,0.062,11.03,55.88,571,N,34,0
CUST-12923,52,170530,MORTGAGE,7.6,VENTURE,C,7907,10.11,0.046,2.69,75.25,648,N,30,1
CUST-12924,22,48059,RENT,0.3,VENTURE,B,3821,11.1,0.08,9.46,74.6,712,N,2,0
CUST-12925,38,36236,RENT,6.9,MEDICAL,E,7661,20.69,0.211,12.08,78.98,589,Y,20,1
CUST-12926,42,44204,MORTGAGE,0.3,EDUCATION,D,14741,16.57,0.333,32.37,61.5,581,N,23,0
CUST-12927,48,75270,MORTGAGE,1.5,PERSONAL,E,5596,20.22,0.074,16.26,86.49,504,N,26,0
CUST-12928,49,105526,MORTGAGE,9.2,EDUCATION,A,15081,8.04,0.143,4.78,81.09,764,Y,29,1
CUST-12929,58,69029,OWN,15.1,EDUCATION,E,9618,19.57,0.139,16.65,61.95,505,N,35,1
CUST-12930,63,52105,RENT,2.7,DEBTCONSOLIDATION,B,4982,11.65,0.096,24.7,34.42,711,N,35,0
CUST-12931,66,120427,MORTGAGE,17.5,EDUCATION,C,5691,11.73,0.047,3.95,100.0,676,N,35,0
CUST-12932,44,40631,MORTGAGE,4.9,EDUCATION,A,18323,7.62,0.451,21.47,57.83,789,Y,25,0
CUST-12933,56,90994,OTHER,2.7,VENTURE,A,8334,8.32,0.092,8.77,60.89,745,N,35,0
CUST-12934,66,41239,OWN,8.1,VENTURE,A,6906,6.96,0.167,13.69,30.0,820,N,35,0
CUST-12935,27,63488,MORTGAGE,1.8,DEBTCONSOLIDATION,B,13228,10.81,0.208,19.8,70.29,651,N,5,0
CUST-12936,61,45791,MORTGAGE,1.5,PERSONAL,A,1000,6.09,0.022,3.66,38.17,801,N,35,0
CUST-12937,35,47405,RENT,5.3,PERSONAL,A,13838,7.59,0.292,30.14,39.38,723,N,17,0
CUST-12938,27,39087,RENT,2.5,EDUCATION,E,13964,18.63,0.357,42.83,55.98,571,N,9,1
CUST-12939,20,109854,MORTGAGE,0.7,PERSONAL,C,8202,12.88,0.075,12.17,52.87,655,N,1,0
CUST-12940,63,31578,MORTGAGE,0.3,MEDICAL,B,9064,11.19,0.287,21.51,54.2,747,N,35,0
CUST-12941,24,31440,MORTGAGE,6.0,HOMEIMPROVEMENT,C,5360,11.39,0.17,14.76,80.17,612,Y,2,1
CUST-12942,22,175009,MORTGAGE,4.0,VENTURE,B,5995,9.19,0.034,8.83,79.32,775,N,1,0
CUST-12943,20,88142,RENT,2.0,PERSONAL,A,11379,8.37,0.129,18.13,34.28,675,N,2,0
CUST-12944,23,15000,MORTGAGE,5.0,PERSONAL,C,6517,13.31,0.434,27.56,51.3,647,N,4,0
CUST-12945,59,34921,RENT,2.6,DEBTCONSOLIDATION,C,9542,12.62,0.273,34.12,28.95,670,N,35,0
CUST-12946,54,16527,RENT,6.2,MEDICAL,A,6965,8.04,0.421,19.62,48.71,786,N,32,0
CUST-12947,51,27711,RENT,12.0,DEBTCONSOLIDATION,B,12029,9.17,0.434,17.04,67.35,650,N,30,1
CUST-12948,61,15000,OWN,9.2,VENTURE,B,3140,9.13,0.209,8.82,69.23,631,N,35,0
CUST-12949,53,45152,RENT,3.6,DEBTCONSOLIDATION,B,13886,10.25,0.308,17.82,43.92,746,N,31,0
CUST-12950,62,24706,MORTGAGE,5.7,HOMEIMPROVEMENT,A,8320,7.33,0.337,13.11,53.3,759,N,35,0
CUST-12951,44,50814,RENT,2.7,EDUCATION,C,13644,12.61,0.269,21.23,67.47,583,N,26,1
CUST-12952,29,18488,RENT,5.2,VENTURE,B,3703,10.18,0.2,21.53,24.39,682,N,8,0
CUST-12953,40,51521,OWN,1.5,MEDICAL,C,14602,15.1,0.283,14.11,100.0,624,N,18,1
CUST-12954,65,38217,MORTGAGE,2.9,EDUCATION,E,3854,19.46,0.101,26.77,39.13,610,N,35,0
CUST-12955,58,120713,RENT,1.2,EDUCATION,D,12281,15.12,0.102,6.02,61.73,597,N,35,0
CUST-12956,46,114326,RENT,0.2,EDUCATION,C,10350,13.53,0.091,14.04,38.93,644,N,27,0
CUST-12957,46,78527,OWN,4.4,PERSONAL,A,5028,5.0,0.064,20.53,81.76,741,N,24,0
CUST-12958,21,40296,RENT,3.0,PERSONAL,C,13448,15.43,0.334,10.94,24.35,708,N,2,0
CUST-12959,60,161333,MORTGAGE,0.1,MEDICAL,C,5119,12.08,0.032,14.24,79.64,682,N,35,0
CUST-12960,67,19306,RENT,1.1,DEBTCONSOLIDATION,C,6904,13.75,0.358,20.38,78.78,674,N,35,0
CUST-12961,32,21117,RENT,3.1,MEDICAL,D,4546,16.69,0.215,33.16,42.63,617,N,11,0
CUST-12962,28,46617,RENT,5.5,EDUCATION,B,6349,9.56,0.136,22.38,51.56,707,N,9,0
CUST-12963,55,189552,MORTGAGE,0.9,EDUCATION,C,8529,15.06,0.045,17.26,57.03,618,N,35,0
CUST-12964,41,43416,MORTGAGE,0.3,PERSONAL,A,4946,9.97,0.114,16.78,17.56,780,Y,20,0
CUST-12965,61,43916,RENT,3.7,VENTURE,B,7926,9.6,0.18,7.81,58.53,687,N,35,0
CUST-12966,45,20637,MORTGAGE,8.5,HOMEIMPROVEMENT,B,12771,11.35,0.619,21.02,56.14,655,N,24,1
CUST-12967,31,86470,MORTGAGE,0.2,EDUCATION,B,3416,9.31,0.04,11.28,40.83,695,N,10,0
CUST-12968,36,86847,OWN,2.1,MEDICAL,B,4837,12.09,0.056,6.92,49.83,700,N,17,0
CUST-12969,33,78703,RENT,5.4,VENTURE,C,9554,15.02,0.121,14.54,74.6,697,N,12,0
CUST-12970,33,33606,RENT,,PERSONAL,B,2872,11.71,0.085,13.83,59.45,730,N,13,1
CUST-12971,53,32079,MORTGAGE,1.3,EDUCATION,F,13202,20.01,0.412,24.71,70.92,495,N,31,1
CUST-12972,39,22564,RENT,3.8,VENTURE,C,18535,12.85,0.821,32.32,43.81,686,N,18,1
CUST-12973,30,51550,RENT,12.0,VENTURE,F,7641,21.37,0.148,10.57,67.45,439,Y,9,1
CUST-12974,35,25636,MORTGAGE,1.7,PERSONAL,C,6138,12.78,0.239,9.98,78.61,665,N,15,0
CUST-12975,50,24186,RENT,3.3,EDUCATION,B,7902,12.09,0.327,13.08,53.33,676,N,28,0
CUST-12976,25,38016,RENT,2.6,VENTURE,B,6868,8.33,0.181,35.93,85.46,651,N,4,1
CUST-12977,38,36552,RENT,11.4,EDUCATION,C,14971,13.97,0.41,21.45,51.42,609,Y,17,1
CUST-12978,56,35497,MORTGAGE,0.4,HOMEIMPROVEMENT,C,7160,14.39,0.202,15.45,40.22,701,N,35,0
CUST-12979,23,64852,RENT,4.2,PERSONAL,C,12374,12.66,0.191,21.08,34.43,666,N,3,0
CUST-12980,66,51401,OWN,9.4,PERSONAL,C,7990,14.11,0.155,15.63,31.9,663,N,35,0
CUST-12981,23,41237,MORTGAGE,5.0,EDUCATION,D,4348,17.03,0.105,9.45,91.83,644,N,5,0
CUST-12982,39,54710,MORTGAGE,6.0,DEBTCONSOLIDATION,A,14355,7.17,0.262,11.16,45.82,742,N,17,1
CUST-12983,29,27040,RENT,2.4,HOMEIMPROVEMENT,B,13704,11.8,0.507,43.75,49.39,748,N,9,1
CUST-12984,43,52217,RENT,2.7,HOMEIMPROVEMENT,B,4699,9.85,0.09,27.56,44.59,692,N,21,0
CUST-12985,54,53656,MORTGAGE,2.2,MEDICAL,A,6899,8.81,0.129,14.15,40.58,640,N,33,0
CUST-12986,45,19893,RENT,4.6,HOMEIMPROVEMENT,F,11928,22.16,0.6,25.47,49.33,586,Y,25,1
CUST-12987,56,89091,OWN,6.7,HOMEIMPROVEMENT,C,7340,13.13,0.082,9.31,53.31,547,N,35,0
CUST-12988,57,28886,MORTGAGE,8.6,EDUCATION,B,13519,10.23,0.468,27.25,28.87,691,N,35,0
CUST-12989,40,51750,MORTGAGE,2.7,DEBTCONSOLIDATION,B,6520,8.83,0.126,21.03,18.44,726,N,18,0
CUST-12990,59,98582,RENT,6.3,HOMEIMPROVEMENT,C,4741,13.07,0.048,17.78,48.47,568,N,35,0
CUST-12991,58,85426,MORTGAGE,12.4,DEBTCONSOLIDATION,A,15177,6.15,0.178,14.47,57.83,745,N,35,0
CUST-12992,40,50041,RENT,12.7,HOMEIMPROVEMENT,B,2667,10.82,0.053,13.09,25.59,694,N,18,0
CUST-12993,29,39438,RENT,6.1,HOMEIMPROVEMENT,B,12986,11.58,0.329,13.01,21.76,732,N,8,0
CUST-12994,57,86552,MORTGAGE,5.1,DEBTCONSOLIDATION,D,4420,17.05,0.051,22.18,55.09,627,N,35,0
CUST-12995,65,73483,MORTGAGE,3.8,EDUCATION,C,10357,12.64,0.141,6.39,100.0,603,Y,35,0
CUST-12996,23,33825,MORTGAGE,1.0,HOMEIMPROVEMENT,B,20672,10.18,0.611,39.67,51.09,677,N,5,1
CUST-12997,64,30426,MORTGAGE,0.7,EDUCATION,D,1728,16.83,0.057,27.79,66.07,572,N,35,0
CUST-12998,39,15000,MORTGAGE,,VENTURE,E,4939,19.9,0.329,14.69,60.33,505,Y,21,1
CUST-12999,36,53767,RENT,0.9,HOMEIMPROVEMENT,B,11240,12.46,0.209,18.35,58.61,677,N,17,1
CUST-13000,26,46647,RENT,4.3,VENTURE,A,4932,8.25,0.106,20.68,34.03,802,N,6,0
CUST-13001,23,96927,MORTGAGE,5.0,HOMEIMPROVEMENT,C,12628,13.68,0.13,24.91,30.9,666,N,4,0
CUST-13002,48,60805,RENT,3.7,EDUCATION,B,14297,10.63,0.235,13.06,43.81,715,N,29,0
CUST-13003,33,109156,MORTGAGE,0.2,MEDICAL,B,4660,10.08,0.043,10.18,47.81,658,N,15,0
CUST-13004,22,32259,RENT,0.3,PERSONAL,A,17786,,0.551,22.25,57.98,682,N,4,1
CUST-13005,43,97041,RENT,0.6,PERSONAL,B,16850,11.36,0.174,18.08,47.29,720,N,24,0
CUST-13006,56,35690,RENT,0.8,VENTURE,B,4070,9.65,0.114,36.09,61.97,735,N,35,0
CUST-13007,35,78163,MORTGAGE,17.0,MEDICAL,C,6826,13.99,0.087,9.35,45.11,656,N,16,0
CUST-13008,23,20429,MORTGAGE,2.1,PERSONAL,A,8156,7.37,0.399,19.05,50.05,777,N,4,1
CUST-13009,43,56448,RENT,1.7,EDUCATION,C,7560,15.56,0.134,17.13,53.94,638,N,24,0
CUST-13010,53,15000,RENT,0.3,EDUCATION,C,5041,13.85,0.336,30.03,73.74,652,N,31,1
CUST-13011,49,41760,OWN,5.0,VENTURE,A,4425,7.89,0.106,17.61,56.38,725,N,30,0
CUST-13012,37,63844,RENT,5.3,VENTURE,C,8138,12.47,0.127,31.33,98.02,664,N,17,0
CUST-13013,38,35861,MORTGAGE,1.0,PERSONAL,A,13913,9.26,0.388,45.18,43.41,743,N,20,0
CUST-13014,50,26101,OWN,12.6,VENTURE,C,6613,14.11,0.253,8.71,95.53,671,N,30,1
CUST-13015,38,81444,OWN,8.1,EDUCATION,B,12158,12.14,0.149,22.29,55.76,727,N,17,0
CUST-13016,68,46070,OWN,1.3,VENTURE,B,12580,10.28,0.273,26.55,64.4,688,N,35,0
CUST-13017,65,36543,RENT,3.3,PERSONAL,B,5513,,0.151,27.58,49.84,718,N,35,0
CUST-13018,38,50268,OWN,3.1,DEBTCONSOLIDATION,A,4598,5.86,0.091,16.56,50.4,726,N,19,0
CUST-13019,41,238470,MORTGAGE,2.1,PERSONAL,A,2938,9.71,0.012,6.66,38.81,813,N,22,0
CUST-13020,43,97939,MORTGAGE,8.5,VENTURE,D,9267,16.94,0.095,6.74,67.06,659,N,25,0
CUST-13021,64,98473,RENT,0.6,MEDICAL,B,14094,12.73,0.143,15.5,86.91,710,N,35,0
CUST-13022,31,63661,OWN,2.7,PERSONAL,F,10892,21.58,0.171,22.24,96.42,503,N,12,1
CUST-13023,49,54170,MORTGAGE,2.8,PERSONAL,D,14613,17.07,0.27,27.63,38.52,619,Y,29,0
CUST-13024,57,15000,MORTGAGE,3.2,EDUCATION,D,7262,17.69,0.484,18.61,94.38,568,N,35,0
CUST-13025,50,32617,RENT,9.9,HOMEIMPROVEMENT,B,2321,10.9,0.071,4.86,97.33,714,N,28,0
CUST-13026,55,36741,RENT,1.2,PERSONAL,A,3843,7.1,0.105,9.91,31.49,675,N,35,0
CUST-13027,38,15915,OWN,0.5,VENTURE,E,3516,18.93,0.221,21.55,100.0,532,N,16,1
CUST-13028,67,24478,MORTGAGE,4.8,VENTURE,A,11749,7.08,0.48,25.93,34.65,763,N,35,0
CUST-13029,64,15000,RENT,1.0,EDUCATION,B,9281,13.7,0.619,28.33,23.1,749,N,35,0
CUST-13030,55,47906,MORTGAGE,0.4,PERSONAL,D,5602,15.75,0.117,21.76,57.15,623,N,35,0
CUST-13031,49,80118,RENT,2.8,DEBTCONSOLIDATION,B,3001,8.12,0.037,30.2,27.71,689,N,27,0
CUST-13032,68,95231,RENT,1.2,EDUCATION,A,5865,7.54,0.062,5.73,39.26,716,N,35,0
CUST-13033,52,62872,RENT,2.2,PERSONAL,B,10065,10.53,0.16,11.19,44.33,682,N,32,0
CUST-13034,37,27500,RENT,1.5,VENTURE,F,6233,21.62,0.227,15.33,51.91,468,N,19,1
CUST-13035,68,15379,RENT,0.5,EDUCATION,G,6285,23.76,0.409,21.1,78.82,486,N,35,1
CUST-13036,47,17083,RENT,4.1,MEDICAL,C,9593,13.17,0.562,15.43,59.46,727,N,26,1
CUST-13037,66,22893,RENT,0.1,PERSONAL,D,6364,14.92,0.278,31.33,69.74,614,Y,35,1
CUST-13038,30,28758,MORTGAGE,12.0,DEBTCONSOLIDATION,A,19633,9.63,0.683,23.7,91.55,765,N,11,1
CUST-13039,64,44540,OWN,2.1,MEDICAL,A,13974,7.79,0.314,25.27,39.47,685,N,35,0
CUST-13040,52,26675,MORTGAGE,5.9,DEBTCONSOLIDATION,B,3567,10.64,0.134,17.87,51.23,749,N,34,0
CUST-13041,36,60077,RENT,8.3,EDUCATION,A,16431,8.76,0.273,18.3,30.3,803,N,18,0
CUST-13042,25,42643,RENT,1.6,EDUCATION,B,7155,13.75,0.168,23.39,41.9,708,N,4,0
CUST-13043,23,49331,MORTGAGE,5.0,DEBTCONSOLIDATION,A,10960,,0.222,7.6,18.94,772,N,2,0
CUST-13044,39,97163,OWN,8.9,EDUCATION,B,18583,10.87,0.191,24.78,72.66,677,Y,18,0
CUST-13045,67,24145,RENT,1.4,MEDICAL,A,1544,,0.064,8.41,43.6,740,N,35,0
CUST-13046,66,63020,RENT,24.5,PERSONAL,A,13311,8.33,0.211,30.2,47.13,844,N,35,0
CUST-13047,46,48611,MORTGAGE,0.1,DEBTCONSOLIDATION,D,15159,17.59,0.312,23.85,89.32,594,N,25,1
CUST-13048,34,40131,MORTGAGE,1.2,PERSONAL,A,15551,8.6,0.388,39.49,51.59,814,N,13,0
CUST-13049,25,83379,RENT,7.0,HOMEIMPROVEMENT,A,12246,7.01,0.147,7.25,50.82,822,N,5,0
CUST-13050,66,83067,MORTGAGE,1.1,MEDICAL,A,3827,,0.046,6.5,63.13,765,N,35,0
CUST-13051,33,27780,MORTGAGE,6.0,PERSONAL,D,6336,16.37,0.228,25.21,61.81,606,N,14,0
CUST-13052,30,43945,OWN,9.7,PERSONAL,B,9238,10.84,0.21,23.11,52.98,654,N,11,0
CUST-13053,58,58030,RENT,16.0,DEBTCONSOLIDATION,B,2984,11.24,0.051,11.61,45.95,719,N,35,0
CUST-13054,28,41614,OTHER,3.2,VENTURE,A,8191,6.65,0.197,15.17,80.54,751,Y,6,1
CUST-13055,45,69634,RENT,17.7,VENTURE,B,14796,11.02,0.212,25.77,68.8,696,N,23,1
CUST-13056,35,58029,MORTGAGE,2.7,MEDICAL,A,7195,8.24,0.124,11.12,43.48,733,N,15,0
CUST-13057,24,147198,MORTGAGE,1.2,EDUCATION,B,14864,8.23,0.101,12.14,47.72,711,N,2,0
CUST-13058,29,19571,MORTGAGE,3.6,VENTURE,B,7318,12.18,0.374,35.73,77.99,716,N,9,0
CUST-13059,69,45548,MORTGAGE,5.2,VENTURE,D,9316,15.52,0.205,22.15,78.83,609,Y,35,0
CUST-13060,22,28421,RENT,3.1,VENTURE,A,8646,7.83,0.304,13.74,59.56,791,N,4,0
CUST-13061,32,70436,RENT,4.2,EDUCATION,C,3588,15.33,0.051,7.11,100.0,649,Y,12,1
CUST-13062,62,18577,MORTGAGE,2.7,DEBTCONSOLIDATION,A,5288,8.28,0.285,21.21,51.2,745,N,35,0
CUST-13063,68,60342,MORTGAGE,3.7,PERSONAL,B,10520,11.75,0.174,31.58,50.03,661,N,35,1
CUST-13064,49,33589,RENT,15.2,PERSONAL,A,14175,,0.422,36.87,65.12,743,N,29,1
CUST-13065,64,31555,OWN,3.5,DEBTCONSOLIDATION,E,4363,18.91,0.138,27.14,94.95,568,N,35,1
CUST-13066,25,20580,RENT,1.5,VENTURE,A,12826,6.26,0.623,17.31,41.57,664,N,7,0
CUST-13067,36,37084,RENT,7.1,EDUCATION,B,8898,11.0,0.24,22.46,65.85,718,N,16,1
CUST-13068,64,93967,RENT,2.1,VENTURE,A,7535,8.36,0.08,22.43,66.93,782,N,35,0
CUST-13069,38,48285,MORTGAGE,8.5,MEDICAL,B,4399,11.82,0.091,22.84,100.0,777,N,20,0
CUST-13070,61,71439,RENT,0.3,PERSONAL,B,8442,11.44,0.118,12.21,26.07,667,N,35,0
CUST-13071,54,133090,MORTGAGE,2.0,VENTURE,A,10378,6.91,0.078,9.86,54.36,746,N,34,0
CUST-13072,65,57426,RENT,0.5,EDUCATION,D,14425,17.56,0.251,18.17,87.1,626,N,35,0
CUST-13073,45,35056,RENT,0.4,PERSONAL,C,3263,10.98,0.093,20.32,49.15,648,N,24,0
CUST-13074,24,64883,MORTGAGE,5.4,EDUCATION,A,9266,9.03,0.143,13.83,99.6,724,N,5,0
CUST-13075,48,35363,MORTGAGE,2.4,MEDICAL,B,10713,9.43,0.303,18.6,45.71,649,N,29,0
CUST-13076,56,36219,RENT,10.3,PERSONAL,B,10816,9.41,0.299,20.75,61.21,703,N,35,0
CUST-13077,39,19693,RENT,3.6,HOMEIMPROVEMENT,C,8622,,0.438,28.94,34.43,693,N,19,0
CUST-13078,68,85455,MORTGAGE,1.8,MEDICAL,C,6851,13.57,0.08,18.58,43.81,650,Y,35,0
CUST-13079,40,38886,RENT,6.4,EDUCATION,A,1000,7.19,0.026,6.57,70.61,748,N,19,0
CUST-13080,29,54680,OWN,4.9,VENTURE,D,15473,15.12,0.283,16.12,41.26,624,Y,10,1
CUST-13081,24,26328,RENT,6.0,HOMEIMPROVEMENT,A,1959,8.03,0.074,18.74,13.74,776,N,6,0
CUST-13082,55,63676,RENT,5.2,VENTURE,A,6607,8.45,0.104,5.47,51.14,761,N,35,0
CUST-13083,25,31033,MORTGAGE,0.9,EDUCATION,C,10044,13.08,0.324,11.3,66.28,607,Y,6,1
CUST-13084,45,45025,MORTGAGE,5.5,PERSONAL,A,12130,5.0,0.269,17.2,55.9,766,N,27,0
CUST-13085,23,83008,RENT,2.5,HOMEIMPROVEMENT,A,29060,9.45,0.35,20.47,41.06,728,N,4,1
CUST-13086,58,78783,RENT,3.1,EDUCATION,B,13071,10.15,0.166,4.77,60.37,675,N,35,0
CUST-13087,58,48377,RENT,12.7,PERSONAL,D,19947,16.13,0.412,15.94,59.67,572,Y,35,1
CUST-13088,69,16968,OWN,2.2,VENTURE,A,10878,7.46,0.641,25.81,31.86,747,N,35,0
CUST-13089,54,295282,MORTGAGE,4.7,PERSONAL,B,5955,9.53,0.02,19.97,49.48,681,N,35,0
CUST-13090,20,139736,RENT,2.0,DEBTCONSOLIDATION,A,12218,9.03,0.087,11.51,17.85,740,Y,1,0
CUST-13091,43,75629,RENT,0.5,HOMEIMPROVEMENT,B,6392,11.37,0.085,21.73,39.64,665,N,23,0
CUST-13092,55,31197,RENT,3.0,VENTURE,C,6954,14.09,0.223,19.73,88.79,681,N,35,0
CUST-13093,25,45791,RENT,4.5,HOMEIMPROVEMENT,B,11140,13.27,0.243,11.02,86.05,686,N,3,0
CUST-13094,60,35381,RENT,2.6,MEDICAL,C,7364,12.66,0.208,25.85,49.52,625,N,35,0
CUST-13095,65,104643,MORTGAGE,2.5,HOMEIMPROVEMENT,C,16480,15.03,0.157,8.4,54.66,591,Y,35,1
CUST-13096,63,57382,RENT,8.6,VENTURE,B,12744,7.83,0.222,26.7,29.31,759,N,35,0
CUST-13097,50,30622,RENT,0.2,PERSONAL,B,6779,11.27,0.221,10.28,72.21,646,N,29,0
CUST-13098,39,36958,MORTGAGE,1.8,DEBTCONSOLIDATION,C,9286,16.21,0.251,6.07,46.28,660,N,18,0
CUST-13099,43,96058,RENT,8.4,HOMEIMPROVEMENT,B,4617,9.24,0.048,21.65,63.97,723,N,23,0
CUST-13100,44,128034,RENT,12.7,DEBTCONSOLIDATION,D,4951,18.47,0.039,20.91,57.74,596,N,24,0
CUST-13101,55,122638,RENT,2.7,VENTURE,E,14356,17.84,0.117,22.4,62.64,585,Y,35,1
CUST-13102,40,77204,RENT,11.0,EDUCATION,C,8252,15.99,0.107,13.44,47.48,667,N,21,0
CUST-13103,49,42126,MORTGAGE,1.1,EDUCATION,F,4502,21.45,0.107,9.3,49.57,559,N,28,1
CUST-13104,43,15000,MORTGAGE,1.3,PERSONAL,B,10607,9.61,0.707,38.86,70.21,721,N,25,1
CUST-13105,63,58588,RENT,9.4,PERSONAL,A,3373,6.86,0.058,12.69,34.43,739,N,35,0
CUST-13106,61,48967,RENT,11.7,EDUCATION,B,4161,10.54,0.085,24.5,50.07,686,N,35,0
CUST-13107,49,53315,RENT,1.3,MEDICAL,A,6514,7.32,0.122,22.07,34.28,822,N,28,0
CUST-13108,41,50631,MORTGAGE,0.3,VENTURE,B,9392,10.44,0.185,36.26,56.51,738,Y,20,1
CUST-13109,47,22120,MORTGAGE,0.5,EDUCATION,B,6239,10.88,0.282,10.66,52.18,676,N,28,0
CUST-13110,26,68490,MORTGAGE,1.5,MEDICAL,A,6829,7.79,0.1,15.79,77.06,762,N,8,0
CUST-13111,54,71634,RENT,7.2,EDUCATION,B,8583,10.51,0.12,25.57,39.86,714,N,32,0
CUST-13112,47,73821,RENT,3.6,VENTURE,B,10995,9.97,0.149,7.41,38.04,699,N,28,0
CUST-13113,33,86504,MORTGAGE,3.0,DEBTCONSOLIDATION,A,17811,8.01,0.206,32.04,50.83,811,N,11,0
CUST-13114,29,70433,MORTGAGE,4.4,VENTURE,A,2093,7.95,0.03,9.17,20.3,746,N,8,0
CUST-13115,35,38329,OWN,11.0,PERSONAL,C,6894,13.89,0.18,6.63,45.99,647,N,17,0
CUST-13116,35,46980,RENT,0.5,MEDICAL,B,5486,10.5,0.117,30.55,40.28,729,N,14,1
CUST-13117,50,51775,MORTGAGE,5.9,HOMEIMPROVEMENT,D,16080,15.67,0.311,15.84,98.87,577,Y,31,1
CUST-13118,61,52293,MORTGAGE,13.1,MEDICAL,D,11301,,0.216,6.14,56.99,592,Y,35,0
CUST-13119,44,89226,OWN,1.2,DEBTCONSOLIDATION,C,17002,13.17,0.191,24.13,45.44,701,N,22,0
CUST-13120,32,72128,RENT,9.1,PERSONAL,B,15833,8.02,0.22,14.86,72.23,699,N,14,1
CUST-13121,25,170485,MORTGAGE,6.0,EDUCATION,C,5609,14.7,0.033,27.46,65.17,622,N,7,0
CUST-13122,63,184219,RENT,0.1,EDUCATION,A,20912,7.81,0.114,13.65,34.78,756,N,35,0
CUST-13123,28,51420,MORTGAGE,1.3,VENTURE,C,8946,13.48,0.174,20.75,42.23,655,N,9,0
CUST-13124,64,15000,RENT,4.7,MEDICAL,B,7741,11.13,0.516,15.53,52.6,747,N,35,0
CUST-13125,55,102960,MORTGAGE,3.5,PERSONAL,C,2360,12.59,0.023,9.87,65.98,688,N,35,0
CUST-13126,62,35446,MORTGAGE,3.8,EDUCATION,C,10631,15.13,0.3,29.1,63.8,657,Y,35,1
CUST-13127,39,30306,RENT,1.3,MEDICAL,B,7944,11.95,0.262,27.43,54.38,758,N,19,0
CUST-13128,37,38597,MORTGAGE,5.6,DEBTCONSOLIDATION,C,12822,12.11,0.332,10.18,42.1,695,N,16,0
CUST-13129,62,37496,RENT,1.5,EDUCATION,A,3917,6.74,0.104,41.62,51.0,763,N,35,0
CUST-13130,40,70782,RENT,2.5,PERSONAL,B,6188,11.31,0.087,39.22,97.64,670,N,21,1
CUST-13131,23,19232,RENT,2.3,MEDICAL,B,5517,10.8,0.287,24.85,19.3,763,N,1,0
CUST-13132,69,25677,RENT,5.6,EDUCATION,B,19605,10.48,0.764,51.71,50.5,744,N,35,0
CUST-13133,52,60228,OWN,0.5,MEDICAL,B,7339,11.03,0.122,14.83,62.0,658,N,34,1
CUST-13134,46,71236,RENT,1.2,MEDICAL,B,3917,8.25,0.055,18.99,82.4,679,N,26,0
CUST-13135,26,72036,MORTGAGE,1.1,VENTURE,B,1618,9.39,0.022,6.82,35.99,653,N,8,0
CUST-13136,25,30570,OWN,0.6,DEBTCONSOLIDATION,C,11103,12.78,0.363,34.98,44.82,612,Y,3,1
CUST-13137,34,27256,OWN,1.2,EDUCATION,B,11904,11.42,0.437,16.51,44.88,744,N,16,0
CUST-13138,37,36171,MORTGAGE,4.7,HOMEIMPROVEMENT,A,4252,5.0,0.118,27.56,40.68,753,N,17,0
CUST-13139,51,56609,RENT,6.6,DEBTCONSOLIDATION,A,7717,7.72,0.136,12.38,62.61,727,N,30,0
CUST-13140,30,119525,MORTGAGE,5.4,EDUCATION,B,15875,10.05,0.133,24.98,44.06,726,N,12,0
CUST-13141,39,15000,RENT,3.2,PERSONAL,D,8827,17.28,0.588,26.65,72.58,639,N,19,1
CUST-13142,43,42940,OWN,0.3,HOMEIMPROVEMENT,A,8823,8.47,0.205,18.84,34.1,797,N,24,0
CUST-13143,34,22035,MORTGAGE,16.0,VENTURE,B,5447,12.54,0.247,28.43,50.12,721,N,16,0
CUST-13144,67,18190,MORTGAGE,0.9,EDUCATION,D,10666,15.09,0.586,23.11,32.56,632,N,35,0
CUST-13145,26,87568,RENT,5.5,MEDICAL,A,11120,6.51,0.127,26.91,37.13,721,N,4,0
CUST-13146,40,67966,MORTGAGE,12.2,MEDICAL,A,5277,7.56,0.078,16.01,32.7,753,N,22,0
CUST-13147,61,64193,MORTGAGE,6.0,PERSONAL,E,6450,21.19,0.1,41.67,90.76,569,Y,35,1
CUST-13148,45,85187,MORTGAGE,1.2,VENTURE,A,12069,8.02,0.142,17.8,46.24,668,N,23,0
CUST-13149,63,36760,RENT,1.9,VENTURE,B,8657,10.63,0.236,23.69,52.91,713,N,35,0
CUST-13150,33,37813,OWN,0.2,HOMEIMPROVEMENT,B,8876,11.97,0.235,14.28,41.47,640,N,15,0
CUST-13151,56,181941,RENT,4.7,MEDICAL,A,4355,7.02,0.024,27.86,59.88,775,Y,35,0
CUST-13152,40,42279,MORTGAGE,4.7,MEDICAL,A,6904,8.9,0.163,20.59,60.17,736,N,21,0
CUST-13153,37,76197,MORTGAGE,6.5,VENTURE,B,6525,12.58,0.086,15.12,25.63,687,N,16,0
CUST-13154,24,49208,RENT,0.1,EDUCATION,C,14114,13.32,0.287,14.86,100.0,632,N,4,1
CUST-13155,22,16172,RENT,4.0,VENTURE,A,4839,5.64,0.299,23.77,70.32,729,N,4,0
CUST-13156,42,15000,MORTGAGE,6.7,VENTURE,C,9751,13.67,0.65,24.34,58.16,642,N,24,1
CUST-13157,45,34634,RENT,0.8,HOMEIMPROVEMENT,B,16712,12.47,0.483,24.89,71.72,732,N,26,0
CUST-13158,56,92379,RENT,2.1,VENTURE,B,9482,11.09,0.103,31.1,67.93,662,N,35,1
CUST-13159,43,78666,MORTGAGE,5.1,VENTURE,C,10000,11.85,0.127,11.41,48.61,650,N,22,0
CUST-13160,68,84833,MORTGAGE,3.4,PERSONAL,A,9060,9.02,0.107,13.15,5.23,824,N,35,0
CUST-13161,38,27113,MORTGAGE,,DEBTCONSOLIDATION,B,8713,11.45,0.321,12.48,80.45,676,N,17,0
CUST-13162,44,129252,RENT,0.5,EDUCATION,B,10290,11.7,0.08,17.09,58.82,699,N,22,0
CUST-13163,40,27475,RENT,7.6,DEBTCONSOLIDATION,B,4344,11.86,0.158,9.55,29.95,729,N,21,0
CUST-13164,31,55697,MORTGAGE,0.8,EDUCATION,B,8584,9.85,0.154,7.43,85.9,776,N,11,0
CUST-13165,60,48717,MORTGAGE,0.9,PERSONAL,C,5671,14.77,0.116,24.27,41.42,704,N,35,0
CUST-13166,52,44164,MORTGAGE,8.9,HOMEIMPROVEMENT,C,6765,12.73,0.153,15.37,93.02,645,N,33,0
CUST-13167,69,109442,MORTGAGE,4.7,HOMEIMPROVEMENT,C,15732,12.08,0.144,14.11,81.16,664,N,35,0
CUST-13168,23,32110,RENT,4.6,HOMEIMPROVEMENT,D,6524,,0.203,15.41,61.89,603,Y,5,1
CUST-13169,61,21812,RENT,3.3,PERSONAL,G,4530,25.33,0.208,35.55,68.93,538,Y,35,1
CUST-13170,26,49612,OWN,4.2,HOMEIMPROVEMENT,B,12679,10.01,0.256,26.5,32.41,696,N,6,0
CUST-13171,41,38565,MORTGAGE,4.6,MEDICAL,B,16757,12.27,0.435,24.14,58.25,760,N,21,0
CUST-13172,52,350000,MORTGAGE,17.2,MEDICAL,C,8979,14.84,0.026,13.51,78.98,582,Y,30,0
CUST-13173,36,73563,OWN,1.3,DEBTCONSOLIDATION,A,16997,8.31,0.231,25.44,52.51,771,N,15,0
CUST-13174,43,38345,OWN,1.2,VENTURE,B,7556,12.16,0.197,10.31,27.5,726,N,22,0
CUST-13175,53,26012,MORTGAGE,0.3,PERSONAL,B,11541,9.09,0.444,20.44,56.64,612,Y,32,1
CUST-13176,47,15864,RENT,5.4,MEDICAL,F,8416,23.15,0.531,21.62,53.09,473,N,28,1
CUST-13177,62,26499,OTHER,,VENTURE,G,7067,25.19,0.267,14.44,73.24,546,N,35,1
CUST-13178,60,52520,MORTGAGE,0.6,HOMEIMPROVEMENT,C,7296,11.97,0.139,11.68,57.86,668,N,35,0
CUST-13179,58,115427,RENT,2.3,EDUCATION,B,10402,9.64,0.09,33.58,61.66,728,N,35,0
CUST-13180,41,96087,MORTGAGE,1.0,HOMEIMPROVEMENT,B,14602,10.31,0.152,16.99,21.9,759,N,21,0
CUST-13181,68,56244,RENT,2.0,HOMEIMPROVEMENT,B,13840,10.28,0.246,10.38,36.72,688,Y,35,1
CUST-13182,36,40380,OWN,15.1,PERSONAL,D,4849,16.45,0.12,4.43,49.2,668,N,15,0
CUST-13183,53,57600,MORTGAGE,5.7,PERSONAL,C,9389,12.76,0.163,12.27,74.55,752,N,35,0
CUST-13184,25,35911,MORTGAGE,0.0,MEDICAL,C,4247,15.27,0.118,14.45,93.68,694,N,6,1
CUST-13185,65,137450,MORTGAGE,1.5,HOMEIMPROVEMENT,A,8163,6.02,0.059,18.65,81.86,765,N,35,0
CUST-13186,25,43760,MORTGAGE,0.1,MEDICAL,B,16033,9.05,0.366,10.76,100.0,698,N,3,1
CUST-13187,53,46546,MORTGAGE,6.3,HOMEIMPROVEMENT,B,19513,9.37,0.419,18.13,69.34,707,N,35,0
CUST-13188,20,15000,MORTGAGE,2.0,VENTURE,A,9316,6.74,0.621,32.11,59.35,756,N,2,0
CUST-13189,29,43596,RENT,11.0,VENTURE,B,1999,9.64,0.046,9.76,94.75,701,N,10,0
CUST-13190,40,80974,RENT,,PERSONAL,A,6644,9.52,0.082,41.07,59.86,711,N,22,0
CUST-13191,24,25831,MORTGAGE,3.6,PERSONAL,E,7027,18.71,0.272,27.89,54.8,585,Y,5,0
CUST-13192,21,31243,MORTGAGE,3.0,VENTURE,C,4630,13.35,0.148,16.86,30.52,658,N,1,0
CUST-13193,41,78875,RENT,6.1,VENTURE,C,12930,11.99,0.164,13.03,40.23,698,N,22,0
CUST-13194,67,20211,RENT,,MEDICAL,A,9520,6.94,0.471,28.76,36.33,770,Y,35,0
CUST-13195,21,92473,RENT,3.0,MEDICAL,B,12337,11.22,0.133,31.61,61.03,674,N,1,0
CUST-13196,29,35621,MORTGAGE,4.1,VENTURE,A,14547,8.32,0.408,17.73,48.38,712,N,9,0
CUST-13197,53,38826,MORTGAGE,3.0,PERSONAL,B,4237,11.68,0.109,17.95,82.88,700,N,32,1
CUST-13198,35,24976,RENT,1.0,VENTURE,D,20079,15.3,0.804,24.51,55.34,580,Y,13,1
CUST-13199,67,61502,MORTGAGE,1.3,MEDICAL,A,6860,6.69,0.112,8.54,56.2,755,N,35,0
CUST-13200,58,214469,RENT,1.6,VENTURE,A,10216,8.48,0.048,10.12,42.02,726,N,35,0
CUST-13201,41,78346,MORTGAGE,0.1,MEDICAL,A,10275,7.47,0.131,23.14,26.92,795,N,21,0
CUST-13202,31,29185,MORTGAGE,12.4,VENTURE,C,6197,13.43,0.212,4.73,76.31,670,N,9,0
CUST-13203,43,96893,MORTGAGE,5.8,EDUCATION,D,4145,17.21,0.043,18.49,41.22,645,Y,21,0
CUST-13204,66,40537,RENT,5.8,EDUCATION,C,13760,14.7,0.339,19.48,88.33,644,N,35,1
CUST-13205,59,111825,RENT,4.2,EDUCATION,B,2454,9.66,0.022,7.0,70.35,707,N,35,0
CUST-13206,57,79539,MORTGAGE,5.8,VENTURE,A,5831,7.38,0.073,13.85,79.18,782,N,35,0
CUST-13207,29,15000,RENT,11.0,MEDICAL,C,10336,13.36,0.689,35.27,67.64,663,N,8,1
CUST-13208,54,26837,OWN,2.4,PERSONAL,A,13863,6.34,0.517,16.4,8.51,775,N,33,0
CUST-13209,68,86390,MORTGAGE,6.2,DEBTCONSOLIDATION,B,9877,10.86,0.114,13.48,26.37,676,N,35,0
CUST-13210,51,53690,RENT,2.2,MEDICAL,B,12166,9.85,0.227,9.02,36.64,730,N,30,0
CUST-13211,26,26522,MORTGAGE,8.0,PERSONAL,B,4029,10.49,0.152,24.64,49.9,680,Y,6,0
CUST-13212,40,33518,RENT,9.8,VENTURE,B,4216,11.28,0.126,11.94,57.1,773,Y,22,0
CUST-13213,39,15619,MORTGAGE,11.6,VENTURE,C,5448,13.82,0.349,23.06,58.09,657,N,21,1
CUST-13214,45,46489,OTHER,0.0,MEDICAL,A,6635,6.44,0.143,16.5,19.33,789,N,26,0
CUST-13215,23,184686,RENT,1.8,VENTURE,D,11331,16.74,0.061,20.34,81.15,595,N,3,0
CUST-13216,65,79456,MORTGAGE,0.7,PERSONAL,D,2764,16.67,0.035,40.53,76.41,602,Y,35,1
CUST-13217,41,182453,RENT,,EDUCATION,B,6932,9.83,0.038,12.07,73.08,691,N,20,0
CUST-13218,34,83236,MORTGAGE,3.4,PERSONAL,A,8003,6.46,0.096,10.48,35.97,688,N,13,1
CUST-13219,59,90806,RENT,1.5,EDUCATION,B,9040,10.68,0.1,34.09,37.4,608,N,35,0
CUST-13220,40,160243,RENT,6.4,MEDICAL,D,9509,,0.059,16.7,55.9,600,N,19,1
CUST-13221,34,61473,OTHER,1.6,MEDICAL,A,6111,6.22,0.099,18.96,60.18,684,N,14,0
CUST-13222,41,43812,RENT,9.6,MEDICAL,D,12185,14.96,0.278,22.26,60.97,620,N,19,1
CUST-13223,47,91089,MORTGAGE,1.0,MEDICAL,C,6369,12.05,0.07,7.66,53.81,644,N,26,0
CUST-13224,33,117278,MORTGAGE,2.3,EDUCATION,F,5893,21.43,0.05,20.34,92.69,431,Y,15,1
CUST-13225,46,36754,MORTGAGE,4.9,PERSONAL,D,9177,17.77,0.25,13.53,89.12,591,Y,26,0
CUST-13226,60,31794,MORTGAGE,4.6,EDUCATION,A,5432,8.24,0.171,7.19,71.59,749,N,35,0
CUST-13227,59,53279,MORTGAGE,0.4,EDUCATION,B,20117,11.85,0.378,17.4,21.77,749,N,35,0
CUST-13228,47,80732,RENT,9.4,VENTURE,A,9438,6.77,0.117,22.28,62.36,734,N,27,0
CUST-13229,45,79130,OWN,4.6,HOMEIMPROVEMENT,A,6540,5.09,0.083,5.07,30.35,693,N,25,0
CUST-13230,68,20858,MORTGAGE,10.2,VENTURE,C,11974,12.78,0.574,19.24,72.33,588,N,35,0
CUST-13231,21,154347,RENT,3.0,VENTURE,E,6944,20.85,0.045,17.42,55.3,552,Y,1,1
CUST-13232,44,33366,RENT,3.9,EDUCATION,F,10766,21.53,0.323,16.49,67.09,496,Y,23,1
CUST-13233,22,41812,MORTGAGE,4.0,VENTURE,A,15118,7.47,0.362,27.69,20.31,743,N,2,0
CUST-13234,27,28521,OTHER,9.0,VENTURE,A,7320,7.24,0.257,17.12,50.98,756,N,5,0
CUST-13235,63,247458,OWN,15.9,PERSONAL,B,9534,11.34,0.039,13.75,36.94,719,N,35,0
CUST-13236,52,56683,OWN,9.5,DEBTCONSOLIDATION,A,2637,8.5,0.047,7.51,55.13,770,N,31,0
CUST-13237,61,29419,RENT,8.6,PERSONAL,A,9662,5.64,0.328,25.4,62.98,729,N,35,0
CUST-13238,54,82318,OWN,3.2,MEDICAL,D,11355,13.58,0.138,7.62,60.38,632,Y,32,0
CUST-13239,25,77767,MORTGAGE,1.2,MEDICAL,D,13081,17.29,0.168,9.95,47.26,557,Y,7,1
CUST-13240,58,43798,RENT,12.1,HOMEIMPROVEMENT,D,17006,16.24,0.388,17.51,70.98,615,N,35,0
CUST-13241,42,81175,RENT,6.4,DEBTCONSOLIDATION,B,3971,11.29,0.049,20.47,55.03,707,N,20,1
CUST-13242,44,29876,RENT,1.7,DEBTCONSOLIDATION,B,6401,10.16,0.214,8.76,100.0,704,N,23,1
CUST-13243,69,36470,MORTGAGE,2.1,MEDICAL,C,16964,14.12,0.465,19.95,41.26,614,N,35,0
CUST-13244,62,15000,RENT,5.8,VENTURE,A,2171,7.34,0.145,21.93,54.14,718,N,35,1
CUST-13245,38,22150,RENT,3.2,PERSONAL,D,1896,15.64,0.086,17.29,69.72,633,N,18,1
CUST-13246,24,145012,RENT,0.4,MEDICAL,A,4770,7.02,0.033,5.83,39.21,735,N,5,0
CUST-13247,30,131249,RENT,0.8,HOMEIMPROVEMENT,C,4779,13.3,0.036,7.94,20.59,671,N,10,0
CUST-13248,31,50994,RENT,6.8,MEDICAL,C,15474,14.23,0.303,36.15,81.9,629,N,11,0
CUST-13249,29,132954,MORTGAGE,2.0,PERSONAL,B,21043,10.29,0.158,9.95,39.8,800,N,11,0
CUST-13250,27,44531,RENT,3.5,EDUCATION,C,1556,12.21,0.035,23.96,79.4,640,N,8,0
CUST-13251,43,42359,OWN,7.3,MEDICAL,A,3015,9.5,0.071,20.98,27.64,792,N,21,0
CUST-13252,47,50711,OWN,7.0,EDUCATION,B,9347,10.87,0.184,34.4,67.95,783,N,28,0
CUST-13253,60,45480,OWN,0.9,EDUCATION,C,8153,15.13,0.179,16.67,27.88,689,N,35,0
CUST-13254,55,43082,MORTGAGE,0.5,EDUCATION,C,9556,12.19,0.222,36.36,95.1,638,N,35,1
CUST-13255,56,97347,RENT,4.5,EDUCATION,F,8191,21.7,0.084,14.61,50.98,527,N,35,1
CUST-13256,40,53641,RENT,6.8,PERSONAL,A,3188,7.73,0.059,22.33,68.92,634,N,18,0
CUST-13257,27,75168,RENT,0.8,HOMEIMPROVEMENT,B,4008,11.29,0.053,4.84,41.91,618,N,8,0
CUST-13258,28,91019,OTHER,2.3,VENTURE,D,5882,14.24,0.065,23.96,41.99,609,Y,7,1
CUST-13259,66,61877,RENT,10.2,VENTURE,B,10454,8.27,0.169,16.99,84.49,680,N,35,0
CUST-13260,34,27387,MORTGAGE,14.4,VENTURE,D,9046,15.71,0.33,18.23,91.2,571,N,12,0
CUST-13261,67,21769,MORTGAGE,3.0,EDUCATION,B,10206,11.16,0.469,26.62,44.9,701,N,35,1
CUST-13262,65,53598,OWN,0.4,HOMEIMPROVEMENT,C,7814,12.69,0.146,14.91,84.55,629,N,35,0
CUST-13263,59,44233,MORTGAGE,1.5,DEBTCONSOLIDATION,D,17814,16.35,0.403,29.64,44.72,576,Y,35,0
CUST-13264,37,51659,MORTGAGE,1.3,PERSONAL,D,33526,16.56,0.649,25.75,68.34,645,N,17,1
CUST-13265,61,48550,RENT,1.4,PERSONAL,D,9611,15.51,0.198,13.73,56.98,565,Y,35,1
CUST-13266,39,230993,MORTGAGE,3.4,VENTURE,A,12408,9.26,0.054,8.08,44.31,774,N,17,0
CUST-13267,25,22067,RENT,4.4,EDUCATION,B,13261,9.55,0.601,14.42,41.24,708,N,5,0
CUST-13268,31,15000,OWN,0.7,DEBTCONSOLIDATION,A,8848,5.02,0.59,29.31,76.55,798,N,10,0
CUST-13269,21,59839,MORTGAGE,3.0,VENTURE,A,14486,6.32,0.242,21.31,70.29,733,N,3,1
CUST-13270,26,39110,RENT,4.8,EDUCATION,B,10594,9.5,0.271,17.04,84.63,653,N,8,1
CUST-13271,35,59257,OWN,4.5,EDUCATION,F,5482,,0.093,8.81,76.57,508,Y,17,1
CUST-13272,22,69586,MORTGAGE,4.0,VENTURE,B,6240,10.77,0.09,4.19,80.3,699,N,3,0
CUST-13273,64,105922,MORTGAGE,4.9,PERSONAL,D,8461,17.2,0.08,20.71,69.27,645,N,35,0
CUST-13274,22,19844,MORTGAGE,4.0,HOMEIMPROVEMENT,E,4470,21.76,0.225,12.97,40.45,598,N,2,0
CUST-13275,46,35100,MORTGAGE,1.7,PERSONAL,A,10239,7.53,0.292,11.12,84.03,742,N,27,1
CUST-13276,69,63402,RENT,1.4,DEBTCONSOLIDATION,A,12898,8.51,0.203,28.24,27.21,747,N,35,0
CUST-13277,62,77829,RENT,3.6,PERSONAL,A,19352,6.97,0.249,14.84,18.4,774,N,35,0
CUST-13278,59,182785,MORTGAGE,3.6,VENTURE,B,12620,10.85,0.069,20.75,76.53,737,N,35,0
CUST-13279,57,86979,OWN,1.3,PERSONAL,A,11679,7.08,0.134,16.69,33.69,761,N,35,0
CUST-13280,52,47378,RENT,6.0,MEDICAL,C,11130,13.32,0.235,17.68,50.83,660,N,33,0
CUST-13281,47,28731,RENT,0.2,VENTURE,A,7015,7.7,0.244,23.2,77.29,758,N,28,0
CUST-13282,20,34941,RENT,2.0,PERSONAL,A,6999,8.68,0.2,12.75,16.06,759,N,2,0
CUST-13283,27,34350,OWN,3.1,MEDICAL,B,11319,10.44,0.33,11.67,95.62,709,N,6,1
CUST-13284,56,72630,RENT,5.8,EDUCATION,B,4787,10.43,0.066,14.79,62.87,665,N,35,0
CUST-13285,51,57193,RENT,3.2,MEDICAL,D,7126,16.88,0.125,19.02,92.6,553,Y,30,1
CUST-13286,67,22154,MORTGAGE,18.9,MEDICAL,F,14470,23.05,0.653,22.08,64.53,499,N,35,0
CUST-13287,62,37739,RENT,2.0,HOMEIMPROVEMENT,D,5238,14.81,0.139,5.78,81.52,594,Y,35,0
CUST-13288,56,82994,OWN,20.2,PERSONAL,A,5987,7.79,0.072,15.74,43.14,773,N,34,0
CUST-13289,23,60536,RENT,0.3,PERSONAL,C,6461,11.9,0.107,9.03,38.05,641,N,4,0
CUST-13290,49,68953,RENT,5.8,EDUCATION,B,18102,12.07,0.263,25.38,37.63,707,N,31,1
CUST-13291,25,61682,MORTGAGE,3.0,HOMEIMPROVEMENT,A,4301,7.91,0.07,14.36,43.36,752,Y,6,0
CUST-13292,65,130073,MORTGAGE,8.6,HOMEIMPROVEMENT,B,6373,11.97,0.049,25.52,76.37,717,N,35,0
CUST-13293,38,56479,RENT,7.8,MEDICAL,B,4659,8.5,0.082,11.61,40.38,685,N,18,0
CUST-13294,51,38885,MORTGAGE,8.1,HOMEIMPROVEMENT,B,4817,10.3,0.124,12.0,45.08,675,Y,31,0
CUST-13295,28,28298,RENT,0.5,HOMEIMPROVEMENT,A,15337,8.54,0.542,17.25,70.77,692,N,8,1
CUST-13296,31,56940,OWN,8.6,EDUCATION,F,5956,23.68,0.105,10.85,86.32,542,Y,12,1
CUST-13297,30,15000,RENT,1.2,PERSONAL,C,8790,13.92,0.586,20.12,100.0,545,N,9,1
CUST-13298,65,43889,OWN,0.1,EDUCATION,A,9198,6.99,0.21,33.64,56.78,756,N,35,0
CUST-13299,35,43325,MORTGAGE,1.2,EDUCATION,E,6502,19.18,0.15,5.18,65.18,601,N,15,0
CUST-13300,20,21618,RENT,2.0,VENTURE,E,10582,18.25,0.489,19.24,83.61,565,Y,1,1
CUST-13301,64,28086,RENT,6.8,MEDICAL,D,6504,18.26,0.232,13.39,72.5,623,N,35,1
CUST-13302,40,79681,MORTGAGE,1.2,MEDICAL,C,4856,14.28,0.061,19.62,39.91,635,N,22,0
CUST-13303,49,56298,RENT,0.6,PERSONAL,B,7690,10.28,0.137,12.19,51.77,700,Y,31,1
CUST-13304,32,52107,RENT,5.2,HOMEIMPROVEMENT,B,16317,11.15,0.313,19.7,83.13,694,N,14,1
CUST-13305,53,58912,RENT,20.6,MEDICAL,B,5935,10.37,0.101,27.1,46.83,724,N,31,0
CUST-13306,23,51822,MORTGAGE,4.6,MEDICAL,E,7264,19.14,0.14,8.19,74.17,560,N,4,1
CUST-13307,47,103333,MORTGAGE,5.9,DEBTCONSOLIDATION,C,6243,12.59,0.06,17.74,54.53,608,Y,25,0
CUST-13308,57,52788,RENT,4.1,EDUCATION,A,8251,6.61,0.156,16.05,38.42,761,N,35,0
CUST-13309,50,20436,MORTGAGE,7.6,EDUCATION,C,7669,13.96,0.375,39.4,66.65,646,Y,31,1
CUST-13310,46,130362,MORTGAGE,18.6,VENTURE,B,5173,11.76,0.04,33.73,47.84,676,N,27,1
CUST-13311,24,61218,RENT,3.9,HOMEIMPROVEMENT,D,11007,16.1,0.18,15.48,73.05,633,Y,6,1
CUST-13312,44,34421,OWN,2.7,PERSONAL,A,6556,6.55,0.19,9.86,16.97,820,N,24,0
CUST-13313,22,23108,MORTGAGE,4.0,VENTURE,C,7636,14.64,0.33,12.64,37.27,666,N,1,0
CUST-13314,52,62165,OWN,17.5,DEBTCONSOLIDATION,B,5370,10.59,0.086,15.17,78.47,728,N,33,0
CUST-13315,23,45692,RENT,0.7,MEDICAL,A,12651,5.0,0.277,32.4,16.43,755,Y,4,0
CUST-13316,44,126056,OTHER,4.3,EDUCATION,C,9175,12.65,0.073,11.62,55.46,700,N,25,0
CUST-13317,39,39833,MORTGAGE,7.9,VENTURE,B,4661,11.06,0.117,12.85,71.13,723,N,18,0
CUST-13318,53,29660,MORTGAGE,3.8,EDUCATION,C,1349,12.55,0.045,19.11,80.75,631,N,35,1
CUST-13319,45,83908,MORTGAGE,2.6,EDUCATION,A,4265,,0.051,23.93,95.76,771,N,25,0
CUST-13320,24,85405,RENT,5.3,HOMEIMPROVEMENT,F,7250,20.51,0.085,12.86,41.85,545,N,3,0
CUST-13321,54,54240,OWN,1.6,MEDICAL,D,4366,16.01,0.08,5.79,86.04,596,Y,35,1
CUST-13322,47,73556,MORTGAGE,2.1,PERSONAL,A,7368,6.2,0.1,5.81,71.85,794,N,29,0
CUST-13323,48,47924,RENT,24.3,EDUCATION,C,3346,12.02,0.07,21.7,83.19,606,N,28,0
CUST-13324,28,56405,RENT,5.1,VENTURE,A,9935,6.59,0.176,15.77,42.55,763,N,6,0
CUST-13325,57,98616,RENT,10.3,MEDICAL,C,8523,14.55,0.086,22.85,81.93,635,N,35,1
CUST-13326,69,71338,MORTGAGE,8.2,VENTURE,A,4884,8.0,0.068,16.17,42.42,694,N,35,0
CUST-13327,25,44286,MORTGAGE,5.3,VENTURE,B,10361,12.96,0.234,18.62,47.74,704,Y,6,0
CUST-13328,38,110350,MORTGAGE,9.2,MEDICAL,F,16405,21.28,0.149,22.52,86.49,516,N,18,1
CUST-13329,63,15000,RENT,1.7,DEBTCONSOLIDATION,A,4774,8.72,0.318,12.0,68.07,730,Y,35,0
CUST-13330,30,167920,MORTGAGE,5.1,DEBTCONSOLIDATION,B,6379,12.73,0.038,12.07,62.37,663,N,12,1
CUST-13331,21,17613,MORTGAGE,3.0,PERSONAL,A,10256,8.84,0.582,28.6,45.98,820,N,1,0
CUST-13332,66,33649,RENT,4.9,EDUCATION,C,4864,14.86,0.145,12.17,42.87,564,Y,35,1
CUST-13333,63,47831,RENT,0.9,EDUCATION,A,13557,7.64,0.283,35.53,39.85,674,N,35,1
CUST-13334,63,44896,RENT,1.6,PERSONAL,B,13662,10.78,0.304,14.38,67.64,718,N,35,1
CUST-13335,28,89665,OWN,1.7,EDUCATION,B,3345,9.39,0.037,19.12,82.53,716,N,10,0
CUST-13336,40,25985,MORTGAGE,4.6,MEDICAL,A,6172,5.0,0.238,20.66,42.85,701,N,18,0
CUST-13337,43,57323,OTHER,18.0,PERSONAL,E,21472,19.75,0.375,13.62,79.06,549,N,22,1
CUST-13338,53,34650,RENT,15.4,PERSONAL,D,5539,15.35,0.16,8.84,61.59,632,N,32,0
CUST-13339,41,58517,MORTGAGE,1.3,PERSONAL,D,6619,,0.113,16.46,54.26,600,Y,22,0
CUST-13340,22,47152,MORTGAGE,1.8,PERSONAL,A,4656,6.51,0.099,35.46,19.57,778,N,2,0
CUST-13341,31,51831,RENT,0.2,MEDICAL,A,8689,7.89,0.168,15.42,43.94,748,N,9,0
CUST-13342,47,35243,RENT,2.5,EDUCATION,B,5615,10.26,0.159,20.76,23.38,682,N,28,0
CUST-13343,49,36096,MORTGAGE,9.0,DEBTCONSOLIDATION,F,8929,23.51,0.247,20.22,55.32,479,Y,27,1
CUST-13344,45,58242,OWN,12.4,PERSONAL,B,5986,9.63,0.103,15.83,61.71,698,Y,25,0
CUST-13345,67,86355,RENT,1.3,DEBTCONSOLIDATION,B,1328,,0.015,12.15,47.41,678,N,35,0
CUST-13346,40,34235,RENT,1.5,PERSONAL,D,2087,16.27,0.061,10.23,65.16,645,N,22,0
CUST-13347,47,29107,MORTGAGE,1.2,VENTURE,A,13236,7.15,0.455,22.04,45.35,783,N,29,0
CUST-13348,45,70832,OWN,2.2,EDUCATION,D,16503,16.41,0.233,36.44,55.76,601,N,24,0
CUST-13349,52,48074,MORTGAGE,8.2,HOMEIMPROVEMENT,F,5263,23.82,0.109,24.22,48.99,529,N,32,1
CUST-13350,40,80684,RENT,5.2,PERSONAL,F,15548,23.01,0.193,18.54,52.53,517,N,21,1
CUST-13351,54,28467,RENT,7.7,DEBTCONSOLIDATION,A,4301,6.95,0.151,14.27,51.12,731,N,34,0
CUST-13352,53,16853,RENT,4.4,PERSONAL,B,2347,9.77,0.139,9.46,56.49,663,N,33,0
CUST-13353,60,35603,MORTGAGE,1.5,EDUCATION,B,6525,9.56,0.183,10.63,70.08,702,N,35,1
CUST-13354,66,30951,MORTGAGE,1.3,MEDICAL,A,11790,7.64,0.381,20.13,80.18,740,N,35,1
CUST-13355,37,46757,MORTGAGE,0.0,VENTURE,B,13473,8.68,0.288,30.47,23.54,752,N,16,0
CUST-13356,30,33452,RENT,7.6,DEBTCONSOLIDATION,C,4261,13.24,0.127,41.75,74.91,638,N,11,1
CUST-13357,42,76466,OWN,9.4,MEDICAL,B,8675,10.96,0.113,18.04,35.08,784,N,24,0
CUST-13358,67,41237,MORTGAGE,7.3,VENTURE,B,15495,9.63,0.376,17.58,47.96,763,N,35,0
CUST-13359,41,53652,OWN,0.4,VENTURE,A,8158,7.55,0.152,6.4,82.88,725,N,20,0
CUST-13360,36,53883,MORTGAGE,7.2,MEDICAL,E,4853,19.82,0.09,26.28,100.0,567,N,14,1
CUST-13361,24,55103,MORTGAGE,0.2,VENTURE,D,1601,,0.029,6.45,70.16,556,Y,5,1
CUST-13362,63,48316,MORTGAGE,0.6,PERSONAL,C,16689,13.75,0.345,26.32,89.94,635,N,35,1
CUST-13363,30,66593,RENT,2.9,MEDICAL,A,14222,6.95,0.214,14.89,51.36,763,N,12,1
CUST-13364,49,30412,OWN,3.2,HOMEIMPROVEMENT,C,5005,15.72,0.165,17.35,56.12,657,N,30,0
CUST-13365,34,113510,RENT,8.5,MEDICAL,A,23213,7.74,0.205,26.81,56.31,722,N,15,0
CUST-13366,46,42534,MORTGAGE,5.7,HOMEIMPROVEMENT,C,7644,12.4,0.18,18.77,41.22,647,N,27,0
CUST-13367,54,22316,OWN,0.8,HOMEIMPROVEMENT,C,11952,11.32,0.536,36.27,63.97,668,N,32,1
CUST-13368,52,54876,RENT,1.3,HOMEIMPROVEMENT,D,7723,16.44,0.141,35.92,53.69,606,Y,32,0
CUST-13369,39,29415,MORTGAGE,1.7,PERSONAL,A,1983,9.07,0.067,12.89,65.87,797,Y,19,0
CUST-13370,35,73072,MORTGAGE,0.7,EDUCATION,A,18107,6.77,0.248,28.38,55.35,747,N,15,0
CUST-13371,53,184566,MORTGAGE,1.7,PERSONAL,E,15199,19.88,0.082,24.38,68.43,514,N,31,0
CUST-13372,21,30578,MORTGAGE,3.0,DEBTCONSOLIDATION,D,8048,17.39,0.263,21.72,69.14,554,N,1,1
CUST-13373,54,59839,MORTGAGE,1.4,EDUCATION,B,1000,11.33,0.017,17.98,63.71,687,N,33,0
CUST-13374,59,17097,MORTGAGE,9.0,EDUCATION,A,10811,7.5,0.632,44.45,56.37,708,N,35,1
CUST-13375,47,64366,RENT,3.2,EDUCATION,B,1747,9.71,0.027,16.18,59.09,643,N,25,0
CUST-13376,66,28812,RENT,1.9,PERSONAL,B,4753,,0.165,12.0,39.71,685,N,35,0
CUST-13377,58,33694,RENT,2.7,EDUCATION,D,7217,15.22,0.214,9.33,73.81,638,N,35,0
CUST-13378,25,25316,MORTGAGE,6.2,PERSONAL,C,18690,12.37,0.738,21.61,72.25,634,Y,7,1
CUST-13379,28,76060,RENT,3.6,EDUCATION,A,12495,8.69,0.164,29.64,28.22,762,N,6,0
CUST-13380,39,89714,MORTGAGE,0.0,DEBTCONSOLIDATION,C,4684,13.9,0.052,12.77,34.53,700,N,18,0
CUST-13381,20,49713,RENT,2.0,VENTURE,A,14618,7.85,0.294,23.94,46.34,763,N,1,0
CUST-13382,27,29183,MORTGAGE,0.3,VENTURE,A,2184,6.64,0.075,25.19,41.41,717,N,5,0
CUST-13383,42,127225,RENT,14.0,MEDICAL,B,6538,,0.051,19.13,39.44,699,N,23,1
CUST-13384,22,31249,MORTGAGE,0.1,HOMEIMPROVEMENT,A,7078,7.22,0.227,31.63,28.48,735,N,4,0
CUST-13385,23,15000,MORTGAGE,5.0,DEBTCONSOLIDATION,D,9335,16.66,0.622,19.68,60.23,628,N,5,1
CUST-13386,44,64539,OWN,3.8,DEBTCONSOLIDATION,B,2280,11.9,0.035,25.27,47.97,707,N,25,0
CUST-13387,66,25263,MORTGAGE,3.5,PERSONAL,B,4981,,0.197,9.58,49.78,690,N,35,0
CUST-13388,57,88713,MORTGAGE,0.4,HOMEIMPROVEMENT,B,12981,9.74,0.146,20.95,32.45,703,N,35,0
CUST-13389,34,39000,OWN,1.4,EDUCATION,F,21089,23.24,0.541,27.4,74.29,519,Y,16,1
CUST-13390,40,70419,MORTGAGE,7.5,EDUCATION,E,6374,20.48,0.091,17.77,80.82,514,Y,22,1
CUST-13391,54,113652,RENT,11.1,EDUCATION,D,4253,,0.037,23.06,100.0,542,N,34,1
CUST-13392,65,23734,MORTGAGE,3.8,VENTURE,B,5250,7.89,0.221,18.38,36.69,731,N,35,0
CUST-13393,33,34906,MORTGAGE,2.2,MEDICAL,A,6007,9.03,0.172,19.29,30.26,786,N,14,1
CUST-13394,55,46844,RENT,0.3,PERSONAL,B,3602,9.77,0.077,4.79,96.75,707,N,35,1
CUST-13395,31,123319,MORTGAGE,5.7,HOMEIMPROVEMENT,B,11524,9.8,0.093,25.44,60.9,733,N,11,0
CUST-13396,36,33023,MORTGAGE,1.6,MEDICAL,A,11291,7.26,0.342,21.19,46.22,810,N,14,0
CUST-13397,58,34313,OWN,0.3,PERSONAL,A,10198,6.06,0.297,18.43,31.82,734,N,35,0
CUST-13398,28,65308,OWN,5.5,EDUCATION,B,8551,11.96,0.131,17.84,90.51,674,N,10,1
CUST-13399,54,34671,RENT,3.3,MEDICAL,C,13483,13.71,0.389,9.72,100.0,676,N,35,1
CUST-13400,32,53718,RENT,0.1,PERSONAL,C,11550,14.34,0.215,22.55,58.75,699,N,14,0
CUST-13401,34,19323,RENT,0.6,PERSONAL,C,22548,12.57,1.167,39.1,96.66,626,N,13,1
CUST-13402,37,185090,RENT,6.0,DEBTCONSOLIDATION,B,9964,,0.054,15.0,74.45,752,N,17,0
CUST-13403,52,21837,OWN,0.3,HOMEIMPROVEMENT,B,8620,,0.395,33.24,71.36,687,N,30,0
CUST-13404,25,40414,RENT,7.0,PERSONAL,B,6758,8.97,0.167,9.52,78.03,708,N,6,0
CUST-13405,46,48074,MORTGAGE,1.9,MEDICAL,F,9111,20.65,0.19,28.74,62.64,517,Y,27,1
CUST-13406,42,154448,MORTGAGE,0.5,EDUCATION,A,3149,6.53,0.02,31.87,94.43,759,N,22,1
CUST-13407,46,22138,MORTGAGE,7.1,MEDICAL,B,6153,11.61,0.278,21.25,72.35,663,N,26,0
CUST-13408,53,161171,RENT,3.7,MEDICAL,B,6678,10.72,0.041,9.08,61.42,736,N,35,0
CUST-13409,65,77211,RENT,1.8,PERSONAL,A,4682,7.42,0.061,23.54,51.87,693,N,35,0
CUST-13410,57,62960,RENT,2.6,EDUCATION,B,2755,10.94,0.044,5.6,47.79,667,N,35,0
CUST-13411,33,27152,RENT,0.1,PERSONAL,C,5989,15.82,0.221,8.82,46.55,695,N,13,0
CUST-13412,55,69056,OTHER,5.4,MEDICAL,B,4917,8.41,0.071,11.22,35.19,779,N,35,0
CUST-13413,27,31758,MORTGAGE,2.3,DEBTCONSOLIDATION,A,5602,7.13,0.176,7.84,35.24,732,N,7,0
CUST-13414,54,104819,RENT,6.3,DEBTCONSOLIDATION,B,8463,,0.081,21.59,22.84,754,N,32,0
CUST-13415,38,27374,MORTGAGE,4.9,DEBTCONSOLIDATION,A,29444,8.11,1.076,25.13,32.97,795,Y,16,0
CUST-13416,49,45803,RENT,5.3,DEBTCONSOLIDATION,B,7623,11.8,0.166,18.58,43.14,714,N,31,0
CUST-13417,33,35130,MORTGAGE,7.9,PERSONAL,B,2929,10.13,0.083,11.06,77.09,683,N,13,0
CUST-13418,39,27105,RENT,5.0,VENTURE,D,8411,17.28,0.31,17.84,54.09,659,N,21,0
CUST-13419,68,76480,MORTGAGE,2.7,EDUCATION,A,6596,5.66,0.086,11.36,15.7,743,N,35,0
CUST-13420,44,67594,RENT,2.5,HOMEIMPROVEMENT,B,5090,11.07,0.075,2.82,21.32,716,N,22,0
CUST-13421,59,101255,RENT,0.6,HOMEIMPROVEMENT,B,3849,13.45,0.038,15.59,67.09,624,N,35,0
CUST-13422,43,16849,RENT,7.6,MEDICAL,B,14085,10.04,0.836,27.49,96.27,686,N,21,1
CUST-13423,33,92827,RENT,7.2,MEDICAL,C,7242,14.0,0.078,9.35,75.71,629,N,15,1
CUST-13424,45,220415,MORTGAGE,1.4,EDUCATION,C,8541,12.79,0.039,11.92,76.56,654,N,23,0
CUST-13425,57,37384,RENT,9.9,EDUCATION,C,6504,13.71,0.174,18.56,53.29,639,N,35,1
CUST-13426,42,152831,MORTGAGE,4.4,DEBTCONSOLIDATION,A,17396,8.83,0.114,9.34,81.57,732,N,22,0
CUST-13427,41,41860,MORTGAGE,3.3,HOMEIMPROVEMENT,E,8105,20.22,0.194,20.26,34.47,570,Y,22,0
CUST-13428,67,21516,MORTGAGE,0.1,PERSONAL,B,7769,10.38,0.361,38.04,53.04,673,N,35,1
CUST-13429,38,40807,MORTGAGE,,EDUCATION,A,14636,7.36,0.359,14.07,50.23,692,N,16,0
CUST-13430,65,91942,RENT,5.1,PERSONAL,C,12537,12.06,0.136,13.38,57.36,634,N,35,0
CUST-13431,22,29646,MORTGAGE,0.5,DEBTCONSOLIDATION,B,6706,11.72,0.226,22.14,41.88,692,N,3,0
CUST-13432,61,34193,OWN,3.1,DEBTCONSOLIDATION,A,6083,8.4,0.178,35.02,82.98,776,N,35,0
CUST-13433,38,69991,MORTGAGE,20.0,MEDICAL,E,14212,17.99,0.203,16.27,37.63,563,N,20,0
CUST-13434,28,49110,MORTGAGE,6.3,VENTURE,B,5888,10.71,0.12,3.46,49.94,714,N,6,0
CUST-13435,47,69617,MORTGAGE,4.0,VENTURE,B,7494,9.39,0.108,17.07,23.66,675,N,27,1
CUST-13436,39,56539,RENT,3.8,EDUCATION,B,6059,9.95,0.107,20.32,56.22,699,N,20,0
CUST-13437,64,65367,MORTGAGE,0.2,DEBTCONSOLIDATION,A,4158,8.47,0.064,15.25,60.51,689,N,35,0
CUST-13438,26,37820,OWN,8.0,MEDICAL,E,20187,20.69,0.534,24.32,76.92,548,Y,6,1
CUST-13439,33,56333,RENT,13.2,PERSONAL,C,5966,14.35,0.106,24.29,100.0,555,N,13,1
CUST-13440,28,28101,MORTGAGE,5.7,EDUCATION,B,20292,10.18,0.722,27.92,75.03,658,N,8,1
CUST-13441,38,106197,RENT,,VENTURE,C,7087,14.05,0.067,15.28,84.78,605,N,16,0
CUST-13442,66,33504,RENT,1.2,EDUCATION,D,9339,15.57,0.279,21.37,50.63,632,N,35,1
CUST-13443,33,96500,MORTGAGE,1.0,VENTURE,C,15459,14.4,0.16,14.88,42.11,662,N,15,0
CUST-13444,57,42609,MORTGAGE,3.7,HOMEIMPROVEMENT,A,2654,,0.062,11.42,58.15,787,N,35,0
CUST-13445,55,55337,OWN,1.2,HOMEIMPROVEMENT,C,12830,12.93,0.232,21.18,79.84,604,Y,35,1
CUST-13446,59,36425,OWN,6.0,VENTURE,B,8311,9.63,0.228,12.38,32.42,729,N,35,0
CUST-13447,36,26646,RENT,3.9,MEDICAL,F,7406,22.81,0.278,17.19,54.08,510,N,16,1
CUST-13448,49,17208,MORTGAGE,0.1,EDUCATION,C,6928,13.34,0.403,16.62,89.66,713,N,30,0
CUST-13449,28,26024,RENT,6.8,MEDICAL,B,6695,9.91,0.257,18.2,87.53,694,N,8,1
CUST-13450,52,40362,RENT,1.0,EDUCATION,A,12223,6.91,0.303,23.69,45.13,806,N,34,0
CUST-13451,44,55666,RENT,8.7,DEBTCONSOLIDATION,B,2431,9.01,0.044,11.92,39.06,801,N,24,0
CUST-13452,33,89879,MORTGAGE,2.2,DEBTCONSOLIDATION,C,3962,13.7,0.044,13.17,58.47,665,N,12,0
CUST-13453,30,37516,MORTGAGE,2.1,PERSONAL,A,8529,7.84,0.227,36.34,41.13,812,N,11,0
CUST-13454,54,28877,MORTGAGE,0.1,HOMEIMPROVEMENT,C,8254,11.72,0.286,10.73,60.25,638,N,35,1
CUST-13455,60,20627,MORTGAGE,22.0,VENTURE,D,14274,15.21,0.692,40.38,48.27,656,N,35,1
CUST-13456,33,65384,RENT,4.7,DEBTCONSOLIDATION,A,7751,5.52,0.119,24.31,59.51,748,N,13,0
CUST-13457,49,112410,MORTGAGE,2.7,MEDICAL,C,2596,14.95,0.023,7.64,38.32,670,N,29,0
CUST-13458,60,104798,RENT,0.5,VENTURE,A,2283,8.24,0.022,10.82,28.09,768,N,35,1
CUST-13459,23,75053,RENT,5.0,MEDICAL,A,6045,8.82,0.081,8.79,42.85,744,N,1,0
CUST-13460,23,71906,MORTGAGE,1.7,PERSONAL,A,15332,9.44,0.213,17.23,39.1,698,N,4,0
CUST-13461,47,135750,MORTGAGE,22.2,PERSONAL,C,9631,14.03,0.071,24.42,58.87,603,N,26,0
CUST-13462,27,59829,OWN,9.0,PERSONAL,F,16203,21.93,0.271,18.5,84.37,571,Y,8,1
CUST-13463,21,72234,MORTGAGE,3.0,EDUCATION,C,8377,13.73,0.116,26.53,38.47,657,N,1,0
CUST-13464,60,40438,MORTGAGE,,EDUCATION,A,4190,6.73,0.104,8.03,63.55,784,N,35,0
CUST-13465,65,21650,MORTGAGE,0.6,VENTURE,A,8352,6.54,0.386,8.92,36.38,732,N,35,0
CUST-13466,41,32522,RENT,1.6,VENTURE,B,19183,10.0,0.59,32.48,59.1,688,N,22,1
CUST-13467,60,48752,RENT,1.5,DEBTCONSOLIDATION,A,5250,7.2,0.108,5.54,11.98,737,N,35,0
CUST-13468,35,50841,RENT,0.4,EDUCATION,C,6214,11.51,0.122,15.3,86.82,592,Y,16,1
CUST-13469,48,155713,RENT,17.9,DEBTCONSOLIDATION,A,40000,6.02,0.257,6.02,44.72,738,N,30,0
CUST-13470,68,51470,RENT,0.3,VENTURE,A,7825,5.98,0.152,17.95,39.34,739,N,35,0
CUST-13471,67,99439,OTHER,9.7,MEDICAL,B,5297,8.93,0.053,4.77,42.26,700,N,35,0
CUST-13472,49,37758,MORTGAGE,7.3,VENTURE,C,13870,14.26,0.367,16.44,90.65,641,N,28,0
CUST-13473,31,40659,MORTGAGE,2.4,VENTURE,A,3502,7.1,0.086,9.41,65.67,798,N,10,0
CUST-13474,54,22083,RENT,0.1,PERSONAL,A,5067,7.27,0.229,31.54,53.02,730,Y,34,1
CUST-13475,30,31401,RENT,0.0,VENTURE,B,11635,10.96,0.371,19.7,64.42,729,N,11,0
CUST-13476,65,67251,RENT,1.1,VENTURE,B,4650,11.49,0.069,9.38,42.61,711,N,35,0
CUST-13477,69,49243,MORTGAGE,3.4,DEBTCONSOLIDATION,E,13035,20.05,0.265,6.55,57.41,571,N,35,1
CUST-13478,40,86315,RENT,3.1,DEBTCONSOLIDATION,A,5792,9.47,0.067,28.38,23.01,776,N,22,0
CUST-13479,40,54652,MORTGAGE,4.4,VENTURE,A,13211,7.55,0.242,21.53,33.45,738,N,19,0
CUST-13480,24,39677,MORTGAGE,6.0,VENTURE,B,15197,10.74,0.383,21.69,66.04,682,N,3,0
CUST-13481,67,177900,MORTGAGE,2.4,DEBTCONSOLIDATION,A,7051,6.77,0.04,24.2,65.97,737,N,35,0
CUST-13482,39,46335,RENT,0.9,DEBTCONSOLIDATION,B,10030,,0.216,21.06,62.86,707,N,20,0
CUST-13483,56,98498,MORTGAGE,8.0,HOMEIMPROVEMENT,A,4648,7.59,0.047,13.03,34.55,686,Y,35,0
CUST-13484,22,38533,MORTGAGE,2.0,VENTURE,D,15142,,0.393,13.08,79.49,604,Y,4,1
CUST-13485,63,75038,MORTGAGE,1.7,PERSONAL,B,14580,9.61,0.194,25.29,50.51,724,N,35,0
CUST-13486,52,85545,RENT,7.2,HOMEIMPROVEMENT,C,11737,12.89,0.137,20.74,92.5,649,Y,32,0
CUST-13487,28,55553,RENT,10.0,EDUCATION,E,14187,20.65,0.255,24.44,38.15,574,Y,9,1
CUST-13488,28,15000,RENT,10.0,MEDICAL,E,14511,19.44,0.967,29.87,52.93,586,N,9,1
CUST-13489,23,49560,OWN,0.7,EDUCATION,B,7385,9.39,0.149,21.82,59.11,703,N,5,1
CUST-13490,54,102567,MORTGAGE,3.5,EDUCATION,F,2384,20.85,0.023,20.27,86.45,473,Y,32,1
CUST-13491,36,67271,OTHER,0.5,EDUCATION,C,1104,14.29,0.016,6.07,47.34,701,N,15,0
CUST-13492,53,64055,MORTGAGE,16.2,HOMEIMPROVEMENT,A,4282,7.34,0.067,18.87,60.87,841,Y,34,0
CUST-13493,43,17442,RENT,1.2,VENTURE,D,10572,,0.606,27.64,74.11,663,N,24,0
CUST-13494,51,31816,MORTGAGE,1.1,MEDICAL,B,9220,8.84,0.29,13.18,42.27,693,N,29,0
CUST-13495,20,62743,RENT,2.0,VENTURE,A,17645,8.07,0.281,30.1,40.81,719,N,1,1
CUST-13496,27,62707,OWN,9.0,DEBTCONSOLIDATION,C,12229,14.74,0.195,18.65,83.95,703,N,6,0
CUST-13497,64,101600,MORTGAGE,6.0,EDUCATION,C,7921,13.07,0.078,12.42,27.18,655,N,35,0
CUST-13498,42,44939,MORTGAGE,0.6,MEDICAL,D,14359,16.99,0.32,11.92,59.43,643,N,24,0
CUST-13499,66,62535,MORTGAGE,3.3,MEDICAL,D,19070,16.01,0.305,25.13,48.41,575,Y,35,1
CUST-13500,59,49504,MORTGAGE,8.5,DEBTCONSOLIDATION,B,3465,11.21,0.07,15.82,49.89,718,N,35,0
CUST-13501,31,27114,OTHER,4.2,EDUCATION,A,8384,8.09,0.309,22.36,55.71,764,N,11,1
CUST-13502,31,15000,RENT,0.7,DEBTCONSOLIDATION,C,9036,13.04,0.602,21.27,51.51,698,N,9,1
CUST-13503,65,63487,MORTGAGE,0.9,EDUCATION,B,9112,7.95,0.144,9.87,36.41,729,Y,35,0
CUST-13504,66,54413,MORTGAGE,10.0,PERSONAL,A,23035,6.54,0.423,39.4,53.31,756,N,35,0
CUST-13505,34,33829,OWN,3.7,PERSONAL,A,19942,7.91,0.589,33.24,59.05,816,N,16,1
CUST-13506,60,18555,MORTGAGE,6.1,MEDICAL,A,22852,8.56,1.232,38.54,48.13,741,N,35,1
CUST-13507,38,71527,OTHER,2.3,VENTURE,B,3608,9.77,0.05,8.87,71.91,754,Y,20,1
CUST-13508,45,41791,MORTGAGE,3.8,MEDICAL,A,6720,9.11,0.161,26.26,53.83,770,N,25,0
CUST-13509,48,68468,RENT,18.9,EDUCATION,A,6277,9.29,0.092,18.36,59.04,776,N,28,0
CUST-13510,41,150005,MORTGAGE,2.0,MEDICAL,B,17603,11.34,0.117,9.3,50.84,804,N,21,0
CUST-13511,59,15000,MORTGAGE,5.6,HOMEIMPROVEMENT,A,12194,6.14,0.813,16.82,53.89,675,N,35,1
CUST-13512,40,32216,MORTGAGE,0.9,HOMEIMPROVEMENT,A,15382,8.35,0.477,39.34,53.9,701,N,21,0
CUST-13513,57,43233,RENT,0.6,VENTURE,D,6856,15.85,0.159,18.77,79.58,651,N,35,1
CUST-13514,39,117347,MORTGAGE,7.7,DEBTCONSOLIDATION,C,5202,12.79,0.044,17.62,32.25,682,N,17,0
CUST-13515,48,18364,RENT,9.3,MEDICAL,B,4324,11.04,0.235,6.41,34.94,704,N,26,0
CUST-13516,23,156610,MORTGAGE,5.0,PERSONAL,D,14681,17.01,0.094,18.34,53.27,649,N,5,1
CUST-13517,26,53184,RENT,0.9,EDUCATION,A,5986,8.05,0.113,20.0,22.21,711,N,8,0
CUST-13518,47,46276,MORTGAGE,1.4,EDUCATION,B,2077,11.29,0.045,27.2,58.63,768,N,25,0
CUST-13519,47,43528,RENT,12.1,MEDICAL,B,5111,10.43,0.117,23.97,30.56,749,N,28,0
CUST-13520,23,37731,RENT,1.7,DEBTCONSOLIDATION,C,9579,11.76,0.254,16.98,37.7,709,N,4,0
CUST-13521,41,91938,OWN,8.5,HOMEIMPROVEMENT,B,21707,13.0,0.236,17.55,65.38,645,N,20,1
CUST-13522,31,25819,RENT,1.7,EDUCATION,A,10787,7.03,0.418,20.23,49.84,787,N,11,0
CUST-13523,64,60309,RENT,14.0,MEDICAL,B,5219,9.64,0.087,5.48,72.05,700,Y,35,0
CUST-13524,22,38928,RENT,4.0,VENTURE,C,5711,12.04,0.147,17.36,53.91,734,N,4,0
CUST-13525,41,31030,MORTGAGE,,DEBTCONSOLIDATION,B,8010,10.68,0.258,14.96,43.19,709,N,19,0
CUST-13526,63,231326,MORTGAGE,7.4,PERSONAL,C,18843,13.54,0.081,17.14,90.84,619,N,35,0
CUST-13527,21,63034,RENT,0.9,MEDICAL,B,14332,10.36,0.227,17.82,58.79,720,N,3,0
CUST-13528,43,70824,MORTGAGE,1.2,DEBTCONSOLIDATION,C,13939,15.3,0.197,10.22,43.64,591,N,21,1
CUST-13529,53,97019,RENT,3.1,DEBTCONSOLIDATION,B,3364,11.29,0.035,4.93,63.78,737,N,34,0
CUST-13530,46,20893,MORTGAGE,4.3,EDUCATION,A,2629,6.28,0.126,17.3,97.05,735,N,26,0
CUST-13531,60,140277,MORTGAGE,2.0,PERSONAL,D,7924,18.99,0.056,8.47,79.24,604,N,35,0
CUST-13532,20,15000,OTHER,2.0,MEDICAL,D,14949,14.68,0.997,29.85,40.11,619,N,1,1
CUST-13533,27,30907,OWN,0.9,HOMEIMPROVEMENT,F,16545,21.86,0.535,36.08,73.73,519,N,8,1
CUST-13534,42,37219,RENT,0.1,EDUCATION,B,2662,9.62,0.072,6.51,15.62,757,N,21,0
CUST-13535,57,69496,RENT,4.2,DEBTCONSOLIDATION,C,2127,13.94,0.031,14.87,53.59,640,N,35,0
CUST-13536,25,55895,MORTGAGE,3.6,EDUCATION,D,5083,17.26,0.091,5.19,79.47,628,Y,4,0
CUST-13537,41,44351,RENT,5.9,VENTURE,A,11795,7.0,0.266,21.67,42.35,770,N,22,0
CUST-13538,44,48669,RENT,5.2,VENTURE,E,10861,20.76,0.223,33.33,65.01,571,Y,26,1
CUST-13539,37,27260,RENT,11.4,EDUCATION,A,4478,7.74,0.164,25.4,37.36,722,N,17,0
CUST-13540,36,19963,RENT,3.1,EDUCATION,A,5065,9.25,0.254,7.82,56.34,670,N,18,0
CUST-13541,31,75804,MORTGAGE,0.0,MEDICAL,A,2025,8.61,0.027,9.15,8.17,789,Y,10,0
CUST-13542,25,74326,RENT,5.0,HOMEIMPROVEMENT,B,6102,9.93,0.082,20.75,29.03,664,N,7,0
CUST-13543,45,126841,RENT,5.6,PERSONAL,A,6290,8.77,0.05,14.83,8.51,820,N,24,0
CUST-13544,46,30515,MORTGAGE,,VENTURE,A,4039,6.73,0.132,25.81,48.79,728,N,28,0
CUST-13545,27,74286,RENT,5.8,VENTURE,C,9135,14.25,0.123,27.13,82.78,694,N,7,0
CUST-13546,38,41347,OWN,2.0,MEDICAL,B,11438,11.13,0.277,12.52,51.39,705,N,16,0
CUST-13547,61,100136,RENT,0.8,DEBTCONSOLIDATION,D,22259,15.88,0.222,15.34,36.33,665,N,35,0
CUST-13548,20,90506,MORTGAGE,2.0,VENTURE,A,9094,5.11,0.1,12.09,41.98,763,N,1,0
CUST-13549,48,55643,RENT,1.4,VENTURE,A,10425,9.27,0.187,26.06,37.41,767,N,29,0
CUST-13550,64,39985,RENT,,MEDICAL,A,5550,,0.139,21.52,52.94,710,N,35,1
CUST-13551,68,87252,RENT,3.4,VENTURE,B,5349,10.52,0.061,12.73,52.41,727,N,35,1
CUST-13552,54,72268,MORTGAGE,3.2,PERSONAL,B,6326,10.52,0.088,12.39,26.59,733,N,35,0
CUST-13553,59,32511,MORTGAGE,4.6,HOMEIMPROVEMENT,B,7312,11.67,0.225,24.53,35.49,706,N,35,0
CUST-13554,33,22099,MORTGAGE,0.1,PERSONAL,B,8039,13.12,0.364,18.01,89.47,739,N,15,1
CUST-13555,54,41228,RENT,22.9,VENTURE,D,14385,17.58,0.349,33.56,57.77,624,N,33,1
CUST-13556,67,121691,RENT,6.3,VENTURE,A,5149,7.94,0.042,24.1,20.64,793,Y,35,0
CUST-13557,64,97527,RENT,2.8,EDUCATION,B,6094,10.84,0.062,12.48,100.0,704,N,35,0
CUST-13558,39,25149,RENT,1.1,PERSONAL,A,10511,7.94,0.418,28.7,82.0,789,N,19,0
CUST-13559,68,24327,RENT,0.4,PERSONAL,A,4192,6.3,0.172,5.99,12.87,759,N,35,0
CUST-13560,32,105325,OTHER,5.6,EDUCATION,A,10164,8.2,0.097,14.15,33.3,822,N,14,0
CUST-13561,57,24800,MORTGAGE,1.9,HOMEIMPROVEMENT,B,11341,8.93,0.457,27.36,76.78,688,N,35,0
CUST-13562,68,66541,MORTGAGE,1.3,HOMEIMPROVEMENT,B,3622,11.03,0.054,18.0,92.12,697,N,35,0
CUST-13563,65,33872,MORTGAGE,2.4,PERSONAL,D,2650,15.93,0.078,17.52,84.93,587,Y,35,0
CUST-13564,68,129343,MORTGAGE,4.5,EDUCATION,D,3593,17.54,0.028,20.56,89.89,596,N,35,1
CUST-13565,27,30876,RENT,5.6,HOMEIMPROVEMENT,B,12075,10.96,0.391,15.26,41.64,682,N,8,0
CUST-13566,62,97345,MORTGAGE,5.2,EDUCATION,A,8188,7.08,0.084,9.86,86.09,822,N,35,0
CUST-13567,39,54770,OWN,,DEBTCONSOLIDATION,D,8256,15.29,0.151,18.47,58.56,683,N,20,0
CUST-13568,52,57029,RENT,1.2,EDUCATION,C,13292,15.27,0.233,29.61,44.55,646,N,32,1
CUST-13569,45,15030,RENT,5.1,VENTURE,C,10021,13.4,0.667,23.94,37.45,700,N,24,1
CUST-13570,58,15000,OWN,0.5,EDUCATION,A,12320,9.59,0.821,34.16,81.09,744,N,35,0
CUST-13571,40,42944,MORTGAGE,4.0,PERSONAL,C,3089,12.02,0.072,6.12,86.77,665,Y,18,1
CUST-13572,68,56848,RENT,4.4,EDUCATION,D,14378,16.2,0.253,9.68,89.08,664,N,35,0
CUST-13573,61,24956,MORTGAGE,,VENTURE,B,5990,7.8,0.24,10.79,28.95,692,N,35,0
CUST-13574,62,25508,RENT,2.5,EDUCATION,C,16545,14.41,0.649,27.6,40.69,615,Y,35,1
CUST-13575,60,68657,MORTGAGE,8.8,VENTURE,C,3661,14.51,0.053,21.02,96.99,667,N,35,0
CUST-13576,28,68714,RENT,0.8,EDUCATION,B,5340,9.77,0.078,2.0,46.42,672,N,7,0
CUST-13577,43,45132,RENT,2.9,MEDICAL,D,16562,15.71,0.367,16.76,76.92,611,N,25,1
CUST-13578,56,78285,MORTGAGE,13.5,MEDICAL,C,14494,13.03,0.185,15.76,42.88,661,N,35,0
CUST-13579,68,24233,MORTGAGE,3.5,EDUCATION,E,10951,19.21,0.452,27.92,100.0,594,Y,35,1
CUST-13580,60,39594,MORTGAGE,6.5,PERSONAL,E,14020,18.83,0.354,19.13,35.43,594,N,35,0
CUST-13581,36,131758,RENT,8.8,MEDICAL,B,2254,11.8,0.017,11.67,64.75,711,N,18,0
CUST-13582,43,51072,MORTGAGE,1.1,VENTURE,A,5704,6.94,0.112,17.61,23.7,780,N,25,0
CUST-13583,40,52880,RENT,1.2,DEBTCONSOLIDATION,A,10103,5.22,0.191,14.27,65.85,805,Y,21,1
CUST-13584,58,195549,RENT,,HOMEIMPROVEMENT,E,14708,19.19,0.075,7.23,100.0,600,N,35,0
CUST-13585,60,21171,OWN,7.0,PERSONAL,B,9246,9.89,0.437,23.56,73.54,737,N,35,0
CUST-13586,58,79051,RENT,0.3,EDUCATION,B,11250,8.93,0.142,20.75,73.26,669,N,35,0
CUST-13587,32,133038,RENT,1.9,PERSONAL,B,5414,10.73,0.041,18.4,71.2,708,N,13,1
CUST-13588,30,40339,RENT,2.5,PERSONAL,A,17294,5.19,0.429,12.38,38.64,765,N,12,0
CUST-13589,65,82106,RENT,8.8,EDUCATION,B,15490,10.96,0.189,11.52,48.03,782,N,35,0
CUST-13590,38,27194,MORTGAGE,2.7,PERSONAL,C,4692,13.46,0.173,23.09,48.02,573,N,19,0
CUST-13591,30,32466,OTHER,12.0,EDUCATION,A,20943,6.82,0.645,15.38,50.79,781,N,9,0
CUST-13592,32,61758,MORTGAGE,14.0,EDUCATION,C,9522,12.12,0.154,20.56,40.59,669,N,11,0
CUST-13593,65,79153,MORTGAGE,7.6,EDUCATION,C,6703,11.74,0.085,14.5,88.82,676,N,35,0
CUST-13594,64,96044,MORTGAGE,,PERSONAL,B,3989,11.56,0.042,13.56,65.19,652,N,35,0
CUST-13595,20,125715,OWN,2.0,EDUCATION,B,1049,10.14,0.008,3.64,43.94,707,N,1,0
CUST-13596,59,47076,RENT,0.3,VENTURE,D,11041,14.49,0.235,14.42,59.97,676,N,35,1
CUST-13597,63,100324,OWN,,EDUCATION,B,10108,10.49,0.101,10.07,73.18,660,N,35,0
CUST-13598,38,39919,RENT,2.2,PERSONAL,B,8709,10.17,0.218,29.64,37.46,725,N,17,1
CUST-13599,31,84225,OWN,2.2,PERSONAL,C,15205,15.2,0.181,17.41,23.8,630,N,10,0
CUST-13600,27,55519,RENT,5.8,MEDICAL,E,23419,19.01,0.422,20.13,51.92,629,N,5,0
CUST-13601,27,64049,MORTGAGE,3.1,HOMEIMPROVEMENT,B,7993,11.68,0.125,5.65,97.9,729,Y,7,0
CUST-13602,64,63202,MORTGAGE,7.0,PERSONAL,C,13242,13.24,0.21,5.42,62.44,667,N,35,0
CUST-13603,31,18716,OTHER,,MEDICAL,B,12061,9.08,0.644,21.04,37.14,674,N,9,1
CUST-13604,67,24972,MORTGAGE,0.8,VENTURE,A,2769,8.07,0.111,17.67,52.02,745,N,35,1
CUST-13605,52,52131,RENT,3.1,MEDICAL,A,1458,8.96,0.028,43.47,35.73,737,N,32,1
CUST-13606,64,17812,MORTGAGE,15.1,HOMEIMPROVEMENT,A,7957,8.59,0.447,29.95,65.25,719,N,35,0
CUST-13607,45,80718,RENT,8.1,HOMEIMPROVEMENT,A,8388,7.88,0.104,15.57,24.06,745,N,25,0
CUST-13608,58,82696,RENT,1.2,PERSONAL,B,4861,11.7,0.059,5.93,94.87,632,N,35,0
CUST-13609,47,59653,RENT,2.5,EDUCATION,A,12495,7.7,0.209,27.42,85.26,775,N,28,0
CUST-13610,24,25017,RENT,6.0,VENTURE,D,7779,16.6,0.311,35.14,100.0,595,N,3,1
CUST-13611,27,112205,MORTGAGE,0.7,DEBTCONSOLIDATION,F,13196,20.23,0.118,28.13,79.73,505,N,9,1
CUST-13612,44,166429,OWN,1.5,HOMEIMPROVEMENT,B,6786,10.75,0.041,8.73,61.71,650,N,25,0
CUST-13613,46,53543,OWN,1.5,PERSONAL,B,5413,12.31,0.101,32.71,16.21,715,N,28,0
CUST-13614,65,66590,RENT,4.2,EDUCATION,B,6476,8.54,0.097,36.07,32.79,768,N,35,0
CUST-13615,42,55328,RENT,2.6,VENTURE,C,7381,,0.133,30.68,77.73,639,N,20,0
CUST-13616,49,67387,RENT,0.4,MEDICAL,B,14464,10.11,0.215,19.03,48.83,748,Y,27,0
CUST-13617,64,45627,RENT,5.0,MEDICAL,B,9623,8.87,0.211,13.66,66.83,720,N,35,0
CUST-13618,66,48014,RENT,0.5,VENTURE,B,3062,11.32,0.064,6.98,62.58,694,N,35,0
CUST-13619,42,84409,RENT,4.7,PERSONAL,C,8949,11.43,0.106,5.25,25.39,718,N,21,0
CUST-13620,68,200260,MORTGAGE,3.5,HOMEIMPROVEMENT,B,16842,11.32,0.084,3.16,83.9,640,N,35,0
CUST-13621,66,21161,MORTGAGE,3.4,HOMEIMPROVEMENT,C,8365,,0.395,22.44,46.81,655,N,35,0
CUST-13622,39,46060,MORTGAGE,0.3,MEDICAL,E,3637,20.29,0.079,18.29,79.03,558,N,18,1
CUST-13623,37,24142,RENT,5.1,VENTURE,C,7100,13.52,0.294,10.05,30.89,661,N,17,0
CUST-13624,37,127416,MORTGAGE,2.8,VENTURE,B,8991,11.14,0.071,8.67,78.54,660,N,16,0
CUST-13625,21,34453,MORTGAGE,2.6,PERSONAL,C,3762,12.11,0.109,12.54,59.71,678,N,2,0
CUST-13626,23,20621,RENT,4.5,PERSONAL,B,6515,10.81,0.316,19.73,67.64,643,N,2,0
CUST-13627,49,71891,RENT,4.7,PERSONAL,C,10698,12.76,0.149,24.35,33.43,673,N,27,0
CUST-13628,52,139607,RENT,0.1,DEBTCONSOLIDATION,D,3046,17.57,0.022,21.09,51.68,592,Y,32,1
CUST-13629,55,72995,RENT,0.7,EDUCATION,A,8267,8.35,0.113,2.85,57.27,766,Y,35,0
CUST-13630,37,55430,RENT,1.3,PERSONAL,A,8892,6.53,0.16,8.39,28.76,725,N,16,0
CUST-13631,56,62660,RENT,5.7,MEDICAL,B,11450,,0.183,12.01,84.8,670,N,35,0
CUST-13632,38,114565,RENT,4.3,PERSONAL,A,7851,7.97,0.069,22.29,24.71,806,N,17,0
CUST-13633,66,29012,RENT,7.1,PERSONAL,C,4324,12.93,0.149,7.11,36.67,710,N,35,0
CUST-13634,47,45839,MORTGAGE,6.7,MEDICAL,C,13284,13.53,0.29,19.72,48.54,610,N,25,0
CUST-13635,59,37361,RENT,9.6,MEDICAL,B,13284,,0.356,13.2,24.18,706,Y,35,0
CUST-13636,39,24325,MORTGAGE,,MEDICAL,B,10771,9.95,0.443,13.27,45.81,727,N,19,0
CUST-13637,68,40254,RENT,2.1,VENTURE,B,9913,9.44,0.246,14.73,43.81,698,N,35,0
CUST-13638,52,95285,RENT,8.9,VENTURE,A,7549,7.77,0.079,15.83,24.61,749,N,31,0
CUST-13639,31,68868,MORTGAGE,1.4,MEDICAL,C,2516,15.28,0.037,17.72,34.27,675,N,11,1
CUST-13640,34,72156,MORTGAGE,3.1,VENTURE,B,8071,10.32,0.112,25.57,69.29,719,N,16,1
CUST-13641,60,53523,RENT,1.1,EDUCATION,C,19976,13.08,0.373,44.7,62.3,634,N,35,1
CUST-13642,58,67103,MORTGAGE,12.3,MEDICAL,C,12822,12.55,0.191,29.63,51.49,668,N,35,0
CUST-13643,21,30322,MORTGAGE,2.6,EDUCATION,C,7465,14.88,0.246,19.93,42.19,641,N,1,0
CUST-13644,48,40712,RENT,1.2,EDUCATION,A,13819,,0.339,24.11,36.57,738,Y,27,0
CUST-13645,60,55006,RENT,5.9,EDUCATION,C,3253,13.32,0.059,5.65,42.89,624,N,35,0
CUST-13646,29,57902,OWN,1.4,PERSONAL,B,13532,9.56,0.234,10.48,36.36,674,N,9,0
CUST-13647,21,59403,RENT,3.0,MEDICAL,C,14138,12.54,0.238,12.44,46.71,659,N,2,0
CUST-13648,30,45116,RENT,2.3,MEDICAL,A,10813,6.47,0.24,22.4,48.59,696,N,9,0
CUST-13649,32,39087,RENT,5.5,EDUCATION,A,6374,6.91,0.163,20.35,57.2,695,N,14,1
CUST-13650,29,326003,MORTGAGE,2.1,DEBTCONSOLIDATION,D,8003,15.83,0.025,27.88,66.15,604,N,11,0
CUST-13651,33,84463,OWN,8.2,MEDICAL,B,18367,9.61,0.217,20.17,42.05,700,N,14,1
CUST-13652,37,62811,MORTGAGE,11.4,HOMEIMPROVEMENT,B,7173,11.84,0.114,20.7,82.39,663,N,16,0
CUST-13653,28,42619,MORTGAGE,7.8,MEDICAL,B,6338,12.4,0.149,29.33,59.32,761,N,6,1
CUST-13654,58,37394,OTHER,9.4,PERSONAL,B,8257,9.19,0.221,17.4,51.36,674,Y,35,1
CUST-13655,47,45320,MORTGAGE,0.5,DEBTCONSOLIDATION,A,3438,6.81,0.076,23.69,63.81,727,N,29,0
CUST-13656,22,58436,MORTGAGE,4.0,HOMEIMPROVEMENT,B,5916,9.36,0.101,19.92,31.94,674,N,1,0
CUST-13657,39,15862,OTHER,4.9,MEDICAL,A,1957,7.88,0.123,20.0,16.49,783,N,21,0
CUST-13658,25,19117,RENT,7.0,EDUCATION,B,10629,10.09,0.556,21.41,39.89,759,N,3,0
CUST-13659,46,33452,MORTGAGE,5.8,EDUCATION,D,13488,15.26,0.403,22.42,74.0,576,N,28,1
CUST-13660,21,55508,MORTGAGE,1.1,HOMEIMPROVEMENT,B,4498,12.48,0.081,19.91,47.11,729,N,1,0
CUST-13661,48,42465,OWN,4.7,PERSONAL,C,6084,14.09,0.143,18.54,51.42,659,N,29,0
CUST-13662,57,118999,OWN,0.5,VENTURE,A,18984,6.32,0.16,24.2,65.35,723,N,35,0
CUST-13663,22,20141,MORTGAGE,4.0,VENTURE,D,6121,18.31,0.304,36.09,54.05,619,N,1,1
CUST-13664,35,31231,OWN,2.6,PERSONAL,B,16892,9.12,0.541,15.14,28.0,654,N,14,0
CUST-13665,49,122034,MORTGAGE,0.8,VENTURE,B,3554,11.24,0.029,18.35,62.69,691,N,27,0
CUST-13666,59,53033,RENT,19.4,VENTURE,C,9748,16.4,0.184,10.24,59.16,615,N,35,0
CUST-13667,21,83358,RENT,3.0,EDUCATION,B,9518,,0.114,11.03,87.88,688,Y,1,0
CUST-13668,36,167836,MORTGAGE,11.2,MEDICAL,B,9297,10.15,0.055,2.0,78.34,702,N,14,0
CUST-13669,60,32328,RENT,7.8,HOMEIMPROVEMENT,A,7606,7.7,0.235,23.26,25.26,802,Y,35,0
CUST-13670,31,46185,RENT,5.9,MEDICAL,A,3757,10.17,0.081,8.16,28.94,752,N,13,0
CUST-13671,54,41628,RENT,5.3,VENTURE,C,5352,15.27,0.129,7.53,77.24,615,N,34,0
CUST-13672,62,15172,OWN,0.6,EDUCATION,E,7632,,0.503,11.76,57.25,571,Y,35,1
CUST-13673,20,40690,RENT,2.0,PERSONAL,A,8440,7.87,0.207,22.51,31.73,677,Y,1,0
CUST-13674,64,83169,MORTGAGE,10.6,DEBTCONSOLIDATION,B,8597,11.61,0.103,14.97,58.32,730,Y,35,0
CUST-13675,34,67802,OWN,6.9,MEDICAL,A,10926,6.99,0.161,14.84,53.67,722,N,16,0
CUST-13676,45,71072,MORTGAGE,13.1,EDUCATION,A,6307,6.14,0.089,13.39,18.01,816,N,26,0
CUST-13677,56,39131,RENT,4.0,VENTURE,B,5047,,0.129,10.96,75.59,732,N,35,0
CUST-13678,40,33068,MORTGAGE,3.0,VENTURE,C,4038,14.11,0.122,15.33,91.42,654,N,20,0
CUST-13679,68,104982,MORTGAGE,17.2,EDUCATION,A,20561,7.88,0.196,12.81,19.47,740,N,35,0
CUST-13680,50,36374,RENT,3.1,HOMEIMPROVEMENT,C,11732,14.83,0.323,20.77,36.81,635,N,28,0
CUST-13681,44,58480,RENT,5.1,PERSONAL,A,8164,6.13,0.14,29.74,71.57,737,N,25,1
CUST-13682,42,54068,RENT,2.3,VENTURE,C,4250,13.22,0.079,26.86,55.4,650,N,22,0
CUST-13683,43,117833,RENT,5.1,MEDICAL,C,2764,16.67,0.023,11.16,93.75,636,N,25,0
CUST-13684,57,87802,RENT,6.4,EDUCATION,B,6373,,0.073,7.44,54.53,719,N,35,0
CUST-13685,47,22535,RENT,4.9,HOMEIMPROVEMENT,C,7749,14.25,0.344,22.14,41.05,701,N,25,0
CUST-13686,40,24039,MORTGAGE,3.6,VENTURE,A,2562,7.63,0.107,4.43,32.55,754,N,18,0
CUST-13687,62,69379,OWN,1.8,VENTURE,A,13287,5.29,0.192,18.93,16.25,789,N,35,0
CUST-13688,37,47164,MORTGAGE,5.2,EDUCATION,A,6175,,0.131,23.27,72.17,704,N,16,0
CUST-13689,55,37305,OWN,12.0,DEBTCONSOLIDATION,B,24683,11.6,0.662,22.82,41.12,712,N,35,0
CUST-13690,54,90163,MORTGAGE,0.0,EDUCATION,A,12239,6.85,0.136,16.36,52.43,753,N,33,0
CUST-13691,64,54856,MORTGAGE,0.7,MEDICAL,B,1728,10.3,0.032,3.52,57.64,651,N,35,0
CUST-13692,28,50588,RENT,0.6,DEBTCONSOLIDATION,A,2129,7.85,0.042,13.62,38.12,741,N,7,0
CUST-13693,57,78268,RENT,12.8,PERSONAL,A,4363,6.33,0.056,8.78,54.09,780,Y,35,0
CUST-13694,49,39141,MORTGAGE,5.4,PERSONAL,E,14679,17.96,0.375,14.62,69.62,476,N,30,1
CUST-13695,63,125631,OWN,15.2,DEBTCONSOLIDATION,C,6451,13.48,0.051,4.13,81.96,643,N,35,0
CUST-13696,53,30551,RENT,4.4,DEBTCONSOLIDATION,A,16289,7.06,0.533,16.19,82.64,734,N,33,1
CUST-13697,51,72704,RENT,3.1,HOMEIMPROVEMENT,C,5560,13.77,0.076,24.09,72.2,659,Y,33,1
CUST-13698,22,115878,MORTGAGE,4.0,MEDICAL,C,7455,11.78,0.064,10.98,59.25,682,N,4,0
CUST-13699,22,21453,RENT,0.9,MEDICAL,A,4643,6.86,0.216,21.96,41.79,774,N,4,0
CUST-13700,47,39894,RENT,2.4,EDUCATION,B,11761,11.33,0.295,28.1,81.63,734,N,25,0
CUST-13701,63,97277,MORTGAGE,3.1,MEDICAL,E,4408,23.03,0.045,26.96,59.71,611,Y,35,1
CUST-13702,34,98159,MORTGAGE,1.8,MEDICAL,C,13583,13.64,0.138,26.06,83.36,637,N,16,0
CUST-13703,60,44227,MORTGAGE,2.3,PERSONAL,C,9610,14.31,0.217,17.27,51.99,565,N,35,0
CUST-13704,42,31545,OWN,0.4,MEDICAL,B,9591,11.09,0.304,11.51,49.01,724,N,20,0
CUST-13705,59,86991,MORTGAGE,1.1,MEDICAL,C,20249,13.85,0.233,12.9,59.91,615,Y,35,0
CUST-13706,30,99720,MORTGAGE,2.0,VENTURE,B,3802,11.32,0.038,5.17,52.17,710,N,9,0
CUST-13707,67,24372,RENT,7.9,MEDICAL,C,5569,12.35,0.228,8.02,91.24,600,N,35,1
CUST-13708,51,23805,RENT,1.0,HOMEIMPROVEMENT,C,6369,13.07,0.268,27.85,51.0,624,Y,29,0
CUST-13709,55,56114,MORTGAGE,2.1,EDUCATION,A,3033,7.8,0.054,6.5,9.15,770,N,35,0
CUST-13710,52,71511,RENT,0.3,EDUCATION,C,3601,12.34,0.05,22.66,56.29,634,Y,32,1
CUST-13711,43,40968,RENT,4.1,MEDICAL,C,3600,14.02,0.088,16.88,81.55,592,N,24,0
CUST-13712,58,73686,RENT,4.7,EDUCATION,A,5832,5.2,0.079,13.25,75.49,703,N,35,0
CUST-13713,53,32013,RENT,10.0,EDUCATION,B,5107,11.47,0.16,12.94,52.25,739,N,32,0
CUST-13714,47,15000,RENT,8.5,VENTURE,D,9870,16.32,0.658,33.9,77.09,598,N,26,1
CUST-13715,56,38012,MORTGAGE,1.7,EDUCATION,E,2914,20.33,0.077,3.69,66.04,558,N,34,0
CUST-13716,26,50916,RENT,0.7,DEBTCONSOLIDATION,C,2915,14.7,0.057,7.1,96.48,629,Y,5,1
CUST-13717,23,41543,RENT,0.8,VENTURE,A,3001,9.19,0.072,10.99,55.66,697,N,4,0
CUST-13718,56,24461,MORTGAGE,17.4,PERSONAL,B,12088,10.82,0.494,35.81,55.16,691,N,34,1
CUST-13719,20,16491,OWN,2.0,MEDICAL,A,7229,5.42,0.438,20.16,18.33,793,Y,1,0
CUST-13720,20,36009,RENT,0.2,VENTURE,C,11909,11.39,0.331,23.34,40.96,623,N,2,1
CUST-13721,66,84001,MORTGAGE,0.7,VENTURE,C,3503,11.98,0.042,21.8,66.77,584,Y,35,1
CUST-13722,39,104163,MORTGAGE,3.3,HOMEIMPROVEMENT,D,12061,17.36,0.116,16.33,35.53,637,N,21,0
CUST-13723,38,99970,MORTGAGE,1.2,VENTURE,D,30437,14.81,0.304,17.38,100.0,613,N,19,1
CUST-13724,48,30045,RENT,8.1,PERSONAL,A,17794,7.22,0.592,34.69,70.31,757,N,28,0
CUST-13725,29,24533,OWN,4.3,PERSONAL,A,19715,6.99,0.804,32.74,88.34,763,N,10,1
CUST-13726,37,66037,MORTGAGE,4.7,VENTURE,D,8917,16.93,0.135,11.1,62.57,549,Y,19,1
CUST-13727,47,71758,MORTGAGE,3.1,EDUCATION,D,3151,17.36,0.044,14.65,37.8,606,N,27,0
CUST-13728,54,62323,RENT,1.5,MEDICAL,B,2035,10.61,0.033,3.94,39.8,708,N,32,0
CUST-13729,62,15000,MORTGAGE,4.5,HOMEIMPROVEMENT,B,12770,11.46,0.851,48.36,59.54,698,N,35,0
CUST-13730,66,29140,MORTGAGE,6.3,MEDICAL,B,9466,9.18,0.325,10.02,38.47,698,N,35,0
CUST-13731,50,48155,RENT,,EDUCATION,B,13814,11.72,0.287,15.43,13.68,740,N,32,0
CUST-13732,46,65665,RENT,3.5,VENTURE,A,5430,7.66,0.083,9.14,21.55,765,N,26,0
CUST-13733,30,77682,MORTGAGE,9.2,PERSONAL,B,14249,11.41,0.183,26.75,92.57,722,N,9,1
CUST-13734,68,53452,RENT,0.8,VENTURE,B,6226,9.88,0.116,16.27,63.01,695,N,35,1
CUST-13735,68,59782,MORTGAGE,3.9,VENTURE,A,11248,5.04,0.188,34.48,34.14,660,N,35,1
CUST-13736,57,51581,RENT,2.1,MEDICAL,G,17138,25.3,0.332,24.48,59.85,489,Y,35,1
CUST-13737,24,73966,RENT,6.0,EDUCATION,A,6314,7.33,0.085,8.94,70.04,749,N,6,0
CUST-13738,27,59143,MORTGAGE,0.1,HOMEIMPROVEMENT,B,8480,11.94,0.143,11.91,42.14,693,N,6,0
CUST-13739,53,50992,RENT,5.6,MEDICAL,B,6385,11.01,0.125,9.25,73.0,697,N,33,0
CUST-13740,67,41730,OWN,0.5,PERSONAL,B,11123,14.04,0.267,10.53,23.2,707,N,35,0
CUST-13741,31,51471,MORTGAGE,0.3,DEBTCONSOLIDATION,A,10695,9.03,0.208,36.77,25.81,783,N,11,0
CUST-13742,57,65562,MORTGAGE,6.4,VENTURE,B,2976,10.2,0.045,17.98,66.77,670,N,35,0
CUST-13743,20,57554,MORTGAGE,2.0,MEDICAL,A,15752,5.6,0.274,12.66,40.71,743,N,1,0
CUST-13744,50,61604,OWN,11.3,MEDICAL,B,2750,9.45,0.045,5.65,41.37,754,N,30,0
CUST-13745,23,109714,RENT,3.7,DEBTCONSOLIDATION,A,17596,6.37,0.16,36.74,29.35,693,N,1,0
CUST-13746,68,57474,MORTGAGE,3.8,HOMEIMPROVEMENT,A,11759,6.87,0.205,15.89,48.93,740,N,35,1
CUST-13747,64,33209,RENT,6.1,MEDICAL,E,5498,19.35,0.166,26.47,63.89,494,N,35,1
CUST-13748,69,83296,RENT,2.0,VENTURE,C,6492,13.88,0.078,27.93,45.68,641,N,35,0
CUST-13749,24,21596,MORTGAGE,0.2,EDUCATION,A,13874,9.15,0.642,19.83,86.91,754,N,5,1
CUST-13750,49,25620,MORTGAGE,1.3,PERSONAL,E,6690,18.46,0.261,9.5,70.85,506,N,30,1
CUST-13751,43,59964,RENT,1.4,EDUCATION,A,12238,,0.204,13.28,36.2,757,N,21,0
CUST-13752,22,66825,RENT,2.0,EDUCATION,A,17603,8.5,0.263,8.93,44.41,726,N,4,0
CUST-13753,30,23224,MORTGAGE,12.0,VENTURE,A,16915,9.1,0.728,22.34,64.12,788,N,9,1
CUST-13754,64,38960,RENT,8.2,PERSONAL,C,7153,12.91,0.184,13.68,44.25,667,N,35,0
CUST-13755,23,34076,MORTGAGE,5.0,HOMEIMPROVEMENT,B,10696,11.75,0.314,13.74,64.03,681,N,4,0
CUST-13756,45,36606,MORTGAGE,27.0,MEDICAL,A,6734,8.42,0.184,9.42,31.02,743,N,24,0
CUST-13757,46,86349,RENT,2.8,EDUCATION,A,15024,5.45,0.174,21.61,64.13,804,N,27,0
CUST-13758,65,74899,RENT,1.3,EDUCATION,B,3122,9.74,0.042,17.23,19.46,696,N,35,0
CUST-13759,62,48461,MORTGAGE,4.1,MEDICAL,C,2199,12.93,0.045,16.13,42.24,603,N,35,0
CUST-13760,46,35327,RENT,10.6,EDUCATION,D,13243,18.89,0.375,17.91,69.36,570,Y,26,1
CUST-13761,61,21811,RENT,3.1,MEDICAL,B,2192,11.11,0.1,13.7,31.83,693,Y,35,1
CUST-13762,69,114933,RENT,3.5,VENTURE,C,4690,12.9,0.041,4.33,24.75,689,N,35,0
CUST-13763,25,69931,RENT,0.7,VENTURE,C,5630,12.66,0.081,7.64,61.42,633,N,3,0
CUST-13764,34,32080,RENT,2.7,VENTURE,B,11762,8.62,0.367,32.57,83.68,662,N,13,1
CUST-13765,49,75490,MORTGAGE,2.4,VENTURE,B,8483,11.78,0.112,8.44,79.53,700,Y,30,0
CUST-13766,61,46998,MORTGAGE,2.2,HOMEIMPROVEMENT,A,4787,7.97,0.102,14.72,64.15,761,N,35,0
CUST-13767,56,41263,MORTGAGE,10.9,EDUCATION,C,1000,14.24,0.024,6.01,46.35,668,N,35,0
CUST-13768,56,63648,MORTGAGE,0.3,DEBTCONSOLIDATION,C,6088,11.96,0.096,32.25,58.11,590,N,35,0
CUST-13769,61,31416,RENT,17.9,MEDICAL,A,7310,8.38,0.233,14.53,23.25,761,N,35,0
CUST-13770,56,39884,RENT,0.0,VENTURE,B,21964,10.21,0.551,17.2,35.14,709,N,34,0
CUST-13771,54,52726,MORTGAGE,14.6,VENTURE,B,1347,9.63,0.026,7.58,43.23,685,N,33,0
CUST-13772,42,36327,MORTGAGE,4.0,MEDICAL,A,10304,8.12,0.284,17.61,32.58,790,N,22,0
CUST-13773,25,73236,MORTGAGE,6.1,DEBTCONSOLIDATION,A,8497,6.06,0.116,9.56,42.1,766,N,5,0
CUST-13774,23,150458,MORTGAGE,1.0,EDUCATION,A,8856,7.71,0.059,10.96,29.48,720,Y,1,0
CUST-13775,37,31176,MORTGAGE,5.3,MEDICAL,B,1924,10.18,0.062,18.65,33.42,716,N,16,0
CUST-13776,28,18050,RENT,10.0,PERSONAL,B,12868,11.79,0.713,26.68,54.34,634,N,6,0
CUST-13777,68,15000,MORTGAGE,0.8,PERSONAL,B,9810,11.57,0.654,31.51,52.78,683,N,35,0
CUST-13778,48,44789,MORTGAGE,0.7,VENTURE,A,3756,7.61,0.084,15.84,25.18,736,N,29,0
CUST-13779,32,32928,OTHER,1.8,PERSONAL,B,1000,10.84,0.03,13.99,38.39,723,N,14,0
CUST-13780,66,55532,MORTGAGE,0.9,HOMEIMPROVEMENT,A,11518,8.22,0.207,13.75,45.83,850,N,35,0
CUST-13781,36,53080,MORTGAGE,0.6,VENTURE,A,5386,7.49,0.101,19.01,35.3,740,N,15,0
CUST-13782,64,18733,MORTGAGE,5.7,MEDICAL,B,10010,9.52,0.534,35.34,26.83,751,N,35,1
CUST-13783,51,16499,MORTGAGE,1.2,EDUCATION,C,14110,12.92,0.855,23.38,29.29,698,N,33,0
CUST-13784,67,58545,OTHER,5.5,PERSONAL,C,22584,12.04,0.386,31.75,45.94,603,N,35,1
CUST-13785,41,53170,MORTGAGE,9.9,DEBTCONSOLIDATION,A,20301,8.61,0.382,10.11,67.31,797,N,21,0
CUST-13786,23,37968,MORTGAGE,5.0,VENTURE,B,24390,10.98,0.642,20.32,86.14,675,N,5,0
CUST-13787,24,18137,RENT,0.6,EDUCATION,B,16341,9.99,0.901,38.04,67.67,700,N,2,1
CUST-13788,56,65045,MORTGAGE,4.3,PERSONAL,C,4142,12.63,0.064,28.14,15.49,730,N,35,0
CUST-13789,60,105149,MORTGAGE,2.5,EDUCATION,A,5062,7.78,0.048,12.46,36.91,768,N,35,0
CUST-13790,68,57918,MORTGAGE,2.1,PERSONAL,C,1000,11.8,0.017,4.13,29.46,627,N,35,0
CUST-13791,32,29481,RENT,1.9,HOMEIMPROVEMENT,B,12370,9.22,0.42,29.0,45.05,716,N,10,1
CUST-13792,53,50348,MORTGAGE,13.3,VENTURE,C,7033,,0.14,11.24,37.21,596,Y,35,0
CUST-13793,64,21597,RENT,6.8,MEDICAL,F,10175,24.93,0.471,12.97,100.0,567,Y,35,1
CUST-13794,41,92482,MORTGAGE,0.7,HOMEIMPROVEMENT,D,7550,17.04,0.082,6.89,55.71,587,N,20,0
CUST-13795,42,51488,RENT,3.2,PERSONAL,B,5934,10.72,0.115,9.48,43.36,614,Y,21,1
CUST-13796,22,16968,MORTGAGE,1.9,MEDICAL,D,3377,15.1,0.199,17.68,51.0,597,Y,4,1
CUST-13797,61,40929,RENT,19.1,VENTURE,A,5371,6.38,0.131,14.86,66.44,732,N,35,0
CUST-13798,53,64730,RENT,19.1,PERSONAL,A,5635,9.13,0.087,16.89,20.76,767,N,35,0
CUST-13799,51,40141,MORTGAGE,1.9,EDUCATION,B,4689,9.95,0.117,14.95,29.8,660,N,32,0
CUST-13800,64,41542,RENT,2.2,MEDICAL,F,9769,22.08,0.235,15.59,64.77,542,Y,35,1
CUST-13801,68,23514,MORTGAGE,4.6,EDUCATION,C,14487,14.21,0.616,21.46,45.65,626,N,35,1
CUST-13802,40,68866,OWN,3.3,MEDICAL,B,6728,10.0,0.098,25.0,43.49,698,N,19,0
CUST-13803,65,33220,OWN,1.2,VENTURE,C,11080,12.89,0.334,20.53,44.64,687,N,35,0
CUST-13804,63,15000,RENT,5.4,EDUCATION,A,12897,5.43,0.86,23.13,68.13,788,N,35,1
CUST-13805,40,39231,MORTGAGE,2.0,PERSONAL,B,9376,9.04,0.239,12.34,40.55,745,N,20,0
CUST-13806,63,88317,RENT,5.3,PERSONAL,A,13284,8.2,0.15,5.2,40.91,723,Y,35,0
CUST-13807,30,38864,OWN,2.4,MEDICAL,A,5183,6.97,0.133,8.39,29.69,760,N,8,0
CUST-13808,58,139078,MORTGAGE,6.0,PERSONAL,A,11044,8.3,0.079,10.74,65.83,762,N,35,0
CUST-13809,23,63410,RENT,5.0,HOMEIMPROVEMENT,C,9579,11.6,0.151,7.21,27.04,694,N,4,0
CUST-13810,20,60069,RENT,2.0,HOMEIMPROVEMENT,B,16555,11.47,0.276,13.54,69.71,689,N,1,1
CUST-13811,47,45386,RENT,6.1,EDUCATION,A,11212,7.45,0.247,8.39,48.26,698,N,28,0
CUST-13812,43,47052,MORTGAGE,3.1,HOMEIMPROVEMENT,B,2110,8.74,0.045,14.51,73.26,730,N,23,0
CUST-13813,54,41854,RENT,0.6,MEDICAL,C,4923,14.86,0.118,6.55,60.83,697,N,35,1
CUST-13814,32,40889,MORTGAGE,1.0,PERSONAL,E,13731,17.81,0.336,18.17,39.39,581,Y,10,0
CUST-13815,66,67408,MORTGAGE,1.4,VENTURE,D,17204,17.79,0.255,16.69,47.78,572,Y,35,1
CUST-13816,53,27959,OWN,0.3,VENTURE,A,13956,7.46,0.499,31.38,22.66,826,N,35,0
CUST-13817,30,25705,OWN,6.2,PERSONAL,A,8944,6.43,0.348,32.18,70.41,754,N,9,0
CUST-13818,55,24986,RENT,2.3,EDUCATION,A,8802,9.72,0.352,19.43,58.25,727,N,35,0
CUST-13819,36,167274,MORTGAGE,0.5,PERSONAL,B,14883,10.99,0.089,2.83,48.48,738,N,17,0
CUST-13820,54,67386,MORTGAGE,8.6,EDUCATION,C,4445,14.96,0.066,37.74,57.1,708,N,33,0
CUST-13821,37,58846,OWN,5.8,EDUCATION,A,10902,8.02,0.185,21.2,84.24,694,N,19,0
CUST-13822,59,25990,RENT,3.0,VENTURE,E,4467,19.24,0.172,15.69,53.78,589,N,35,0
CUST-13823,41,71253,RENT,1.4,PERSONAL,C,10408,12.46,0.146,15.1,69.26,695,N,20,0
CUST-13824,43,45709,RENT,0.8,PERSONAL,B,9336,10.28,0.204,12.98,46.06,696,N,24,0
CUST-13825,38,55742,RENT,3.1,EDUCATION,B,10667,10.7,0.191,24.01,85.5,705,N,18,1
CUST-13826,56,27283,RENT,10.8,HOMEIMPROVEMENT,B,10554,11.48,0.387,30.1,94.97,695,N,34,0
CUST-13827,58,53968,MORTGAGE,1.0,EDUCATION,B,6387,10.03,0.118,12.0,24.32,754,N,35,0
CUST-13828,40,38013,MORTGAGE,4.2,EDUCATION,D,7633,17.12,0.201,15.98,51.84,571,N,18,0
CUST-13829,27,30965,MORTGAGE,9.0,MEDICAL,A,5207,9.51,0.168,4.3,72.19,741,N,6,0
CUST-13830,47,76150,MORTGAGE,5.1,VENTURE,C,9518,13.69,0.125,17.85,62.88,725,Y,26,0
CUST-13831,24,19484,RENT,2.9,MEDICAL,A,4718,5.15,0.242,36.03,58.17,728,N,3,0
CUST-13832,36,68793,MORTGAGE,6.3,PERSONAL,B,15017,10.56,0.218,24.44,38.53,646,N,16,0
CUST-13833,56,73916,OWN,8.7,EDUCATION,C,8122,13.39,0.11,7.94,85.47,650,N,35,0
CUST-13834,55,28917,MORTGAGE,4.5,PERSONAL,A,20229,7.35,0.7,36.82,45.59,788,N,35,1
CUST-13835,38,29965,OWN,10.3,MEDICAL,A,8403,5.59,0.28,12.86,38.58,749,Y,19,0
CUST-13836,46,42881,RENT,3.6,PERSONAL,A,2693,7.83,0.063,9.46,64.09,733,N,26,0
CUST-13837,53,58059,MORTGAGE,8.9,EDUCATION,B,15299,9.86,0.264,30.16,89.12,718,N,35,0
CUST-13838,30,44724,RENT,12.0,VENTURE,C,15379,13.37,0.344,17.55,69.42,737,N,8,0
CUST-13839,64,63585,RENT,3.5,EDUCATION,G,6467,25.64,0.102,17.55,73.23,491,N,35,1
CUST-13840,66,141179,RENT,4.6,VENTURE,A,8047,6.53,0.057,12.83,43.37,823,N,35,0
CUST-13841,31,36147,MORTGAGE,4.7,EDUCATION,A,5061,7.38,0.14,17.89,68.68,764,N,10,0
CUST-13842,40,17516,RENT,7.6,DEBTCONSOLIDATION,B,16907,10.26,0.965,46.49,52.65,670,N,22,1
CUST-13843,30,80463,MORTGAGE,8.7,DEBTCONSOLIDATION,A,11018,7.3,0.137,13.69,60.98,808,N,9,1
CUST-13844,58,134590,RENT,0.1,HOMEIMPROVEMENT,A,5033,6.97,0.037,29.66,67.66,738,N,35,0
CUST-13845,47,62047,MORTGAGE,6.6,DEBTCONSOLIDATION,B,3291,10.03,0.053,9.17,83.41,645,N,25,0
CUST-13846,24,25523,MORTGAGE,6.0,EDUCATION,D,8991,18.51,0.352,20.68,100.0,620,N,2,1
CUST-13847,36,45508,RENT,6.0,VENTURE,D,6118,15.99,0.134,12.45,48.19,594,Y,15,0
CUST-13848,39,25056,RENT,6.3,EDUCATION,A,1774,7.82,0.071,18.71,30.63,814,N,17,0
CUST-13849,60,72093,MORTGAGE,0.2,VENTURE,A,3491,7.63,0.048,14.06,25.93,764,N,35,0
CUST-13850,65,21790,RENT,2.9,EDUCATION,B,11535,10.59,0.529,41.72,29.97,681,N,35,1
CUST-13851,31,40942,MORTGAGE,8.5,EDUCATION,B,3156,11.08,0.077,20.64,62.6,730,N,12,0
CUST-13852,25,26833,MORTGAGE,7.0,DEBTCONSOLIDATION,C,18981,12.74,0.707,26.61,55.12,650,N,5,0
CUST-13853,36,52896,RENT,1.3,EDUCATION,B,4958,12.18,0.094,10.77,37.49,711,N,18,0
CUST-13854,38,39347,RENT,4.3,VENTURE,A,7548,6.4,0.192,13.8,70.48,667,N,20,1
CUST-13855,45,54505,RENT,8.2,VENTURE,A,6605,7.3,0.121,7.1,39.23,710,N,24,0
CUST-13856,67,49682,RENT,7.0,EDUCATION,D,9283,15.08,0.187,9.42,54.7,618,N,35,0
CUST-13857,63,27119,RENT,4.8,MEDICAL,B,9499,11.58,0.35,22.96,28.59,655,N,35,1
CUST-13858,63,71405,RENT,0.1,PERSONAL,C,4560,12.39,0.064,14.6,83.78,629,N,35,0
CUST-13859,51,47607,RENT,6.4,DEBTCONSOLIDATION,B,10067,11.41,0.211,23.19,58.44,732,N,30,0
CUST-13860,25,27088,RENT,7.0,DEBTCONSOLIDATION,C,6716,13.82,0.248,14.8,30.86,668,N,6,0
CUST-13861,55,188067,OWN,6.4,VENTURE,A,5179,7.71,0.028,11.75,27.69,791,Y,35,0
CUST-13862,57,65241,MORTGAGE,7.3,HOMEIMPROVEMENT,C,11680,14.84,0.179,20.0,73.46,650,N,35,0
CUST-13863,30,44714,MORTGAGE,2.8,PERSONAL,C,7545,12.77,0.169,15.63,31.28,626,N,10,0
CUST-13864,52,114590,RENT,25.4,EDUCATION,A,16757,9.26,0.146,15.05,58.83,799,N,30,0
CUST-13865,43,148018,RENT,7.4,EDUCATION,A,4185,7.04,0.028,6.84,56.15,752,N,25,0
CUST-13866,42,44926,MORTGAGE,4.3,MEDICAL,B,1342,11.02,0.03,3.24,52.73,663,N,20,0
CUST-13867,34,60381,MORTGAGE,13.6,PERSONAL,C,10093,13.27,0.167,11.91,25.71,707,N,14,0
CUST-13868,46,27097,RENT,11.9,MEDICAL,C,4214,14.24,0.156,23.75,68.95,652,N,27,1
CUST-13869,30,44877,RENT,8.4,VENTURE,C,3962,12.3,0.088,32.7,24.32,684,N,11,1
CUST-13870,69,43502,MORTGAGE,4.1,PERSONAL,C,3986,13.63,0.092,14.69,53.59,660,N,35,0
CUST-13871,36,54769,MORTGAGE,3.7,PERSONAL,B,15363,10.52,0.281,25.09,99.24,734,N,16,0
CUST-13872,33,59853,RENT,2.0,PERSONAL,B,23157,11.02,0.387,23.02,89.01,723,N,11,1
CUST-13873,46,68589,MORTGAGE,1.4,VENTURE,A,11218,7.99,0.164,7.81,83.82,739,N,24,0
CUST-13874,37,56533,MORTGAGE,3.6,EDUCATION,A,3886,6.47,0.069,12.69,22.54,737,N,19,0
CUST-13875,47,23707,OWN,4.3,EDUCATION,B,3706,12.07,0.156,17.07,32.22,725,N,27,0
CUST-13876,66,27915,MORTGAGE,1.4,HOMEIMPROVEMENT,C,22786,13.43,0.816,22.91,41.04,654,N,35,1
CUST-13877,66,35318,RENT,12.8,PERSONAL,D,5604,17.38,0.159,16.16,66.8,610,N,35,1
CUST-13878,23,41384,MORTGAGE,4.1,MEDICAL,C,19602,11.99,0.474,11.06,60.87,635,N,2,1
CUST-13879,26,92084,MORTGAGE,3.7,VENTURE,B,13365,10.0,0.145,6.7,42.94,691,N,5,0
CUST-13880,64,24397,MORTGAGE,2.9,MEDICAL,A,16716,8.79,0.685,28.92,38.24,697,N,35,0
CUST-13881,54,39559,MORTGAGE,0.3,MEDICAL,B,17882,12.46,0.452,37.83,80.8,718,N,34,1
CUST-13882,67,86838,OWN,10.7,PERSONAL,A,8382,8.01,0.097,8.23,95.81,728,N,35,0
CUST-13883,28,40948,RENT,1.9,PERSONAL,B,8123,10.39,0.198,26.38,42.45,704,N,7,1
CUST-13884,27,64618,RENT,5.1,MEDICAL,A,7222,6.23,0.112,17.39,37.94,748,N,5,0
CUST-13885,64,45083,MORTGAGE,4.7,PERSONAL,A,9099,8.46,0.202,9.64,42.1,757,N,35,0
CUST-13886,36,57186,RENT,4.4,HOMEIMPROVEMENT,C,19491,13.87,0.341,20.15,21.46,651,N,16,0
CUST-13887,36,42741,RENT,3.7,EDUCATION,A,15643,5.0,0.366,11.2,36.48,766,N,14,0
CUST-13888,68,73147,RENT,1.0,EDUCATION,B,7582,8.42,0.104,17.33,63.47,669,N,35,0
CUST-13889,52,19398,MORTGAGE,1.6,EDUCATION,C,8810,13.92,0.454,25.11,28.42,647,N,34,0
CUST-13890,51,39419,RENT,3.7,HOMEIMPROVEMENT,C,4087,12.5,0.104,13.39,78.1,651,Y,33,0
CUST-13891,27,58567,MORTGAGE,7.8,VENTURE,A,16447,6.25,0.281,13.96,38.54,720,N,5,1
CUST-13892,38,67522,RENT,2.8,MEDICAL,A,6431,7.38,0.095,21.5,55.7,716,Y,19,0
CUST-13893,57,120062,RENT,1.1,MEDICAL,C,6761,13.91,0.056,2.43,59.96,630,N,35,0
CUST-13894,22,38769,RENT,0.5,EDUCATION,A,6313,9.22,0.163,11.06,21.98,756,Y,2,0
CUST-13895,24,119096,RENT,5.4,MEDICAL,D,14097,15.52,0.118,25.68,62.3,572,N,2,0
CUST-13896,32,33010,MORTGAGE,2.8,EDUCATION,A,10370,8.02,0.314,29.68,65.38,783,N,13,0
CUST-13897,66,108791,MORTGAGE,0.7,EDUCATION,B,2974,9.27,0.027,23.4,45.6,679,N,35,0
CUST-13898,65,80055,MORTGAGE,5.6,EDUCATION,A,7565,6.91,0.094,12.39,70.04,750,N,35,0
CUST-13899,50,28337,RENT,1.2,PERSONAL,B,3981,10.73,0.14,31.09,75.19,723,N,28,0
CUST-13900,35,58936,MORTGAGE,3.6,PERSONAL,D,22750,16.32,0.386,37.84,76.5,558,N,15,1
CUST-13901,69,47536,RENT,1.8,PERSONAL,B,1370,8.86,0.029,23.47,33.09,748,N,35,0
CUST-13902,51,71349,RENT,13.4,EDUCATION,C,3048,14.12,0.043,9.46,99.52,619,N,32,1
CUST-13903,41,42874,MORTGAGE,1.3,HOMEIMPROVEMENT,A,3704,8.39,0.086,10.97,42.2,796,N,21,0
CUST-13904,48,40767,MORTGAGE,2.7,VENTURE,E,16187,22.33,0.397,31.98,64.89,588,N,28,1
CUST-13905,41,111463,RENT,16.0,DEBTCONSOLIDATION,C,5033,13.77,0.045,18.27,50.4,587,N,23,1
CUST-13906,62,46201,RENT,1.9,EDUCATION,A,3169,7.71,0.069,5.53,74.86,745,N,35,0
CUST-13907,22,80487,OWN,4.0,EDUCATION,A,8199,7.86,0.102,9.19,76.28,723,Y,4,0
CUST-13908,29,42821,RENT,1.9,VENTURE,A,4634,5.86,0.108,7.19,60.13,807,N,9,0
CUST-13909,61,133252,OWN,0.6,MEDICAL,A,5243,5.95,0.039,12.52,20.6,757,N,35,0
CUST-13910,40,32630,OTHER,4.9,MEDICAL,E,2297,19.4,0.07,29.58,92.18,502,N,22,1
CUST-13911,35,33911,MORTGAGE,12.4,MEDICAL,B,6834,7.74,0.202,19.47,33.58,744,N,17,0
CUST-13912,31,122358,RENT,3.0,MEDICAL,A,11439,,0.093,16.75,47.02,769,N,13,0
CUST-13913,21,37535,MORTGAGE,3.0,VENTURE,B,13244,9.9,0.353,20.8,36.99,715,N,2,0
CUST-13914,60,128110,RENT,4.7,VENTURE,B,7523,11.71,0.059,10.75,52.6,701,N,35,1
CUST-13915,43,83709,RENT,2.7,DEBTCONSOLIDATION,A,8762,7.81,0.105,7.17,67.28,700,N,22,0
CUST-13916,54,44676,MORTGAGE,4.8,DEBTCONSOLIDATION,A,7490,5.68,0.168,17.7,88.07,805,Y,32,0
CUST-13917,49,16514,RENT,1.5,MEDICAL,A,8816,7.45,0.534,18.54,24.26,742,N,27,0
CUST-13918,49,48455,RENT,2.4,PERSONAL,B,15923,11.2,0.329,12.52,47.73,750,N,27,1
CUST-13919,66,52103,MORTGAGE,2.9,PERSONAL,B,17887,11.36,0.343,25.11,73.97,701,N,35,0
CUST-13920,54,98748,MORTGAGE,10.0,PERSONAL,D,2417,17.75,0.024,24.31,90.53,603,N,32,0
CUST-13921,38,127143,RENT,2.1,PERSONAL,B,10639,11.94,0.084,4.87,57.69,639,N,19,0
CUST-13922,69,32500,RENT,5.0,EDUCATION,B,13893,11.18,0.427,19.78,34.4,675,N,35,0
CUST-13923,27,79277,RENT,1.2,PERSONAL,E,6771,20.08,0.085,10.59,87.54,616,N,6,1
CUST-13924,45,77593,RENT,1.5,VENTURE,B,11330,10.78,0.146,21.96,66.37,725,N,27,0
CUST-13925,68,93344,MORTGAGE,5.2,PERSONAL,B,10897,11.51,0.117,22.04,51.92,718,N,35,0
CUST-13926,59,66119,MORTGAGE,7.2,MEDICAL,B,7664,9.55,0.116,7.11,51.98,721,N,35,0
CUST-13927,26,15283,MORTGAGE,3.1,PERSONAL,C,10073,13.25,0.659,27.85,84.48,650,N,8,0
CUST-13928,49,44656,RENT,,HOMEIMPROVEMENT,B,6087,9.66,0.136,26.36,42.42,684,N,30,0
CUST-13929,26,24503,RENT,8.0,HOMEIMPROVEMENT,B,4678,,0.191,19.05,48.11,672,N,4,0
CUST-13930,22,43409,RENT,0.7,EDUCATION,B,7028,10.19,0.162,19.01,96.62,684,N,1,1
CUST-13931,20,88256,RENT,2.0,DEBTCONSOLIDATION,B,7395,11.72,0.084,8.1,28.16,705,N,1,0
CUST-13932,55,58870,RENT,5.9,PERSONAL,D,6770,16.56,0.115,25.32,89.34,583,N,35,1
CUST-13933,44,97621,RENT,5.9,HOMEIMPROVEMENT,B,3011,11.78,0.031,14.25,46.53,701,N,25,0
CUST-13934,56,60177,RENT,13.7,MEDICAL,A,7588,5.0,0.126,12.39,50.69,753,Y,35,0
CUST-13935,20,22494,MORTGAGE,2.0,EDUCATION,B,8674,9.64,0.386,34.93,56.86,694,Y,1,1
CUST-13936,34,15000,MORTGAGE,1.8,PERSONAL,E,15302,,1.02,25.84,89.39,512,N,16,1
CUST-13937,56,53598,MORTGAGE,2.2,PERSONAL,C,12228,13.52,0.228,24.21,37.61,613,N,34,0
CUST-13938,32,43115,RENT,2.5,HOMEIMPROVEMENT,B,12832,11.77,0.298,22.2,36.25,694,N,12,0
CUST-13939,59,27277,OWN,0.2,VENTURE,F,4310,22.3,0.158,17.99,100.0,455,N,35,1
CUST-13940,27,17670,OWN,9.0,EDUCATION,B,12416,9.38,0.703,29.21,47.63,736,N,6,1
CUST-13941,24,31544,RENT,0.4,MEDICAL,F,9546,24.15,0.303,25.55,36.06,575,Y,3,1
CUST-13942,28,43621,MORTGAGE,6.0,PERSONAL,A,10645,6.7,0.244,25.57,11.44,780,N,7,0
CUST-13943,20,73095,MORTGAGE,2.0,PERSONAL,G,3927,23.61,0.054,21.64,69.47,510,N,1,1
CUST-13944,55,54895,MORTGAGE,9.3,DEBTCONSOLIDATION,A,12743,8.48,0.232,19.01,54.19,707,N,35,0
CUST-13945,54,128648,RENT,4.0,MEDICAL,C,9663,12.41,0.075,20.86,42.15,661,N,34,0
CUST-13946,21,26334,RENT,3.0,EDUCATION,C,6229,11.95,0.237,12.38,99.29,699,N,1,0
CUST-13947,59,83169,MORTGAGE,1.8,DEBTCONSOLIDATION,C,6660,12.58,0.08,9.01,44.63,610,Y,35,0
CUST-13948,42,50431,RENT,6.8,EDUCATION,C,7922,14.48,0.157,10.78,21.37,739,N,22,0
CUST-13949,28,74369,OWN,2.1,EDUCATION,B,8319,13.07,0.112,15.84,52.03,729,Y,6,0
CUST-13950,53,37725,MORTGAGE,11.7,EDUCATION,A,2706,7.51,0.072,24.91,26.21,713,N,31,0
CUST-13951,65,93247,RENT,0.9,MEDICAL,B,6642,9.63,0.071,33.99,86.52,665,N,35,1
CUST-13952,33,58520,MORTGAGE,1.9,MEDICAL,C,8435,14.98,0.144,17.88,70.9,632,N,12,1
CUST-13953,23,32608,MORTGAGE,3.5,PERSONAL,C,11174,12.76,0.343,11.62,32.85,648,N,4,0
CUST-13954,49,48668,RENT,7.5,VENTURE,A,6469,6.97,0.133,21.23,79.78,737,N,27,0
CUST-13955,50,42457,RENT,6.9,HOMEIMPROVEMENT,A,3947,8.0,0.093,15.91,44.73,652,N,31,0
CUST-13956,57,65742,OWN,1.2,VENTURE,B,9979,11.87,0.152,14.14,42.04,654,N,35,0
CUST-13957,30,24152,MORTGAGE,0.8,HOMEIMPROVEMENT,C,2623,13.58,0.109,22.54,57.08,650,N,10,0
CUST-13958,54,48165,RENT,1.8,EDUCATION,D,12339,16.07,0.256,19.96,69.22,617,N,32,0
CUST-13959,27,62142,RENT,3.3,PERSONAL,A,16104,,0.259,29.85,19.96,782,N,6,0
CUST-13960,22,50001,MORTGAGE,3.9,VENTURE,E,6412,18.7,0.128,12.44,86.87,547,N,1,0
CUST-13961,33,109992,MORTGAGE,2.8,PERSONAL,E,11283,18.83,0.103,15.73,86.59,575,Y,14,1
CUST-13962,32,77996,RENT,5.4,PERSONAL,A,7984,7.03,0.102,19.67,40.09,750,N,13,1
CUST-13963,64,48801,MORTGAGE,2.8,PERSONAL,B,4280,11.16,0.088,33.98,53.19,671,N,35,0
CUST-13964,51,55827,RENT,14.6,VENTURE,B,15252,9.94,0.273,16.03,53.47,722,N,31,1
CUST-13965,53,58536,RENT,1.5,PERSONAL,B,2792,11.48,0.048,15.73,40.97,717,N,35,0
CUST-13966,64,62441,MORTGAGE,4.9,EDUCATION,B,8862,10.44,0.142,13.42,69.88,781,N,35,0
CUST-13967,38,16392,RENT,4.7,PERSONAL,B,13170,10.12,0.803,37.97,83.17,737,N,19,1
CUST-13968,57,40908,OWN,1.7,VENTURE,A,15123,,0.37,16.8,30.49,696,N,35,0
CUST-13969,35,20117,RENT,2.7,MEDICAL,A,14879,7.47,0.74,24.02,34.11,783,N,15,0
CUST-13970,21,105553,MORTGAGE,2.3,EDUCATION,A,4488,8.04,0.043,14.65,38.82,700,N,1,0
CUST-13971,59,47263,RENT,0.9,VENTURE,C,8394,13.46,0.178,8.34,30.09,702,N,35,0
CUST-13972,36,43651,RENT,3.2,VENTURE,A,9773,7.78,0.224,7.26,39.73,740,N,18,0
CUST-13973,53,83958,MORTGAGE,2.4,MEDICAL,D,5429,15.57,0.065,24.53,54.56,621,N,33,0
CUST-13974,61,63158,MORTGAGE,1.0,EDUCATION,B,21453,9.64,0.34,11.0,28.96,746,N,35,0
CUST-13975,35,24904,MORTGAGE,3.0,MEDICAL,B,10072,10.49,0.404,16.88,48.92,716,N,14,0
CUST-13976,57,46979,MORTGAGE,2.7,DEBTCONSOLIDATION,D,5852,16.64,0.125,11.58,59.02,638,N,35,0
CUST-13977,21,40090,MORTGAGE,0.7,PERSONAL,A,2557,7.56,0.064,35.18,55.0,727,N,1,0
CUST-13978,21,17210,MORTGAGE,0.7,EDUCATION,A,2678,6.79,0.156,11.81,79.87,717,N,1,0
CUST-13979,45,32397,MORTGAGE,5.2,EDUCATION,F,20399,22.09,0.63,23.48,50.47,531,N,27,1
CUST-13980,32,43909,MORTGAGE,6.1,VENTURE,B,8351,10.53,0.19,16.73,77.26,723,N,11,0
CUST-13981,66,45753,MORTGAGE,14.2,VENTURE,A,1615,7.35,0.035,31.15,46.52,746,N,35,0
CUST-13982,50,20143,OWN,0.5,EDUCATION,A,4337,6.72,0.215,14.33,55.3,807,N,31,0
CUST-13983,53,97831,RENT,0.6,EDUCATION,D,15699,17.12,0.16,32.42,33.83,630,N,31,0
CUST-13984,58,46107,MORTGAGE,0.3,DEBTCONSOLIDATION,B,11688,10.49,0.253,7.1,56.05,689,N,35,0
CUST-13985,22,50137,RENT,3.8,VENTURE,A,3280,6.6,0.065,24.07,65.95,745,N,4,0
CUST-13986,27,62341,RENT,4.9,DEBTCONSOLIDATION,D,7119,16.35,0.114,15.56,59.4,591,N,5,0
CUST-13987,42,30551,RENT,2.6,HOMEIMPROVEMENT,B,3988,9.8,0.131,8.4,43.34,717,N,24,0
CUST-13988,33,64460,MORTGAGE,8.0,EDUCATION,F,7157,22.0,0.111,10.93,82.83,516,Y,15,0
CUST-13989,46,39330,MORTGAGE,5.8,PERSONAL,A,12423,9.21,0.316,25.56,56.18,757,N,28,0
CUST-13990,48,28625,MORTGAGE,21.3,VENTURE,B,2827,10.68,0.099,9.62,63.69,754,N,26,0
CUST-13991,58,69152,RENT,0.7,EDUCATION,A,5266,7.74,0.076,8.56,41.08,766,N,35,0
CUST-13992,58,119970,RENT,0.3,MEDICAL,B,4155,12.21,0.035,13.36,81.79,698,N,35,1
CUST-13993,20,75727,OWN,1.6,MEDICAL,A,2663,7.83,0.035,2.0,29.85,742,N,2,0
CUST-13994,36,85287,RENT,0.1,DEBTCONSOLIDATION,B,20901,11.02,0.245,17.09,51.02,746,N,17,1
CUST-13995,60,35868,RENT,13.5,PERSONAL,A,5149,7.67,0.144,14.05,13.53,764,N,35,0
CUST-13996,49,18796,RENT,1.8,PERSONAL,A,2629,7.04,0.14,8.7,70.55,777,N,31,0
CUST-13997,32,119860,MORTGAGE,,VENTURE,F,8742,22.54,0.073,10.56,56.31,510,N,13,1
CUST-13998,40,168166,RENT,1.9,HOMEIMPROVEMENT,A,7877,9.54,0.047,14.7,29.22,703,N,22,0
CUST-13999,38,123708,RENT,1.4,DEBTCONSOLIDATION,B,14244,8.91,0.115,22.73,38.15,745,N,16,0
CUST-14000,38,40075,MORTGAGE,0.8,MEDICAL,C,7473,12.95,0.186,14.42,71.12,687,N,16,0
CUST-14001,44,24519,RENT,1.9,PERSONAL,C,4935,12.48,0.201,13.1,82.61,613,N,24,0
CUST-14002,41,25863,MORTGAGE,4.8,EDUCATION,C,10123,12.61,0.391,14.93,93.67,679,Y,21,0
CUST-14003,50,17850,RENT,17.8,DEBTCONSOLIDATION,C,10364,14.97,0.581,29.62,41.81,698,N,32,1
CUST-14004,36,45962,RENT,4.1,MEDICAL,E,6683,19.31,0.145,7.36,100.0,556,Y,14,1
CUST-14005,42,128464,MORTGAGE,3.8,VENTURE,C,17727,14.37,0.138,20.45,75.5,648,N,24,0
CUST-14006,51,45026,MORTGAGE,0.2,EDUCATION,D,5202,15.7,0.116,16.64,43.99,677,N,32,0
CUST-14007,29,58770,MORTGAGE,9.2,PERSONAL,B,9389,9.73,0.16,19.79,38.58,744,N,11,0
CUST-14008,29,111899,MORTGAGE,0.2,MEDICAL,C,1613,12.28,0.014,15.33,92.04,624,Y,9,1
CUST-14009,55,38466,RENT,11.8,HOMEIMPROVEMENT,B,14086,12.23,0.366,14.61,63.18,678,N,34,1
CUST-14010,27,166261,RENT,3.9,DEBTCONSOLIDATION,A,2970,8.43,0.018,23.49,35.19,742,N,8,0
CUST-14011,39,161984,RENT,0.9,HOMEIMPROVEMENT,B,8870,9.24,0.055,31.26,52.54,709,N,19,0
CUST-14012,51,45312,MORTGAGE,3.0,MEDICAL,B,7152,11.87,0.158,20.68,82.21,719,N,29,1
CUST-14013,69,34664,MORTGAGE,26.5,VENTURE,B,8738,10.19,0.252,21.82,43.84,656,N,35,0
CUST-14014,33,74484,OWN,1.8,HOMEIMPROVEMENT,B,7737,11.04,0.104,18.43,53.74,679,N,13,0
CUST-14015,69,39794,RENT,1.6,PERSONAL,A,8816,7.56,0.222,12.15,36.71,685,N,35,0
CUST-14016,47,24491,MORTGAGE,0.6,DEBTCONSOLIDATION,B,8449,8.78,0.345,17.39,47.53,727,N,25,0
CUST-14017,65,105740,MORTGAGE,4.5,MEDICAL,E,6095,18.51,0.058,30.46,60.06,572,Y,35,1
CUST-14018,43,101708,MORTGAGE,0.5,DEBTCONSOLIDATION,B,5674,12.12,0.056,11.94,44.31,692,N,21,0
CUST-14019,34,53814,MORTGAGE,7.3,VENTURE,A,14706,8.63,0.273,10.26,57.1,735,N,16,0
CUST-14020,41,22977,MORTGAGE,12.6,PERSONAL,B,7658,9.27,0.333,22.34,38.36,694,N,19,0
CUST-14021,49,23441,RENT,13.4,PERSONAL,D,14129,16.75,0.603,16.52,65.87,624,N,31,0
CUST-14022,23,52278,RENT,0.6,EDUCATION,E,9402,19.24,0.18,17.68,92.55,528,Y,1,1
CUST-14023,32,36318,RENT,4.1,EDUCATION,D,2786,17.87,0.077,14.74,58.24,584,N,11,0
CUST-14024,42,39948,RENT,0.5,MEDICAL,A,4381,7.25,0.11,11.4,47.02,714,N,24,0
CUST-14025,27,90506,RENT,4.2,VENTURE,B,8464,9.58,0.094,17.21,55.49,610,N,9,0
CUST-14026,37,76107,RENT,8.4,MEDICAL,F,13454,22.88,0.177,15.26,100.0,592,N,17,1
CUST-14027,31,112070,RENT,3.9,PERSONAL,B,12401,11.93,0.111,17.51,51.89,724,N,9,0
CUST-14028,50,27054,MORTGAGE,10.3,DEBTCONSOLIDATION,A,8842,7.97,0.327,27.13,29.37,722,N,30,0
CUST-14029,33,39898,OWN,8.1,MEDICAL,A,6298,8.19,0.158,17.99,45.61,758,Y,14,0
CUST-14030,53,77295,MORTGAGE,1.6,HOMEIMPROVEMENT,F,6988,20.57,0.09,15.61,85.65,489,Y,35,1
CUST-14031,37,64141,RENT,5.0,PERSONAL,B,4247,8.97,0.066,14.59,50.87,718,N,16,0
CUST-14032,53,122937,RENT,0.0,HOMEIMPROVEMENT,E,7418,17.88,0.06,6.74,31.45,654,N,32,0
CUST-14033,30,63090,RENT,2.5,PERSONAL,A,2623,8.76,0.042,13.64,57.73,783,N,12,0
CUST-14034,60,148578,OWN,1.4,VENTURE,C,6408,13.04,0.043,29.17,49.82,581,N,35,0
CUST-14035,31,67779,MORTGAGE,13.0,VENTURE,A,24445,8.49,0.361,27.1,29.45,696,Y,13,1
CUST-14036,68,92716,RENT,2.6,DEBTCONSOLIDATION,A,4781,6.78,0.052,26.62,55.81,698,N,35,0
CUST-14037,34,40371,MORTGAGE,5.3,EDUCATION,B,3522,10.48,0.087,11.59,46.54,685,Y,15,1
CUST-14038,50,49442,RENT,6.6,PERSONAL,B,2788,9.53,0.056,8.29,57.79,698,N,31,0
CUST-14039,68,84674,OWN,7.4,HOMEIMPROVEMENT,C,5258,13.11,0.062,18.05,85.04,699,N,35,0
CUST-14040,48,129028,RENT,6.7,EDUCATION,F,4295,,0.033,8.01,62.49,482,Y,26,1
CUST-14041,45,75928,RENT,1.7,EDUCATION,A,7111,7.12,0.094,18.7,22.5,751,N,25,0
CUST-14042,37,46634,MORTGAGE,5.8,MEDICAL,A,18993,7.01,0.407,34.97,60.27,658,N,16,0
CUST-14043,51,112016,OWN,,PERSONAL,C,18111,11.47,0.162,11.25,78.08,614,Y,29,1
CUST-14044,41,15000,MORTGAGE,4.5,EDUCATION,D,5307,17.01,0.354,20.63,92.75,563,N,23,1
CUST-14045,57,20882,MORTGAGE,0.0,EDUCATION,C,9989,14.19,0.478,32.18,53.44,575,Y,35,1
CUST-14046,36,73790,RENT,1.5,EDUCATION,B,7417,9.71,0.101,4.72,48.56,727,N,18,0
CUST-14047,42,49437,RENT,13.3,MEDICAL,C,2187,12.05,0.044,5.51,55.98,627,N,21,0
CUST-14048,43,70495,OWN,1.7,EDUCATION,A,15580,9.58,0.221,20.97,34.84,756,N,25,0
CUST-14049,69,50952,MORTGAGE,2.9,HOMEIMPROVEMENT,A,2621,7.81,0.051,20.07,67.95,702,N,35,0
CUST-14050,27,69048,MORTGAGE,1.0,DEBTCONSOLIDATION,B,10832,7.64,0.157,7.21,28.86,741,N,5,0
CUST-14051,60,30072,RENT,0.7,PERSONAL,D,11040,15.99,0.367,18.75,59.21,577,N,35,1
CUST-14052,25,69029,MORTGAGE,1.2,HOMEIMPROVEMENT,B,4640,9.72,0.067,16.52,77.21,739,N,4,0
CUST-14053,24,89022,RENT,4.0,DEBTCONSOLIDATION,B,7163,9.63,0.08,17.44,62.07,738,N,2,0
CUST-14054,63,101959,MORTGAGE,12.6,VENTURE,B,8829,11.81,0.087,4.2,76.25,709,N,35,0
CUST-14055,48,164083,MORTGAGE,2.0,DEBTCONSOLIDATION,B,11895,10.8,0.072,19.66,29.61,712,N,30,0
CUST-14056,47,56752,MORTGAGE,2.0,EDUCATION,D,9993,17.26,0.176,9.06,51.99,575,Y,28,1
CUST-14057,30,57777,MORTGAGE,4.2,HOMEIMPROVEMENT,B,15086,10.33,0.261,30.16,31.45,643,N,11,1
CUST-14058,20,19655,RENT,2.0,VENTURE,A,4418,8.52,0.225,6.94,27.92,757,N,1,0
CUST-14059,62,35637,RENT,12.1,EDUCATION,C,9948,13.05,0.279,19.42,57.36,658,N,35,0
CUST-14060,38,43658,OWN,2.4,VENTURE,B,3959,10.78,0.091,6.88,50.85,687,N,20,0
CUST-14061,28,92059,RENT,3.4,MEDICAL,C,12242,14.08,0.133,6.97,73.98,621,N,8,0
CUST-14062,46,33975,MORTGAGE,3.8,PERSONAL,D,9274,15.75,0.273,12.68,98.15,580,Y,24,1
CUST-14063,53,79047,MORTGAGE,7.6,PERSONAL,A,9340,5.0,0.118,28.29,30.92,698,N,31,0
CUST-14064,63,48973,MORTGAGE,4.1,VENTURE,B,4957,8.47,0.101,12.08,40.59,733,N,35,0
CUST-14065,23,44077,OWN,1.4,VENTURE,B,14746,13.27,0.335,17.48,62.49,676,N,1,0
CUST-14066,55,56916,MORTGAGE,0.7,MEDICAL,B,7385,11.28,0.13,12.01,74.0,667,N,35,1
CUST-14067,37,38766,OWN,13.9,MEDICAL,D,2540,17.34,0.066,9.03,46.97,632,N,15,0
CUST-14068,34,37895,RENT,8.1,PERSONAL,C,2887,15.21,0.076,3.84,80.37,632,N,13,0
CUST-14069,32,17625,MORTGAGE,0.1,MEDICAL,C,7951,12.15,0.451,24.34,36.51,629,N,12,0
CUST-14070,38,42244,MORTGAGE,8.6,HOMEIMPROVEMENT,D,8059,15.63,0.191,17.17,45.86,650,N,17,0
CUST-14071,68,36754,RENT,4.5,HOMEIMPROVEMENT,A,24607,6.17,0.67,36.03,62.52,710,N,35,1
CUST-14072,25,35968,MORTGAGE,3.7,VENTURE,C,17919,16.33,0.498,25.44,66.44,612,N,6,1
CUST-14073,67,62951,MORTGAGE,0.1,DEBTCONSOLIDATION,C,8243,12.3,0.131,28.34,99.69,584,Y,35,1
CUST-14074,31,72778,MORTGAGE,7.6,HOMEIMPROVEMENT,D,11850,18.01,0.163,12.97,82.5,609,N,13,0
CUST-14075,56,56348,RENT,1.1,PERSONAL,B,3391,9.71,0.06,16.34,100.0,679,N,34,1
CUST-14076,36,89076,MORTGAGE,6.5,EDUCATION,B,17862,10.6,0.201,13.58,71.25,765,N,17,0
CUST-14077,42,69240,RENT,0.1,PERSONAL,A,11245,9.02,0.162,9.61,44.54,729,N,20,0
CUST-14078,45,41067,MORTGAGE,8.0,MEDICAL,D,7151,16.84,0.174,6.31,45.94,633,N,23,1
CUST-14079,48,37133,RENT,0.1,HOMEIMPROVEMENT,B,5905,10.34,0.159,16.55,75.67,670,N,27,0
CUST-14080,52,59141,MORTGAGE,1.3,PERSONAL,B,1313,13.22,0.022,7.84,67.46,729,N,32,0
CUST-14081,46,69165,RENT,1.6,HOMEIMPROVEMENT,A,8488,5.3,0.123,20.98,35.8,801,N,25,0
CUST-14082,44,113403,RENT,0.9,MEDICAL,B,4712,9.37,0.042,22.24,38.36,682,N,23,0
CUST-14083,29,100177,RENT,3.3,VENTURE,A,12722,7.13,0.127,8.74,29.39,744,N,8,0
CUST-14084,66,35422,RENT,,PERSONAL,E,11643,20.75,0.329,32.88,77.39,562,N,35,1
CUST-14085,42,46110,MORTGAGE,24.0,PERSONAL,D,7625,15.9,0.165,9.19,98.59,619,Y,21,1
CUST-14086,40,73321,MORTGAGE,4.3,VENTURE,A,13910,8.66,0.19,22.24,47.93,785,N,22,0
CUST-14087,40,93041,RENT,4.2,HOMEIMPROVEMENT,B,26004,8.43,0.279,18.24,80.24,678,N,18,0
CUST-14088,62,86110,RENT,1.2,HOMEIMPROVEMENT,B,8979,11.88,0.104,13.76,57.82,737,N,35,0
CUST-14089,32,47177,RENT,2.6,VENTURE,D,7599,17.57,0.161,12.14,55.91,617,Y,13,0
CUST-14090,56,23099,MORTGAGE,0.7,EDUCATION,C,8587,,0.372,16.41,45.73,705,N,35,0
CUST-14091,52,26920,RENT,7.2,PERSONAL,G,4130,24.46,0.153,30.63,59.4,512,Y,30,1
CUST-14092,43,57732,RENT,2.0,HOMEIMPROVEMENT,B,10439,10.18,0.181,7.07,46.06,651,N,22,1
CUST-14093,63,60194,RENT,7.0,PERSONAL,A,9913,8.04,0.165,7.81,24.38,775,Y,35,0
CUST-14094,30,25356,RENT,2.3,VENTURE,B,10833,11.89,0.427,21.63,71.66,700,N,10,1
CUST-14095,36,50349,RENT,18.0,MEDICAL,C,9159,12.68,0.182,25.29,25.31,640,N,17,0
CUST-14096,23,71591,RENT,0.9,MEDICAL,A,13664,7.94,0.191,9.41,34.75,768,N,3,0
CUST-14097,66,24569,MORTGAGE,0.0,MEDICAL,A,12524,7.79,0.51,31.26,64.66,723,N,35,0
CUST-14098,44,95129,MORTGAGE,4.5,DEBTCONSOLIDATION,D,13716,16.65,0.144,13.04,54.55,603,N,24,0
CUST-14099,49,39084,RENT,15.3,HOMEIMPROVEMENT,C,4857,15.25,0.124,12.87,38.65,632,N,28,1
CUST-14100,28,104252,MORTGAGE,5.2,HOMEIMPROVEMENT,A,22780,7.69,0.219,9.95,53.98,774,N,10,1
CUST-14101,40,35593,RENT,0.4,EDUCATION,D,13228,15.04,0.372,33.44,29.85,599,Y,20,1
CUST-14102,39,26476,OWN,3.9,PERSONAL,A,10293,8.39,0.389,10.31,54.84,755,N,17,0
CUST-14103,38,37239,RENT,12.0,DEBTCONSOLIDATION,A,19697,9.42,0.529,24.07,70.64,756,N,17,0
CUST-14104,38,46300,MORTGAGE,0.0,PERSONAL,B,24710,10.67,0.534,31.81,28.11,717,N,18,0
CUST-14105,31,38828,MORTGAGE,0.9,MEDICAL,D,12681,18.12,0.327,29.64,61.63,593,Y,11,1
CUST-14106,56,43062,RENT,8.4,EDUCATION,C,4132,13.0,0.096,3.25,63.86,692,N,35,0
CUST-14107,61,59896,OWN,11.2,MEDICAL,B,6663,11.0,0.111,9.36,41.16,736,N,35,0
CUST-14108,36,44235,MORTGAGE,6.1,EDUCATION,A,7472,5.62,0.169,15.86,39.84,816,N,15,0
CUST-14109,56,47114,MORTGAGE,23.9,HOMEIMPROVEMENT,C,13887,12.77,0.295,8.12,91.57,618,Y,35,1
CUST-14110,67,17579,RENT,0.5,DEBTCONSOLIDATION,B,13181,10.7,0.75,30.95,52.28,706,N,35,1
CUST-14111,58,62008,RENT,3.9,EDUCATION,F,11921,22.8,0.192,29.91,78.36,474,Y,35,0
CUST-14112,47,46466,MORTGAGE,5.8,PERSONAL,C,6865,14.02,0.148,21.37,53.0,611,N,28,1
CUST-14113,60,128820,RENT,6.1,VENTURE,A,11319,9.04,0.088,5.79,72.95,776,N,35,0
CUST-14114,54,27896,MORTGAGE,7.9,EDUCATION,C,18282,11.67,0.655,15.97,86.24,646,N,35,1
CUST-14115,66,16564,RENT,12.5,DEBTCONSOLIDATION,A,7343,9.26,0.443,36.65,32.04,716,N,35,0
CUST-14116,67,71028,MORTGAGE,2.2,PERSONAL,F,1717,21.14,0.024,4.15,82.17,557,Y,35,1
CUST-14117,37,60349,MORTGAGE,0.2,PERSONAL,A,7205,6.03,0.119,9.32,61.8,762,N,16,0
CUST-14118,33,26767,RENT,2.3,VENTURE,A,8461,8.74,0.316,27.55,27.45,666,Y,13,0
CUST-14119,54,19577,MORTGAGE,5.6,VENTURE,B,10342,9.17,0.528,17.88,54.47,739,N,35,0
CUST-14120,63,123307,RENT,1.2,MEDICAL,A,13986,9.2,0.113,32.2,80.54,752,N,35,0
CUST-14121,60,114515,RENT,8.3,EDUCATION,B,2789,7.88,0.024,2.0,40.78,681,N,35,0
CUST-14122,26,15000,RENT,1.2,EDUCATION,B,5206,9.59,0.347,14.34,68.91,653,N,7,0
CUST-14123,60,37237,RENT,0.1,EDUCATION,B,3172,11.55,0.085,9.79,55.24,716,N,35,0
CUST-14124,32,133054,RENT,3.5,EDUCATION,B,15670,11.31,0.118,14.31,100.0,683,N,14,0
CUST-14125,37,36840,OWN,6.5,HOMEIMPROVEMENT,D,14223,13.34,0.386,24.65,100.0,605,N,18,1
CUST-14126,56,36520,RENT,2.2,PERSONAL,B,9052,9.7,0.248,6.16,60.46,702,N,35,0
CUST-14127,32,41371,RENT,6.9,EDUCATION,E,5727,17.44,0.138,16.62,37.11,588,Y,10,1
CUST-14128,55,25020,RENT,2.9,VENTURE,A,25962,7.67,1.038,37.11,68.71,760,N,35,1
CUST-14129,50,17626,RENT,0.9,PERSONAL,A,6269,7.56,0.356,21.54,14.69,803,N,32,0
CUST-14130,21,92182,MORTGAGE,0.5,HOMEIMPROVEMENT,C,12466,13.2,0.135,18.66,60.53,588,Y,1,1
CUST-14131,35,16223,RENT,6.2,VENTURE,A,4727,7.37,0.291,19.22,44.34,730,N,14,0
CUST-14132,28,56860,MORTGAGE,2.4,PERSONAL,B,24931,9.18,0.438,16.66,39.8,738,N,6,0
CUST-14133,28,83445,RENT,10.0,HOMEIMPROVEMENT,D,17196,15.62,0.206,12.93,35.59,682,N,9,0
CUST-14134,57,20522,MORTGAGE,3.9,MEDICAL,B,10006,11.78,0.488,17.06,80.25,741,N,35,1
CUST-14135,30,28153,RENT,2.1,VENTURE,B,8963,9.91,0.318,28.97,35.15,718,N,10,0
CUST-14136,41,101509,RENT,2.1,HOMEIMPROVEMENT,C,4370,,0.043,29.05,69.17,681,N,23,0
CUST-14137,52,67490,MORTGAGE,0.7,HOMEIMPROVEMENT,A,9721,8.87,0.144,9.17,24.06,780,N,32,0
CUST-14138,55,33847,RENT,4.5,EDUCATION,B,8146,9.09,0.241,9.92,55.23,680,N,35,0
CUST-14139,64,100845,MORTGAGE,4.4,EDUCATION,A,9732,9.28,0.097,23.28,61.64,771,N,35,0
CUST-14140,42,101105,MORTGAGE,8.0,EDUCATION,A,16257,9.38,0.161,12.97,24.26,716,N,22,0
CUST-14141,64,57608,RENT,1.1,VENTURE,A,19344,6.28,0.336,25.78,45.5,755,N,35,0
CUST-14142,64,28564,MORTGAGE,1.7,DEBTCONSOLIDATION,D,3897,17.6,0.136,7.43,56.47,593,Y,35,0
CUST-14143,53,38251,OWN,0.5,PERSONAL,A,8241,,0.215,6.95,56.61,767,N,32,0
CUST-14144,28,58211,MORTGAGE,1.8,PERSONAL,B,8280,10.62,0.142,17.09,21.94,682,N,7,0
CUST-14145,43,43776,OWN,2.8,HOMEIMPROVEMENT,A,6893,6.29,0.157,18.36,35.09,753,Y,25,0
CUST-14146,27,86109,RENT,9.0,EDUCATION,B,6748,11.11,0.078,29.05,26.42,665,N,7,0
CUST-14147,26,19577,MORTGAGE,5.3,EDUCATION,B,3639,10.88,0.186,26.31,50.93,687,N,4,0
CUST-14148,55,19999,OWN,7.6,PERSONAL,B,12536,10.17,0.627,27.38,36.37,741,N,35,0
CUST-14149,37,54640,RENT,2.0,EDUCATION,C,6357,12.19,0.116,11.65,39.44,585,N,17,0
CUST-14150,22,36500,OWN,0.8,DEBTCONSOLIDATION,E,7780,20.6,0.213,19.33,65.83,572,N,2,1
CUST-14151,47,33650,RENT,1.5,DEBTCONSOLIDATION,B,7582,10.46,0.225,15.3,43.07,749,N,25,1
CUST-14152,25,16969,OWN,1.5,EDUCATION,A,2537,6.65,0.15,20.03,50.42,781,N,7,0
CUST-14153,63,49599,RENT,4.4,DEBTCONSOLIDATION,D,5699,15.88,0.115,15.18,38.97,613,N,35,0
CUST-14154,63,47493,RENT,2.1,EDUCATION,F,16115,21.89,0.339,40.83,86.05,556,Y,35,1
CUST-14155,40,72554,MORTGAGE,9.7,HOMEIMPROVEMENT,B,18707,10.38,0.258,24.46,91.95,674,N,18,0
CUST-14156,47,51089,RENT,22.3,EDUCATION,B,11000,10.87,0.215,8.93,51.24,726,N,29,0
CUST-14157,59,45271,RENT,2.1,HOMEIMPROVEMENT,A,1781,8.65,0.039,9.47,48.18,793,N,35,0
CUST-14158,20,99329,RENT,2.0,EDUCATION,B,18354,11.76,0.185,11.44,60.56,708,N,1,0
CUST-14159,55,22303,MORTGAGE,5.4,PERSONAL,B,3967,10.23,0.178,15.52,36.24,735,N,35,1
CUST-14160,40,67631,OWN,1.1,DEBTCONSOLIDATION,G,3795,25.01,0.056,15.24,71.93,464,Y,22,1
CUST-14161,62,17985,RENT,12.5,EDUCATION,A,13426,7.26,0.747,42.83,64.75,709,N,35,1
CUST-14162,54,29643,RENT,1.1,DEBTCONSOLIDATION,B,10614,11.96,0.358,9.61,75.15,727,N,35,0
CUST-14163,32,23680,RENT,6.7,PERSONAL,B,15417,10.34,0.651,34.52,60.52,787,N,13,0
CUST-14164,68,78367,MORTGAGE,2.1,PERSONAL,B,20766,10.65,0.265,16.08,57.99,703,N,35,0
CUST-14165,29,47134,RENT,2.3,HOMEIMPROVEMENT,B,10876,10.47,0.231,9.03,40.83,731,N,11,0
CUST-14166,63,48625,RENT,3.0,MEDICAL,F,17341,22.55,0.357,22.78,94.25,427,N,35,1
CUST-14167,66,25234,RENT,10.0,MEDICAL,B,3935,11.26,0.156,18.4,40.44,721,N,35,0
CUST-14168,29,40953,MORTGAGE,0.8,PERSONAL,E,9528,21.16,0.233,47.4,49.24,553,Y,11,0
CUST-14169,65,31005,MORTGAGE,0.3,MEDICAL,A,16402,8.95,0.529,40.05,37.51,820,N,35,0
CUST-14170,32,61702,MORTGAGE,2.6,EDUCATION,A,5817,7.55,0.094,11.19,22.14,777,N,10,0
CUST-14171,56,27047,RENT,0.3,MEDICAL,E,12769,19.45,0.472,20.78,94.48,573,Y,34,1
CUST-14172,57,108866,MORTGAGE,5.8,VENTURE,A,16866,7.23,0.155,10.2,25.85,731,N,35,0
CUST-14173,43,17937,MORTGAGE,7.1,VENTURE,C,8514,14.71,0.475,19.25,42.46,695,N,25,0
CUST-14174,21,30214,RENT,3.0,DEBTCONSOLIDATION,B,8225,10.79,0.272,15.32,71.85,746,N,3,1
CUST-14175,41,134097,RENT,6.8,VENTURE,B,13771,13.45,0.103,28.85,34.38,672,N,19,0
CUST-14176,36,37756,RENT,12.4,EDUCATION,C,2058,13.42,0.055,10.4,44.53,691,N,15,0
CUST-14177,55,22271,MORTGAGE,6.9,EDUCATION,C,6495,15.33,0.292,23.46,63.63,686,N,35,1
CUST-14178,33,55906,MORTGAGE,13.8,MEDICAL,E,1796,21.34,0.032,15.97,73.06,580,N,15,0
CUST-14179,29,36855,MORTGAGE,1.1,EDUCATION,A,9650,9.3,0.262,25.09,38.36,779,N,9,0
CUST-14180,54,29687,RENT,3.5,EDUCATION,C,12200,13.1,0.411,23.65,47.59,670,N,34,1
CUST-14181,44,25399,RENT,25.5,HOMEIMPROVEMENT,B,6688,10.4,0.263,18.25,81.96,664,N,24,0
CUST-14182,22,258079,OWN,4.0,HOMEIMPROVEMENT,C,8148,13.31,0.032,9.94,40.77,663,Y,3,0
CUST-14183,66,42153,RENT,10.5,VENTURE,A,5128,9.27,0.122,17.65,27.54,746,Y,35,0
CUST-14184,57,15439,OWN,0.2,MEDICAL,B,5687,9.96,0.368,18.99,40.41,662,N,35,0
CUST-14185,36,120117,MORTGAGE,10.3,MEDICAL,A,13902,6.81,0.116,19.02,56.22,723,N,17,0
CUST-14186,31,70731,RENT,6.0,VENTURE,B,7603,11.33,0.107,32.52,55.67,642,N,12,1
CUST-14187,43,30949,RENT,0.9,HOMEIMPROVEMENT,C,7619,11.91,0.246,33.47,100.0,589,Y,24,1
CUST-14188,48,28004,OWN,0.1,VENTURE,A,9435,8.42,0.337,26.91,45.78,730,N,26,0
CUST-14189,62,73429,RENT,1.5,PERSONAL,C,23024,12.13,0.314,15.98,68.16,689,N,35,0
CUST-14190,44,42270,MORTGAGE,12.4,VENTURE,B,12508,10.01,0.296,18.23,63.58,655,N,24,1
CUST-14191,55,15435,RENT,5.5,VENTURE,A,7480,8.89,0.485,18.05,59.99,708,N,35,1
CUST-14192,45,143249,MORTGAGE,12.6,PERSONAL,B,12252,9.83,0.086,22.52,30.97,767,N,24,0
CUST-14193,57,37782,MORTGAGE,3.0,PERSONAL,D,9946,16.87,0.263,17.21,100.0,577,Y,35,1
CUST-14194,20,120251,OWN,2.0,HOMEIMPROVEMENT,F,7296,23.45,0.061,13.09,69.99,531,Y,2,1
CUST-14195,39,105562,MORTGAGE,3.1,MEDICAL,B,1111,9.13,0.011,31.22,24.06,718,N,21,0
CUST-14196,47,26886,MORTGAGE,1.1,HOMEIMPROVEMENT,A,12268,7.71,0.456,12.83,30.05,743,N,27,1
CUST-14197,35,91118,RENT,0.8,PERSONAL,A,15252,8.28,0.167,10.11,44.04,748,N,17,0
CUST-14198,66,33161,RENT,25.4,PERSONAL,C,2102,11.8,0.063,21.41,49.43,622,N,35,0
CUST-14199,36,15994,RENT,2.0,PERSONAL,C,10846,12.25,0.678,23.62,31.08,627,N,14,0
CUST-14200,59,37996,RENT,0.9,MEDICAL,A,17998,9.44,0.474,18.87,18.42,761,N,35,0
CUST-14201,47,62229,RENT,0.0,MEDICAL,B,4428,9.12,0.071,15.34,85.19,658,N,26,0
CUST-14202,31,37136,RENT,1.7,HOMEIMPROVEMENT,D,7914,16.08,0.213,10.32,56.34,660,N,12,0
CUST-14203,46,40772,OWN,11.0,VENTURE,B,8440,8.08,0.207,23.74,45.95,637,N,25,0
CUST-14204,61,97356,MORTGAGE,3.8,DEBTCONSOLIDATION,C,16757,12.56,0.172,23.95,43.04,657,N,35,0
CUST-14205,66,52255,RENT,5.0,PERSONAL,A,5105,8.43,0.098,34.16,50.74,713,N,35,0
CUST-14206,49,29555,OTHER,12.8,PERSONAL,C,15558,14.65,0.526,23.41,59.23,667,N,30,0
CUST-14207,60,74698,RENT,3.6,PERSONAL,B,19694,11.45,0.264,16.01,37.35,666,N,35,0
CUST-14208,53,55193,RENT,9.1,MEDICAL,B,11675,,0.212,21.46,26.16,721,N,34,0
CUST-14209,56,15000,MORTGAGE,2.0,EDUCATION,B,6632,9.21,0.442,29.07,13.5,729,N,34,0
CUST-14210,25,63386,RENT,7.0,VENTURE,B,2799,11.0,0.044,14.64,19.87,732,N,5,0
CUST-14211,26,62012,MORTGAGE,0.4,PERSONAL,B,7553,9.97,0.122,13.91,17.16,683,N,6,0
CUST-14212,51,49616,RENT,6.5,PERSONAL,A,5804,5.57,0.117,18.7,64.27,803,N,31,0
CUST-14213,51,83702,RENT,5.4,MEDICAL,F,3356,22.03,0.04,12.69,77.82,532,N,32,0
CUST-14214,44,32746,RENT,1.1,EDUCATION,D,14227,18.02,0.434,41.07,65.31,609,N,22,1
CUST-14215,52,59988,OWN,2.5,HOMEIMPROVEMENT,B,6514,11.83,0.109,24.69,76.44,719,N,34,0
CUST-14216,26,19145,MORTGAGE,1.9,HOMEIMPROVEMENT,A,11626,8.91,0.607,21.03,64.73,693,N,5,1
CUST-14217,31,62583,MORTGAGE,0.5,PERSONAL,A,3531,7.86,0.056,9.97,69.55,742,N,11,0
CUST-14218,35,158234,MORTGAGE,4.4,HOMEIMPROVEMENT,D,7093,15.38,0.045,10.24,31.03,623,N,17,0
CUST-14219,35,26986,RENT,17.0,MEDICAL,E,18696,20.2,0.693,24.94,51.57,550,N,16,1
CUST-14220,62,31073,MORTGAGE,4.1,MEDICAL,A,6439,7.68,0.207,16.87,16.95,749,Y,35,0
CUST-14221,55,32015,RENT,3.9,PERSONAL,C,6576,13.19,0.205,19.14,46.1,709,N,35,0
CUST-14222,32,52997,RENT,0.2,VENTURE,C,8949,14.3,0.169,32.44,86.07,622,N,14,0
CUST-14223,26,25904,MORTGAGE,0.7,PERSONAL,B,4503,,0.174,17.87,19.71,728,N,6,1
CUST-14224,55,63117,RENT,3.6,EDUCATION,B,11030,9.76,0.175,19.94,38.47,678,N,35,0
CUST-14225,66,81479,RENT,21.1,PERSONAL,C,14532,12.7,0.178,21.12,49.4,653,N,35,0
CUST-14226,28,67548,MORTGAGE,10.0,MEDICAL,A,10272,6.12,0.152,16.98,64.03,769,N,7,1
CUST-14227,51,16965,MORTGAGE,2.1,VENTURE,A,4915,7.81,0.29,23.92,72.85,779,N,30,0
CUST-14228,30,89063,MORTGAGE,3.9,HOMEIMPROVEMENT,A,7008,8.59,0.079,14.16,84.96,763,N,11,1
CUST-14229,27,86027,RENT,4.0,VENTURE,D,11503,15.79,0.134,3.58,61.78,636,N,7,1
CUST-14230,52,80667,RENT,5.8,DEBTCONSOLIDATION,B,13853,9.22,0.172,13.95,66.7,694,N,32,1
CUST-14231,42,61310,MORTGAGE,5.8,VENTURE,B,17571,11.1,0.287,12.12,33.77,685,Y,24,0
CUST-14232,44,55944,MORTGAGE,7.8,EDUCATION,C,5120,15.39,0.092,14.27,56.05,686,N,24,0
CUST-14233,27,91074,MORTGAGE,0.1,MEDICAL,F,16091,24.39,0.177,13.46,70.64,466,Y,7,1
CUST-14234,64,155454,OWN,14.4,MEDICAL,A,13334,9.32,0.086,25.43,46.34,736,N,35,0
CUST-14235,41,27671,OWN,,MEDICAL,A,14226,7.44,0.514,19.83,100.0,741,N,23,0
CUST-14236,23,93608,RENT,3.2,MEDICAL,A,11700,6.42,0.125,19.79,49.07,756,N,1,0
CUST-14237,59,46549,MORTGAGE,12.6,VENTURE,D,4272,17.23,0.092,16.69,77.72,642,N,35,1
CUST-14238,22,45351,MORTGAGE,3.3,PERSONAL,B,8542,10.42,0.188,9.01,27.85,707,N,1,0
CUST-14239,48,19498,MORTGAGE,0.3,VENTURE,C,2075,13.26,0.106,11.91,47.62,642,N,28,0
CUST-14240,60,41321,RENT,1.3,PERSONAL,A,9600,9.78,0.232,23.85,54.44,779,N,35,0
CUST-14241,48,26947,MORTGAGE,4.3,PERSONAL,B,6720,12.16,0.249,31.93,48.68,710,N,26,0
CUST-14242,53,37111,OWN,0.5,MEDICAL,A,1000,8.26,0.027,19.65,15.41,755,N,33,0
CUST-14243,53,25364,MORTGAGE,2.8,MEDICAL,B,4499,10.38,0.177,6.26,67.18,756,N,32,0
CUST-14244,47,37445,MORTGAGE,2.0,PERSONAL,A,35098,7.51,0.937,21.72,32.34,784,N,29,1
CUST-14245,32,38420,RENT,8.4,MEDICAL,B,4701,8.65,0.122,9.19,31.62,793,N,10,0
CUST-14246,34,51950,RENT,0.6,MEDICAL,C,4311,14.76,0.083,11.48,100.0,582,N,14,1
CUST-14247,42,18604,RENT,5.7,PERSONAL,E,15469,21.06,0.831,26.49,45.16,615,N,21,1
CUST-14248,63,20592,RENT,2.6,VENTURE,A,5329,6.58,0.259,9.75,35.2,802,N,35,0
CUST-14249,45,60909,MORTGAGE,4.4,EDUCATION,C,6191,12.75,0.102,32.53,75.87,626,N,25,1
CUST-14250,23,30379,RENT,1.2,HOMEIMPROVEMENT,D,11808,17.67,0.389,19.45,84.9,606,Y,5,1
CUST-14251,45,93406,MORTGAGE,4.7,EDUCATION,A,8120,7.11,0.087,13.33,14.42,753,N,23,0
CUST-14252,59,56115,RENT,5.6,MEDICAL,B,8184,11.86,0.146,8.36,38.56,684,N,35,0
CUST-14253,28,70548,RENT,0.4,HOMEIMPROVEMENT,B,4537,9.56,0.064,12.67,64.12,688,N,7,0
CUST-14254,24,114280,RENT,6.0,HOMEIMPROVEMENT,A,13634,7.13,0.119,25.5,17.31,850,N,2,0
CUST-14255,51,40707,OWN,9.9,HOMEIMPROVEMENT,A,11288,8.12,0.277,12.26,59.62,750,N,32,0
CUST-14256,39,34728,RENT,0.3,PERSONAL,A,4667,7.11,0.134,7.3,79.83,771,N,21,0
CUST-14257,69,82703,RENT,4.6,PERSONAL,B,8352,10.04,0.101,22.26,23.72,713,N,35,0
CUST-14258,30,66549,MORTGAGE,4.5,VENTURE,A,12754,7.02,0.192,24.25,33.89,753,N,8,0
CUST-14259,34,43809,OTHER,0.1,EDUCATION,A,5496,8.33,0.125,18.82,43.06,711,N,15,0
CUST-14260,51,112969,MORTGAGE,2.1,DEBTCONSOLIDATION,C,8891,14.66,0.079,19.8,89.18,684,N,29,0
CUST-14261,47,43159,RENT,17.4,EDUCATION,B,1964,11.09,0.046,27.05,70.47,698,N,27,0
CUST-14262,41,49994,RENT,4.1,EDUCATION,A,12467,6.66,0.249,17.68,65.59,696,N,19,0
CUST-14263,60,49649,OWN,13.5,MEDICAL,B,5356,12.14,0.108,26.67,79.92,706,N,35,1
CUST-14264,36,27979,MORTGAGE,5.6,HOMEIMPROVEMENT,G,9063,24.81,0.324,12.78,55.57,511,N,15,0
CUST-14265,45,51356,MORTGAGE,0.1,EDUCATION,A,13349,8.76,0.26,21.07,47.28,791,N,23,0
CUST-14266,63,113329,RENT,0.4,DEBTCONSOLIDATION,A,10385,5.95,0.092,2.73,56.88,703,N,35,0
CUST-14267,26,64021,RENT,6.4,MEDICAL,A,4170,8.9,0.065,13.85,25.42,746,N,6,0
CUST-14268,61,49943,RENT,4.0,HOMEIMPROVEMENT,A,6285,7.05,0.126,6.7,72.34,726,Y,35,0
CUST-14269,45,44486,MORTGAGE,0.7,MEDICAL,B,10773,9.97,0.242,17.83,54.96,671,N,24,0
CUST-14270,44,59785,RENT,4.8,HOMEIMPROVEMENT,F,1635,22.49,0.027,12.93,53.01,538,N,26,1
CUST-14271,29,76869,OTHER,8.3,PERSONAL,B,10189,8.04,0.133,24.16,37.86,684,N,11,0
CUST-14272,64,70653,RENT,,HOMEIMPROVEMENT,B,4365,10.92,0.062,14.79,61.04,718,N,35,0
CUST-14273,38,40170,MORTGAGE,1.4,MEDICAL,B,11460,10.17,0.285,16.77,58.15,669,N,16,0
CUST-14274,30,59567,RENT,1.5,MEDICAL,A,9928,,0.167,8.75,14.17,745,N,9,0
CUST-14275,32,65379,MORTGAGE,14.0,PERSONAL,A,14153,7.83,0.216,32.15,57.21,760,N,13,0
CUST-14276,27,26787,RENT,9.0,VENTURE,C,13024,12.31,0.486,24.94,46.32,665,Y,7,1
CUST-14277,59,54227,MORTGAGE,1.9,PERSONAL,B,13119,9.54,0.242,16.25,49.08,707,N,35,0
CUST-14278,23,15000,MORTGAGE,5.0,PERSONAL,A,8619,5.0,0.575,18.39,73.45,749,N,1,0
CUST-14279,66,65481,RENT,0.9,PERSONAL,A,8216,10.41,0.125,33.59,64.37,730,N,35,0
CUST-14280,50,72853,MORTGAGE,1.1,PERSONAL,B,14173,7.49,0.195,18.21,44.24,756,N,30,0
CUST-14281,47,76766,MORTGAGE,1.0,VENTURE,C,8038,12.85,0.105,4.45,57.33,657,N,27,0
CUST-14282,30,38675,OWN,0.5,EDUCATION,B,5418,11.39,0.14,13.46,82.97,660,N,12,0
CUST-14283,62,59007,OWN,9.6,PERSONAL,C,7425,15.26,0.126,8.9,46.14,581,Y,35,0
CUST-14284,20,115193,OWN,2.0,EDUCATION,C,8367,15.67,0.073,11.34,62.5,692,N,2,1
CUST-14285,68,114492,RENT,1.5,MEDICAL,A,5245,7.38,0.046,7.83,33.02,705,Y,35,0
CUST-14286,66,48170,RENT,9.4,MEDICAL,F,7210,22.6,0.15,15.64,47.52,537,Y,35,0
CUST-14287,57,53294,OTHER,8.1,EDUCATION,A,5103,7.13,0.096,6.48,57.98,708,N,35,0
CUST-14288,43,95468,MORTGAGE,0.5,MEDICAL,A,7299,5.63,0.076,7.76,42.67,755,N,21,0
CUST-14289,66,19920,RENT,5.2,MEDICAL,D,5115,15.25,0.257,37.54,68.67,621,N,35,1
CUST-14290,50,40382,MORTGAGE,6.4,HOMEIMPROVEMENT,A,5179,5.44,0.128,10.04,29.23,778,N,28,0
CUST-14291,60,109244,RENT,6.3,PERSONAL,B,3904,10.88,0.036,8.14,60.17,697,N,35,0
CUST-14292,65,88002,MORTGAGE,6.4,HOMEIMPROVEMENT,D,16042,16.09,0.182,17.89,56.0,607,Y,35,1
CUST-14293,69,61178,MORTGAGE,0.9,EDUCATION,C,10304,13.28,0.168,7.75,42.34,613,N,35,0
CUST-14294,45,19860,MORTGAGE,1.9,VENTURE,B,13557,11.31,0.683,18.66,43.69,691,N,23,0
CUST-14295,68,47574,RENT,9.3,EDUCATION,C,3020,13.8,0.063,9.88,60.31,651,N,35,0
CUST-14296,69,34408,RENT,11.4,EDUCATION,D,19135,17.29,0.556,34.15,61.52,611,N,35,1
CUST-14297,24,59791,RENT,1.6,VENTURE,B,4850,12.67,0.081,16.88,85.62,694,N,3,1
CUST-14298,39,30163,MORTGAGE,0.1,VENTURE,B,5132,9.55,0.17,9.95,38.26,662,N,21,0
CUST-14299,60,26491,RENT,9.8,MEDICAL,F,19604,19.75,0.74,21.21,100.0,485,N,35,1
CUST-14300,30,15000,RENT,2.4,MEDICAL,F,6693,21.3,0.446,14.26,39.14,583,N,8,0
CUST-14301,52,102036,MORTGAGE,2.0,PERSONAL,B,7395,10.25,0.072,7.11,73.31,721,N,31,0
CUST-14302,69,38566,MORTGAGE,2.1,DEBTCONSOLIDATION,A,1977,8.02,0.051,9.37,62.33,833,N,35,0
CUST-14303,57,53867,MORTGAGE,2.7,HOMEIMPROVEMENT,C,8207,14.37,0.152,10.81,84.97,664,Y,35,1
CUST-14304,46,48955,MORTGAGE,2.4,EDUCATION,A,4359,6.22,0.089,5.21,66.44,773,N,27,0
CUST-14305,53,25836,RENT,4.2,VENTURE,C,11831,12.04,0.458,21.34,74.47,618,N,31,0
CUST-14306,34,23030,MORTGAGE,0.4,EDUCATION,B,10965,12.14,0.476,20.25,45.31,751,N,12,0
CUST-14307,51,26817,MORTGAGE,,VENTURE,C,8808,13.88,0.328,41.24,63.17,585,Y,31,1
CUST-14308,40,31764,RENT,13.8,MEDICAL,B,10377,10.92,0.327,17.09,34.07,723,N,18,0
CUST-14309,65,61081,MORTGAGE,13.6,MEDICAL,E,7782,19.82,0.127,32.8,74.48,574,N,35,0
CUST-14310,24,30411,RENT,6.0,PERSONAL,A,7642,7.68,0.251,10.55,33.26,801,N,4,0
CUST-14311,25,139789,RENT,5.4,DEBTCONSOLIDATION,A,4089,7.23,0.029,10.51,33.37,745,N,5,0
CUST-14312,57,90788,OWN,1.2,HOMEIMPROVEMENT,C,12515,12.65,0.138,13.51,57.98,651,N,35,0
CUST-14313,41,79619,OWN,0.3,HOMEIMPROVEMENT,B,20442,9.85,0.257,8.5,40.83,632,N,19,0
CUST-14314,37,45624,MORTGAGE,0.5,EDUCATION,B,7266,13.1,0.159,13.72,50.91,634,N,18,1
CUST-14315,33,121609,MORTGAGE,2.0,EDUCATION,E,9292,21.67,0.076,20.1,88.67,583,Y,11,1
CUST-14316,29,43010,MORTGAGE,3.5,MEDICAL,B,13699,11.61,0.319,10.67,46.63,740,N,7,0
CUST-14317,65,48109,OWN,25.0,HOMEIMPROVEMENT,C,17223,13.42,0.358,17.35,66.26,660,N,35,0
CUST-14318,32,54283,MORTGAGE,2.9,DEBTCONSOLIDATION,A,16770,8.18,0.309,24.1,36.02,745,N,14,0
CUST-14319,50,74689,MORTGAGE,3.7,EDUCATION,C,2284,11.79,0.031,12.48,45.74,661,N,29,0
CUST-14320,49,71836,RENT,,VENTURE,B,2275,11.7,0.032,33.19,84.19,707,N,30,0
CUST-14321,22,36861,RENT,1.0,VENTURE,B,17577,10.21,0.477,16.14,84.76,723,N,4,1
CUST-14322,49,35603,RENT,13.5,EDUCATION,D,10394,16.52,0.292,18.01,83.32,576,Y,30,1
CUST-14323,25,71965,MORTGAGE,3.8,EDUCATION,B,16779,10.62,0.233,34.86,56.14,709,Y,5,0
CUST-14324,48,75292,MORTGAGE,1.6,PERSONAL,F,10356,21.79,0.138,15.9,76.29,495,N,26,1
CUST-14325,27,38715,OWN,9.0,VENTURE,C,9601,,0.248,11.96,73.86,689,N,6,0
CUST-14326,63,18914,RENT,4.9,HOMEIMPROVEMENT,C,1000,15.41,0.053,15.99,33.65,612,N,35,0
CUST-14327,64,43287,MORTGAGE,3.3,HOMEIMPROVEMENT,B,22688,11.53,0.524,22.02,70.69,692,N,35,0
CUST-14328,62,71261,RENT,4.3,VENTURE,B,9362,10.58,0.131,17.06,49.07,721,N,35,0
CUST-14329,63,144820,RENT,6.9,EDUCATION,A,11473,6.22,0.079,7.45,72.6,704,N,35,0
CUST-14330,52,23890,OWN,0.8,VENTURE,A,12166,7.55,0.509,34.94,60.43,721,N,30,0
CUST-14331,36,37951,MORTGAGE,10.0,HOMEIMPROVEMENT,A,7085,7.41,0.187,29.64,43.12,828,N,15,0
CUST-14332,67,38807,MORTGAGE,16.0,VENTURE,E,5855,20.49,0.151,24.16,77.88,603,N,35,0
CUST-14333,30,110578,RENT,4.2,EDUCATION,B,12553,9.73,0.114,10.97,42.55,712,N,8,0
CUST-14334,32,48003,RENT,5.7,DEBTCONSOLIDATION,C,14725,12.43,0.307,19.06,45.81,673,N,10,0
CUST-14335,69,28441,MORTGAGE,9.8,HOMEIMPROVEMENT,B,13263,10.86,0.466,26.81,86.58,640,N,35,0
CUST-14336,30,68543,RENT,2.3,HOMEIMPROVEMENT,B,6392,,0.093,13.0,63.86,722,N,10,0
CUST-14337,50,38453,RENT,24.7,DEBTCONSOLIDATION,B,8103,10.68,0.211,9.31,47.15,768,N,32,0
CUST-14338,47,23514,RENT,5.7,EDUCATION,B,11131,11.66,0.473,22.14,41.92,683,N,28,0
CUST-14339,63,28690,MORTGAGE,2.8,HOMEIMPROVEMENT,D,5947,14.97,0.207,24.29,87.47,674,N,35,1
CUST-14340,25,138749,OWN,5.7,MEDICAL,E,14226,20.07,0.103,14.02,92.2,554,N,3,1
CUST-14341,60,61730,MORTGAGE,3.7,PERSONAL,C,12658,11.96,0.205,25.98,47.85,654,Y,35,1
CUST-14342,35,52294,OWN,0.6,VENTURE,D,8195,19.7,0.157,26.47,58.01,563,Y,15,0
CUST-14343,23,42195,MORTGAGE,5.0,MEDICAL,A,18106,9.11,0.429,25.55,44.96,765,N,3,0
CUST-14344,54,58412,MORTGAGE,4.2,EDUCATION,A,7286,7.96,0.125,30.59,66.97,755,N,35,0
CUST-14345,67,57996,MORTGAGE,7.9,DEBTCONSOLIDATION,B,10460,8.58,0.18,17.8,32.68,692,N,35,0
CUST-14346,45,58413,MORTGAGE,0.8,PERSONAL,D,10229,14.85,0.175,28.14,51.12,580,Y,25,1
CUST-14347,31,52517,RENT,3.9,DEBTCONSOLIDATION,B,11063,12.77,0.211,21.32,48.35,708,N,13,0
CUST-14348,30,82559,MORTGAGE,7.3,PERSONAL,B,12704,9.11,0.154,8.37,29.38,678,N,12,0
CUST-14349,56,49705,RENT,22.2,EDUCATION,A,10710,8.1,0.215,28.92,39.81,789,Y,35,0
CUST-14350,44,27261,RENT,10.8,EDUCATION,F,16892,24.19,0.62,30.96,41.44,539,Y,25,1
CUST-14351,37,33946,OWN,10.0,VENTURE,C,14077,13.63,0.415,15.88,55.88,633,N,17,0
CUST-14352,38,15000,RENT,1.4,EDUCATION,B,3609,9.07,0.241,12.89,51.14,735,N,20,0
CUST-14353,42,165394,OWN,9.1,DEBTCONSOLIDATION,F,19801,,0.12,5.84,58.43,515,N,21,0
CUST-14354,57,82261,MORTGAGE,0.9,VENTURE,A,6449,7.96,0.078,6.47,24.71,784,N,35,0
CUST-14355,37,29790,RENT,1.1,HOMEIMPROVEMENT,B,7329,9.18,0.246,14.32,53.1,704,N,16,0
CUST-14356,45,41394,MORTGAGE,0.6,PERSONAL,A,18845,7.5,0.455,36.88,71.67,683,N,26,1
CUST-14357,25,33452,MORTGAGE,7.0,MEDICAL,B,7137,9.22,0.213,17.07,42.2,721,Y,5,1
CUST-14358,23,123689,RENT,0.6,DEBTCONSOLIDATION,A,5717,6.78,0.046,18.94,64.25,748,N,3,0
CUST-14359,63,20911,MORTGAGE,0.7,EDUCATION,B,5792,9.82,0.277,14.35,35.63,719,Y,35,0
CUST-14360,48,52506,MORTGAGE,1.4,PERSONAL,E,3480,19.19,0.066,14.18,63.57,578,Y,29,0
CUST-14361,53,45930,RENT,4.3,MEDICAL,B,14995,9.61,0.326,16.62,79.44,708,N,34,1
CUST-14362,36,80507,RENT,10.6,DEBTCONSOLIDATION,B,6566,10.84,0.082,28.06,55.06,701,N,15,0
CUST-14363,62,46055,RENT,2.7,MEDICAL,C,1954,14.7,0.042,16.67,38.98,751,N,35,0
CUST-14364,62,17069,RENT,4.0,EDUCATION,C,6764,13.07,0.396,31.88,32.2,668,Y,35,0
CUST-14365,35,42164,RENT,0.9,VENTURE,F,25084,22.31,0.595,19.6,51.92,468,Y,15,1
CUST-14366,21,27356,MORTGAGE,1.5,DEBTCONSOLIDATION,B,10973,9.38,0.401,25.02,45.0,647,N,1,0
CUST-14367,53,51418,RENT,0.7,PERSONAL,C,14296,11.62,0.278,22.08,50.9,665,N,33,0
CUST-14368,27,115902,OWN,2.6,PERSONAL,B,14700,10.98,0.127,25.89,68.02,680,N,6,0
CUST-14369,32,17263,RENT,4.5,PERSONAL,A,2853,8.56,0.165,19.01,14.53,788,Y,12,0
CUST-14370,61,30329,RENT,1.7,PERSONAL,B,12685,8.2,0.418,11.01,16.3,711,N,35,0
CUST-14371,27,35185,MORTGAGE,9.0,EDUCATION,B,5479,10.39,0.156,19.42,46.69,713,N,5,0
CUST-14372,49,38988,MORTGAGE,19.9,EDUCATION,B,7669,11.02,0.197,13.76,45.72,668,N,28,0
CUST-14373,51,76425,MORTGAGE,0.6,MEDICAL,C,5664,13.85,0.074,22.58,26.2,670,N,30,0
CUST-14374,55,44173,RENT,0.1,EDUCATION,B,3551,9.79,0.08,18.81,66.38,706,N,35,0
CUST-14375,66,62911,MORTGAGE,7.8,EDUCATION,E,9022,19.56,0.143,28.51,67.41,537,N,35,1
CUST-14376,49,33675,RENT,,DEBTCONSOLIDATION,F,24962,23.11,0.741,30.87,63.46,497,N,31,1
CUST-14377,20,56272,RENT,2.0,PERSONAL,B,13029,9.47,0.232,28.68,65.71,758,N,1,0
CUST-14378,62,78172,RENT,2.5,EDUCATION,B,10782,12.37,0.138,25.05,42.79,720,N,35,0
CUST-14379,58,31590,MORTGAGE,12.4,EDUCATION,B,2903,8.83,0.092,8.25,50.5,687,N,35,0
CUST-14380,36,78340,RENT,5.4,MEDICAL,B,3128,11.58,0.04,4.17,41.04,681,N,15,0
CUST-14381,39,50585,MORTGAGE,0.2,VENTURE,F,1000,22.06,0.02,18.65,60.17,530,Y,18,0
CUST-14382,43,91791,MORTGAGE,0.1,HOMEIMPROVEMENT,A,5518,6.88,0.06,11.47,89.43,760,N,21,0
CUST-14383,69,43440,OWN,1.1,MEDICAL,B,6533,8.29,0.15,6.14,81.08,653,N,35,1
CUST-14384,41,61620,RENT,1.9,HOMEIMPROVEMENT,A,6692,8.93,0.109,17.13,16.72,746,N,19,0
CUST-14385,48,47840,RENT,3.3,HOMEIMPROVEMENT,C,6268,12.38,0.131,15.12,72.21,578,N,28,1
CUST-14386,41,46271,RENT,9.1,PERSONAL,A,2560,7.46,0.055,19.11,52.8,749,N,21,0
CUST-14387,63,57260,RENT,1.9,EDUCATION,D,9243,17.07,0.161,20.02,62.27,661,N,35,0
CUST-14388,28,67648,MORTGAGE,2.4,VENTURE,B,25059,13.36,0.37,11.52,59.52,654,N,8,0
CUST-14389,56,23161,MORTGAGE,2.0,DEBTCONSOLIDATION,E,5526,19.07,0.239,10.51,47.72,565,Y,35,1
CUST-14390,29,115864,MORTGAGE,0.0,EDUCATION,F,7196,22.06,0.062,11.11,69.07,522,Y,10,1
CUST-14391,55,16061,MORTGAGE,15.5,EDUCATION,C,15171,14.0,0.945,23.66,71.47,611,Y,35,1
CUST-14392,56,32503,OWN,0.7,HOMEIMPROVEMENT,C,19228,13.64,0.592,22.44,94.7,634,N,34,1
CUST-14393,47,46325,RENT,1.7,PERSONAL,A,5805,6.59,0.125,3.82,44.06,704,N,26,0
CUST-14394,47,62781,OTHER,0.7,VENTURE,E,7649,21.28,0.122,15.04,66.11,536,Y,26,0
CUST-14395,61,126210,RENT,3.4,PERSONAL,C,9653,12.95,0.076,13.43,76.3,656,N,35,1
CUST-14396,62,16075,MORTGAGE,13.5,PERSONAL,A,10471,8.06,0.651,16.53,29.73,764,N,35,0
CUST-14397,40,36148,MORTGAGE,0.5,MEDICAL,B,5345,10.24,0.148,24.17,71.69,688,N,18,1
CUST-14398,43,15000,MORTGAGE,2.9,VENTURE,A,9677,6.77,0.645,37.57,14.25,797,N,25,0
CUST-14399,61,49959,RENT,0.1,PERSONAL,C,13835,14.76,0.277,11.91,82.15,676,N,35,0
CUST-14400,59,57699,MORTGAGE,7.4,VENTURE,A,6787,7.82,0.118,2.86,53.29,819,N,35,0
CUST-14401,21,127322,OWN,3.0,PERSONAL,C,12987,10.88,0.102,8.95,70.47,646,N,1,0
CUST-14402,27,52700,MORTGAGE,6.0,MEDICAL,C,10283,13.86,0.195,12.47,98.83,613,N,8,0
CUST-14403,67,91712,MORTGAGE,3.2,EDUCATION,B,3091,9.75,0.034,18.84,80.63,693,N,35,0
CUST-14404,46,69584,RENT,11.9,VENTURE,E,9993,17.59,0.144,21.06,42.68,641,N,27,0
CUST-14405,41,37754,RENT,2.6,HOMEIMPROVEMENT,C,8519,14.65,0.226,23.51,38.17,615,N,22,0
CUST-14406,56,21049,OWN,3.6,PERSONAL,B,1799,9.58,0.085,8.54,59.4,730,N,35,0
CUST-14407,46,57814,MORTGAGE,,PERSONAL,E,3316,19.81,0.057,14.77,80.49,534,Y,26,1
CUST-14408,48,20025,MORTGAGE,3.7,HOMEIMPROVEMENT,D,9958,17.6,0.497,35.46,97.13,597,N,26,0
CUST-14409,22,106630,RENT,1.0,EDUCATION,C,5465,13.21,0.051,14.63,66.98,632,N,3,1
CUST-14410,63,44478,RENT,1.9,MEDICAL,A,20303,7.8,0.456,42.95,64.17,718,N,35,0
CUST-14411,32,100418,RENT,0.5,PERSONAL,B,7217,9.68,0.072,19.32,92.71,727,N,12,0
CUST-14412,64,36749,MORTGAGE,2.8,DEBTCONSOLIDATION,D,8020,17.82,0.218,22.06,80.89,660,N,35,0
CUST-14413,29,57601,RENT,4.7,DEBTCONSOLIDATION,B,7826,10.28,0.136,10.03,51.18,732,N,8,0
CUST-14414,55,55581,RENT,0.6,PERSONAL,B,12008,11.14,0.216,23.37,64.36,701,N,35,0
CUST-14415,28,47713,MORTGAGE,5.0,MEDICAL,E,9216,21.31,0.193,9.97,74.63,518,N,6,0
CUST-14416,46,37812,MORTGAGE,11.2,HOMEIMPROVEMENT,A,2524,5.28,0.067,20.7,46.49,755,N,26,0
CUST-14417,53,62036,RENT,2.1,MEDICAL,A,2419,6.68,0.039,14.84,25.1,772,N,33,0
CUST-14418,20,28121,MORTGAGE,1.3,MEDICAL,D,3126,16.29,0.111,26.83,83.47,607,Y,1,1
CUST-14419,51,23726,OWN,11.2,EDUCATION,A,7507,7.65,0.316,7.33,75.42,796,N,32,0
CUST-14420,44,103331,RENT,5.9,PERSONAL,B,5590,11.24,0.054,20.86,44.36,693,N,22,0
CUST-14421,48,75833,MORTGAGE,0.6,HOMEIMPROVEMENT,E,12536,20.96,0.165,8.24,94.29,549,N,26,1
CUST-14422,26,50997,OWN,2.6,MEDICAL,C,8275,12.61,0.162,12.07,66.91,685,N,6,0
CUST-14423,68,133130,RENT,5.6,MEDICAL,C,9803,13.26,0.074,9.19,83.13,680,N,35,0
CUST-14424,22,41745,RENT,4.0,EDUCATION,C,15873,14.85,0.38,23.59,39.77,702,N,1,0
CUST-14425,39,108404,RENT,4.8,HOMEIMPROVEMENT,B,17693,10.91,0.163,16.8,36.25,718,N,20,0
CUST-14426,39,54466,MORTGAGE,4.2,HOMEIMPROVEMENT,B,6757,8.46,0.124,7.62,39.79,672,N,21,0
CUST-14427,49,26506,RENT,8.0,MEDICAL,C,19942,11.36,0.752,23.0,57.23,559,N,29,1
CUST-14428,54,148571,RENT,1.9,DEBTCONSOLIDATION,B,4813,9.91,0.032,6.48,92.77,640,N,34,0
CUST-14429,54,88825,MORTGAGE,6.2,PERSONAL,C,7651,14.16,0.086,8.48,43.1,630,N,35,0
CUST-14430,68,45587,RENT,23.6,HOMEIMPROVEMENT,B,16303,11.14,0.358,15.04,70.76,746,N,35,0
CUST-14431,58,75834,OWN,2.5,MEDICAL,A,13799,6.43,0.182,17.55,10.04,793,N,35,0
CUST-14432,46,38475,RENT,7.8,EDUCATION,A,8660,8.3,0.225,11.03,34.73,736,N,28,0
CUST-14433,45,80618,OWN,1.4,PERSONAL,B,3351,10.8,0.042,9.5,30.25,728,N,25,0
CUST-14434,33,15000,RENT,1.7,EDUCATION,D,3856,15.2,0.257,38.93,79.04,562,N,12,1
CUST-14435,36,26585,RENT,13.7,HOMEIMPROVEMENT,B,3111,9.78,0.117,25.94,46.14,743,N,16,0
CUST-14436,37,88217,RENT,0.1,HOMEIMPROVEMENT,A,12992,5.17,0.147,10.64,74.32,740,Y,19,0
CUST-14437,64,42201,OTHER,1.2,VENTURE,A,6555,6.07,0.155,6.78,72.65,773,N,35,0
CUST-14438,48,55521,RENT,3.3,PERSONAL,B,13188,8.24,0.238,22.93,46.5,719,N,27,0
CUST-14439,39,21849,MORTGAGE,2.6,DEBTCONSOLIDATION,A,10001,5.64,0.458,20.66,63.06,766,N,21,0
CUST-14440,46,148556,MORTGAGE,5.0,EDUCATION,A,3611,9.52,0.024,13.82,57.99,708,N,26,0
CUST-14441,37,100139,MORTGAGE,1.1,VENTURE,C,10989,13.02,0.11,11.89,39.29,629,N,15,0
CUST-14442,23,43459,RENT,0.4,HOMEIMPROVEMENT,C,5962,11.37,0.137,19.34,25.95,687,N,5,0
CUST-14443,20,38452,OWN,2.0,PERSONAL,D,24612,17.0,0.64,24.86,100.0,628,N,1,0
CUST-14444,69,90922,OWN,3.7,VENTURE,D,7236,16.85,0.08,18.82,55.54,572,N,35,0
CUST-14445,20,161051,RENT,2.0,PERSONAL,B,3283,10.73,0.02,8.08,94.92,713,N,2,0
CUST-14446,45,86877,MORTGAGE,4.6,PERSONAL,C,16415,12.45,0.189,11.87,60.05,613,Y,25,1
CUST-14447,64,180427,OWN,4.0,VENTURE,B,8485,11.25,0.047,13.88,62.47,656,N,35,0
CUST-14448,39,28186,OTHER,1.4,PERSONAL,A,11482,6.18,0.407,34.57,26.57,728,N,21,1
CUST-14449,42,29982,RENT,7.2,MEDICAL,B,7554,11.45,0.252,11.51,23.85,697,N,24,0
CUST-14450,29,24019,MORTGAGE,0.5,EDUCATION,A,8731,8.56,0.364,19.58,52.19,708,Y,10,1
CUST-14451,30,63898,RENT,1.1,MEDICAL,A,2663,7.42,0.042,19.22,33.72,781,N,10,0
CUST-14452,60,54467,RENT,6.7,PERSONAL,A,15751,5.74,0.289,30.11,77.86,725,N,35,1
CUST-14453,60,44749,RENT,1.6,VENTURE,F,6799,22.96,0.152,19.19,67.7,529,Y,35,1
CUST-14454,24,79662,RENT,3.4,PERSONAL,D,2492,15.8,0.031,7.6,44.66,626,N,2,1
CUST-14455,20,102682,MORTGAGE,2.0,HOMEIMPROVEMENT,B,11190,10.83,0.109,24.7,50.51,765,Y,1,0
CUST-14456,36,19625,MORTGAGE,3.5,VENTURE,A,13430,8.33,0.684,24.21,72.43,771,N,15,1
CUST-14457,41,34262,RENT,2.1,EDUCATION,A,2857,6.53,0.083,10.72,32.61,739,N,23,0
CUST-14458,53,80184,RENT,,HOMEIMPROVEMENT,B,32588,13.07,0.406,15.29,77.96,665,N,32,0
CUST-14459,64,37025,RENT,2.2,PERSONAL,B,13505,10.45,0.365,31.86,48.57,656,N,35,0
CUST-14460,60,30365,OTHER,4.9,EDUCATION,C,7337,12.7,0.242,46.64,45.31,616,Y,35,1
CUST-14461,48,90320,MORTGAGE,11.0,PERSONAL,A,8386,8.7,0.093,19.64,21.39,745,N,27,0
CUST-14462,23,22613,RENT,5.0,EDUCATION,B,14579,12.36,0.645,25.15,40.0,742,N,4,0
CUST-14463,24,40906,OWN,4.2,DEBTCONSOLIDATION,F,10517,19.52,0.257,9.77,65.9,525,N,5,0
CUST-14464,30,59705,RENT,4.2,PERSONAL,A,4914,5.84,0.082,30.8,50.77,730,N,9,1
CUST-14465,40,34742,MORTGAGE,3.4,HOMEIMPROVEMENT,B,13392,9.57,0.385,22.99,78.02,704,N,22,0
CUST-14466,54,78424,OWN,8.2,VENTURE,A,18418,10.04,0.235,33.1,27.92,808,N,34,0
CUST-14467,31,34845,RENT,0.3,PERSONAL,A,4816,6.93,0.138,18.81,42.8,724,N,10,0
CUST-14468,45,114138,MORTGAGE,10.8,DEBTCONSOLIDATION,D,6947,18.33,0.061,10.64,51.24,626,N,26,0
CUST-14469,38,45458,RENT,4.4,DEBTCONSOLIDATION,C,6043,13.76,0.133,6.98,54.9,637,N,20,1
CUST-14470,64,73332,RENT,9.4,DEBTCONSOLIDATION,B,4308,8.76,0.059,28.7,43.59,707,N,35,0
CUST-14471,26,76696,MORTGAGE,0.1,MEDICAL,B,19167,11.56,0.25,22.78,31.71,722,N,5,0
CUST-14472,66,33640,OWN,10.2,EDUCATION,D,10678,16.88,0.317,25.85,42.89,658,N,35,0
CUST-14473,26,15000,RENT,0.6,EDUCATION,A,18024,6.47,1.202,31.45,38.6,748,Y,4,1
CUST-14474,45,60867,OWN,6.4,VENTURE,A,8945,6.71,0.147,11.29,32.77,790,Y,27,0
CUST-14475,59,51193,OWN,2.7,EDUCATION,D,13548,15.24,0.265,20.97,98.54,624,N,35,0
CUST-14476,24,68425,RENT,5.7,VENTURE,D,2954,15.75,0.043,9.55,97.47,565,Y,5,1
CUST-14477,40,42791,RENT,4.9,HOMEIMPROVEMENT,C,4327,14.29,0.101,10.88,49.62,643,N,18,0
CUST-14478,33,37863,MORTGAGE,0.9,EDUCATION,C,13154,12.42,0.347,17.26,23.25,731,N,12,0
CUST-14479,23,163584,MORTGAGE,3.6,EDUCATION,A,5952,7.6,0.036,35.69,38.53,746,N,5,0
CUST-14480,42,20263,RENT,1.6,DEBTCONSOLIDATION,E,14108,19.88,0.696,19.9,70.73,559,N,22,1
CUST-14481,61,76143,OTHER,4.1,EDUCATION,B,12279,10.43,0.161,16.48,43.72,689,N,35,0
CUST-14482,39,34725,MORTGAGE,6.7,EDUCATION,A,7557,5.56,0.218,20.56,45.16,734,N,18,0
CUST-14483,34,40075,RENT,0.4,PERSONAL,B,8877,11.4,0.222,25.57,40.04,652,N,15,0
CUST-14484,69,40527,MORTGAGE,3.6,EDUCATION,A,7186,6.1,0.177,19.39,54.58,670,N,35,0
CUST-14485,64,30270,RENT,4.8,EDUCATION,A,8731,6.81,0.288,20.12,35.47,723,N,35,0
CUST-14486,48,69060,MORTGAGE,1.8,PERSONAL,A,15587,6.95,0.226,22.78,48.22,738,N,29,0
CUST-14487,27,112914,OWN,9.0,PERSONAL,A,3737,7.46,0.033,15.97,68.24,769,N,9,0
CUST-14488,60,64991,OWN,3.7,MEDICAL,A,2509,7.62,0.039,11.64,54.74,737,Y,35,0
CUST-14489,67,52157,RENT,1.0,EDUCATION,A,8818,8.32,0.169,17.35,73.17,754,N,35,0
CUST-14490,38,27122,MORTGAGE,0.6,PERSONAL,A,4533,7.13,0.167,7.96,45.67,709,N,20,0
CUST-14491,67,66842,MORTGAGE,3.9,HOMEIMPROVEMENT,A,6364,6.04,0.095,21.11,60.11,690,N,35,0
CUST-14492,58,178761,RENT,2.4,MEDICAL,A,13673,8.8,0.076,31.93,27.8,762,N,35,0
CUST-14493,65,39010,RENT,1.1,PERSONAL,A,14195,7.02,0.364,13.37,49.17,773,N,35,1
CUST-14494,47,39120,MORTGAGE,0.2,HOMEIMPROVEMENT,B,7589,10.28,0.194,10.72,21.99,734,N,28,0
CUST-14495,65,35008,MORTGAGE,4.2,EDUCATION,B,9417,9.3,0.269,25.08,80.57,742,N,35,0
CUST-14496,46,36546,RENT,4.6,EDUCATION,B,9246,9.46,0.253,9.93,13.16,746,N,27,0
CUST-14497,23,15000,RENT,0.8,HOMEIMPROVEMENT,A,10346,9.23,0.69,19.09,56.04,774,N,5,0
CUST-14498,34,62506,RENT,4.6,PERSONAL,E,20652,17.85,0.33,21.43,46.22,550,Y,12,1
CUST-14499,54,29515,RENT,15.2,HOMEIMPROVEMENT,B,3667,9.03,0.124,11.49,76.28,710,Y,34,0
CUST-14500,56,18654,MORTGAGE,19.2,HOMEIMPROVEMENT,C,13888,12.95,0.745,27.26,70.86,639,N,35,1
CUST-14501,20,77027,RENT,2.0,EDUCATION,C,8302,13.88,0.108,11.92,35.42,642,N,1,0
CUST-14502,22,25611,RENT,4.0,PERSONAL,A,4413,6.34,0.172,8.09,27.08,764,N,1,0
CUST-14503,66,40006,MORTGAGE,,PERSONAL,B,6998,8.61,0.175,9.42,99.44,744,N,35,0
CUST-14504,43,118168,RENT,0.9,PERSONAL,B,8212,9.04,0.069,3.01,29.67,727,N,23,0
CUST-14505,46,21046,MORTGAGE,2.9,HOMEIMPROVEMENT,B,2711,10.0,0.129,14.23,71.34,700,N,25,0
CUST-14506,59,19544,OWN,4.8,EDUCATION,C,8414,12.3,0.431,22.26,30.94,653,N,35,0
CUST-14507,55,57617,MORTGAGE,9.5,PERSONAL,C,6723,16.17,0.117,4.2,80.37,663,N,34,0
CUST-14508,53,97703,MORTGAGE,1.3,MEDICAL,B,5485,12.88,0.056,13.34,67.51,741,N,33,0
CUST-14509,48,19060,RENT,3.3,EDUCATION,A,22654,8.9,1.189,28.31,25.55,815,N,27,1
CUST-14510,43,62605,RENT,5.2,EDUCATION,B,6259,10.95,0.1,10.56,65.58,705,N,25,0
CUST-14511,43,69466,MORTGAGE,2.9,PERSONAL,A,1833,7.95,0.026,13.55,42.48,743,N,22,0
CUST-14512,61,15000,MORTGAGE,3.0,VENTURE,A,11603,9.09,0.774,24.9,46.99,756,N,35,0
CUST-14513,23,79150,RENT,1.3,PERSONAL,B,8927,10.66,0.113,16.83,24.95,736,N,1,0
CUST-14514,22,82947,RENT,4.0,MEDICAL,A,2492,6.51,0.03,11.27,61.75,768,N,1,0
CUST-14515,53,40657,OWN,3.2,PERSONAL,E,20239,22.05,0.498,24.78,72.57,552,N,34,0
CUST-14516,68,103923,RENT,3.8,MEDICAL,C,7927,14.19,0.076,21.43,76.3,650,N,35,1
CUST-14517,42,96942,RENT,1.2,EDUCATION,B,6420,12.24,0.066,4.27,28.63,701,N,21,0
CUST-14518,42,52149,RENT,3.6,PERSONAL,A,13488,9.67,0.259,16.11,15.74,727,N,20,0
CUST-14519,64,37389,MORTGAGE,1.5,MEDICAL,A,14253,5.37,0.381,24.09,34.32,727,N,35,0
CUST-14520,24,27345,MORTGAGE,1.1,MEDICAL,C,7176,12.46,0.262,8.04,43.56,608,N,6,1
CUST-14521,50,47928,MORTGAGE,1.6,EDUCATION,B,16476,10.26,0.344,11.37,53.54,695,N,29,0
CUST-14522,60,68999,RENT,0.0,VENTURE,A,6332,8.1,0.092,7.09,22.85,790,N,35,0
CUST-14523,25,40355,RENT,4.2,EDUCATION,D,1645,17.6,0.041,25.97,46.11,646,N,6,0
CUST-14524,56,15000,RENT,2.5,VENTURE,B,3003,10.42,0.2,36.87,72.3,699,N,34,0
CUST-14525,29,104948,MORTGAGE,11.0,MEDICAL,B,8078,12.05,0.077,6.6,60.82,762,N,10,0
CUST-14526,59,54947,MORTGAGE,0.2,HOMEIMPROVEMENT,F,12506,22.73,0.228,14.05,52.25,528,Y,35,1
CUST-14527,26,39035,OWN,0.2,MEDICAL,A,16566,8.22,0.424,15.03,53.38,738,N,6,0
CUST-14528,58,81985,RENT,10.9,PERSONAL,C,13511,13.17,0.165,22.61,43.26,581,N,35,0
CUST-14529,57,122367,MORTGAGE,0.7,HOMEIMPROVEMENT,E,15936,,0.13,37.77,72.5,577,Y,35,1
CUST-14530,40,15000,MORTGAGE,0.0,HOMEIMPROVEMENT,A,2549,7.87,0.17,18.35,15.36,719,N,19,0
CUST-14531,39,63612,RENT,1.0,DEBTCONSOLIDATION,D,13736,17.66,0.216,30.01,56.84,661,N,17,1
CUST-14532,22,20827,RENT,4.0,PERSONAL,B,12907,8.92,0.62,40.02,31.77,656,N,1,1
CUST-14533,41,66135,MORTGAGE,,MEDICAL,D,15378,17.34,0.233,28.15,43.53,655,N,22,1
CUST-14534,66,52931,OWN,2.1,MEDICAL,B,5318,8.52,0.1,8.51,38.96,707,N,35,0
CUST-14535,23,71785,RENT,5.0,VENTURE,F,9935,20.98,0.138,18.21,78.25,490,N,2,1
CUST-14536,47,36331,OTHER,3.5,DEBTCONSOLIDATION,C,5585,14.23,0.154,20.91,34.1,592,Y,27,0
CUST-14537,31,15931,MORTGAGE,11.8,MEDICAL,C,7277,12.49,0.457,25.96,27.84,663,N,10,0
CUST-14538,57,37413,RENT,0.3,VENTURE,D,1000,16.53,0.027,20.67,42.23,578,N,35,1
CUST-14539,55,62574,RENT,8.4,EDUCATION,B,6100,9.39,0.097,15.54,56.96,631,Y,35,1
CUST-14540,66,90150,RENT,0.9,EDUCATION,A,6474,8.22,0.072,4.87,50.64,819,N,35,0
CUST-14541,60,24267,RENT,2.5,EDUCATION,A,14582,7.56,0.601,27.12,81.64,780,N,35,1
CUST-14542,24,90783,RENT,1.1,PERSONAL,B,6624,10.47,0.073,17.29,47.67,660,N,2,1
CUST-14543,32,33232,RENT,6.1,EDUCATION,B,5454,11.82,0.164,11.17,58.6,636,N,11,0
CUST-14544,42,60929,OTHER,5.7,PERSONAL,D,11126,17.0,0.183,20.58,48.72,651,Y,21,1
CUST-14545,69,36100,MORTGAGE,4.0,MEDICAL,B,8560,11.09,0.237,7.83,39.11,653,N,35,0
CUST-14546,49,54682,MORTGAGE,6.0,MEDICAL,B,10758,11.83,0.197,9.16,87.96,703,N,31,0
CUST-14547,56,83711,RENT,5.1,VENTURE,C,8891,14.95,0.106,16.45,39.93,665,N,35,0
CUST-14548,44,23477,RENT,7.5,MEDICAL,A,8488,6.36,0.362,17.48,64.5,732,N,26,0
CUST-14549,67,32599,RENT,1.4,MEDICAL,C,10036,14.38,0.308,11.66,74.49,616,N,35,0
CUST-14550,46,54774,OWN,,EDUCATION,A,12553,8.02,0.229,17.36,43.84,683,N,25,1
CUST-14551,33,207098,RENT,0.8,HOMEIMPROVEMENT,A,9838,9.07,0.048,13.22,33.1,766,N,15,0
CUST-14552,67,29204,RENT,2.8,PERSONAL,C,14504,11.96,0.497,31.65,67.16,733,N,35,1
CUST-14553,66,166721,MORTGAGE,6.0,DEBTCONSOLIDATION,A,8497,6.67,0.051,11.79,30.39,710,N,35,0
CUST-14554,55,163187,MORTGAGE,5.9,MEDICAL,A,8819,7.26,0.054,14.2,47.53,715,N,33,0
CUST-14555,58,46240,MORTGAGE,6.2,PERSONAL,C,9766,,0.211,18.2,42.56,677,N,35,0
CUST-14556,35,40991,RENT,1.8,EDUCATION,B,5756,10.16,0.14,12.5,79.89,615,N,17,0
CUST-14557,41,32362,RENT,5.4,PERSONAL,B,9393,10.45,0.29,16.3,21.19,672,N,20,0
CUST-14558,40,47055,MORTGAGE,2.3,PERSONAL,F,15632,21.18,0.332,10.38,56.96,537,Y,22,1
CUST-14559,40,21077,MORTGAGE,14.5,EDUCATION,C,20205,14.44,0.959,27.45,92.17,621,N,21,0
CUST-14560,27,46828,RENT,2.1,MEDICAL,B,5461,11.31,0.117,9.42,39.06,718,Y,6,0
CUST-14561,68,120346,RENT,4.6,PERSONAL,B,12014,9.85,0.1,3.58,79.56,714,N,35,0
CUST-14562,35,33973,MORTGAGE,6.9,VENTURE,C,12273,12.25,0.361,17.2,35.45,654,N,14,0
CUST-14563,50,42428,OWN,11.8,HOMEIMPROVEMENT,A,8436,8.43,0.199,9.35,72.11,723,N,32,1
CUST-14564,61,17664,MORTGAGE,2.9,MEDICAL,B,11756,11.11,0.666,32.7,76.6,686,N,35,1
CUST-14565,29,61355,MORTGAGE,2.2,EDUCATION,A,11996,6.7,0.196,12.73,54.92,753,N,10,0
CUST-14566,51,57451,MORTGAGE,2.8,PERSONAL,A,14169,8.33,0.247,18.18,35.96,757,N,29,0
CUST-14567,53,50930,RENT,2.0,PERSONAL,B,3840,11.27,0.075,15.95,92.04,750,N,34,0
CUST-14568,28,43040,RENT,5.3,VENTURE,C,6246,14.98,0.145,23.76,87.88,676,N,6,1
CUST-14569,36,41123,MORTGAGE,13.5,VENTURE,B,9649,11.52,0.235,13.1,66.19,687,N,15,0
CUST-14570,30,66246,MORTGAGE,0.7,MEDICAL,B,14220,10.09,0.215,16.44,50.86,720,N,12,0
CUST-14571,51,48180,MORTGAGE,4.1,PERSONAL,B,5216,9.59,0.108,8.87,59.94,722,N,33,0
CUST-14572,29,59218,MORTGAGE,11.0,EDUCATION,C,7336,15.92,0.124,16.12,48.65,627,N,7,0
CUST-14573,41,55769,OTHER,,HOMEIMPROVEMENT,A,3422,6.88,0.061,10.48,61.61,770,Y,23,0
CUST-14574,36,96187,MORTGAGE,3.4,MEDICAL,B,8889,8.3,0.092,11.91,83.62,692,N,15,1
CUST-14575,23,73584,RENT,5.0,DEBTCONSOLIDATION,A,9496,6.05,0.129,12.41,23.76,760,N,4,0
CUST-14576,67,55034,RENT,11.5,DEBTCONSOLIDATION,B,2626,8.07,0.048,4.94,74.33,735,N,35,0
CUST-14577,66,121911,RENT,3.6,HOMEIMPROVEMENT,B,6971,11.97,0.057,33.73,30.61,736,N,35,0
CUST-14578,44,63080,MORTGAGE,0.1,EDUCATION,A,2092,9.69,0.033,13.83,50.3,720,N,25,0
CUST-14579,40,107256,RENT,0.6,EDUCATION,B,7397,10.8,0.069,6.83,66.35,661,N,20,0
CUST-14580,56,70556,OWN,4.4,EDUCATION,E,3491,17.58,0.049,26.27,80.5,632,N,35,1
CUST-14581,57,16233,OTHER,0.7,DEBTCONSOLIDATION,C,7750,14.94,0.477,26.56,40.57,712,N,35,1
CUST-14582,68,107248,MORTGAGE,0.8,EDUCATION,C,35722,14.06,0.333,10.18,45.23,676,N,35,1
CUST-14583,20,53162,RENT,2.0,VENTURE,B,7510,11.98,0.141,8.77,52.56,690,N,1,0
CUST-14584,44,47516,RENT,6.9,DEBTCONSOLIDATION,D,6113,17.21,0.129,18.76,51.79,600,N,24,0
CUST-14585,55,58035,RENT,9.3,HOMEIMPROVEMENT,A,5334,5.84,0.092,23.48,58.02,716,N,34,0
CUST-14586,36,39855,RENT,0.6,MEDICAL,B,13166,11.29,0.33,43.7,92.77,708,N,18,1
CUST-14587,60,56174,RENT,1.1,PERSONAL,B,9747,8.63,0.174,12.24,59.16,696,N,35,0
CUST-14588,43,34367,RENT,8.9,PERSONAL,D,19629,15.57,0.571,25.83,91.19,607,Y,25,1
CUST-14589,21,105299,MORTGAGE,3.0,MEDICAL,B,12175,11.74,0.116,10.69,82.51,660,N,2,1
CUST-14590,59,45791,RENT,8.2,DEBTCONSOLIDATION,A,2136,8.68,0.047,2.0,76.95,783,N,35,0
CUST-14591,34,38966,RENT,16.0,DEBTCONSOLIDATION,F,13057,20.87,0.335,18.56,73.41,546,Y,13,1
CUST-14592,51,28142,MORTGAGE,10.0,PERSONAL,A,5972,6.13,0.212,18.93,41.72,766,N,32,0
CUST-14593,58,57599,OWN,3.7,EDUCATION,A,10055,7.53,0.175,22.22,75.02,687,N,35,0
CUST-14594,25,54844,MORTGAGE,1.9,MEDICAL,B,12745,12.9,0.232,30.02,32.5,647,N,4,0
CUST-14595,20,61886,MORTGAGE,2.0,MEDICAL,B,5183,11.17,0.084,6.97,54.69,662,N,1,0
CUST-14596,66,26466,MORTGAGE,5.1,PERSONAL,D,11513,19.32,0.435,42.56,55.54,637,N,35,1
CUST-14597,42,18756,MORTGAGE,2.0,EDUCATION,B,10471,10.3,0.558,26.72,29.25,683,N,24,1
CUST-14598,58,71350,OWN,7.4,DEBTCONSOLIDATION,B,11872,11.56,0.166,9.53,56.46,664,N,35,0
CUST-14599,36,119465,RENT,0.5,DEBTCONSOLIDATION,A,25213,7.12,0.211,17.86,48.04,773,N,15,0
CUST-14600,53,26481,MORTGAGE,7.6,MEDICAL,B,5185,9.54,0.196,17.27,76.78,689,N,32,0
CUST-14601,60,127218,RENT,0.2,VENTURE,B,19819,9.36,0.156,10.27,93.3,713,N,35,1
CUST-14602,48,58124,OWN,3.4,EDUCATION,A,8636,7.92,0.149,19.79,68.59,714,Y,29,0
CUST-14603,28,48813,RENT,9.9,VENTURE,E,3307,21.05,0.068,13.53,76.54,569,Y,8,1
CUST-14604,32,38617,OWN,0.5,PERSONAL,A,18165,7.11,0.47,30.64,48.11,797,N,11,0
CUST-14605,25,21360,OWN,3.6,EDUCATION,C,14879,15.21,0.697,22.8,100.0,693,N,6,1
CUST-14606,25,88666,RENT,0.9,PERSONAL,D,17501,18.7,0.197,28.58,57.5,582,Y,5,0
CUST-14607,39,30780,OWN,11.3,EDUCATION,A,13580,8.54,0.441,13.53,30.65,740,N,20,0
CUST-14608,22,30703,RENT,4.0,HOMEIMPROVEMENT,A,4332,7.89,0.141,19.45,21.53,778,N,1,0
CUST-14609,36,88890,RENT,13.6,DEBTCONSOLIDATION,B,20965,9.7,0.236,17.44,73.28,703,N,18,0
CUST-14610,68,15838,RENT,10.4,VENTURE,A,27315,9.06,1.725,52.91,75.52,762,N,35,1
CUST-14611,31,19650,OTHER,6.7,VENTURE,C,13326,12.13,0.678,21.7,100.0,698,N,9,1
CUST-14612,67,48490,MORTGAGE,1.0,EDUCATION,B,4939,11.23,0.102,18.1,56.14,708,N,35,0
CUST-14613,66,58452,MORTGAGE,1.8,MEDICAL,F,15934,20.45,0.273,13.46,76.11,509,Y,35,1
CUST-14614,64,65567,MORTGAGE,3.4,VENTURE,D,2310,15.23,0.035,21.89,51.08,654,N,35,1
CUST-14615,20,40901,OWN,2.0,MEDICAL,D,6984,16.43,0.171,17.17,75.22,581,N,1,1
CUST-14616,36,223735,MORTGAGE,7.6,PERSONAL,A,4066,8.34,0.018,26.0,19.57,749,Y,16,0
CUST-14617,22,42755,RENT,1.3,VENTURE,A,16823,8.71,0.393,15.0,57.91,730,N,1,0
CUST-14618,45,42681,RENT,0.7,EDUCATION,A,8697,7.5,0.204,20.98,55.67,708,N,27,0
CUST-14619,34,30388,RENT,3.3,PERSONAL,C,8263,13.0,0.272,17.23,34.54,646,N,14,0
CUST-14620,55,52804,MORTGAGE,0.9,MEDICAL,A,9857,6.55,0.187,11.44,54.93,752,N,35,0
CUST-14621,51,70896,RENT,5.9,PERSONAL,D,2273,17.34,0.032,16.71,55.31,601,Y,32,0
CUST-14622,51,100926,RENT,4.3,VENTURE,B,14300,11.29,0.142,3.08,21.36,735,N,31,0
CUST-14623,23,20058,OWN,5.0,VENTURE,B,7981,10.71,0.398,22.38,58.71,673,N,5,0
CUST-14624,37,42294,RENT,0.3,EDUCATION,B,1619,10.86,0.038,23.65,49.19,713,N,17,0
CUST-14625,68,64088,MORTGAGE,16.7,DEBTCONSOLIDATION,B,5959,12.42,0.093,24.63,65.15,658,N,35,0
CUST-14626,38,69719,RENT,0.0,HOMEIMPROVEMENT,A,18344,8.72,0.263,18.86,62.28,834,Y,17,0
CUST-14627,62,49213,RENT,2.0,PERSONAL,A,11495,5.8,0.234,6.63,60.31,727,N,35,0
CUST-14628,54,67877,RENT,5.7,VENTURE,B,13095,11.57,0.193,13.69,64.82,643,N,35,0
CUST-14629,59,30170,RENT,0.2,EDUCATION,C,12867,15.16,0.426,15.96,41.44,642,N,35,0
CUST-14630,33,124834,OWN,0.4,VENTURE,A,10458,6.52,0.084,23.97,65.82,758,N,11,0
CUST-14631,52,88927,RENT,0.4,HOMEIMPROVEMENT,D,8468,17.64,0.095,27.7,64.29,641,N,32,1
CUST-14632,33,21873,RENT,4.4,PERSONAL,D,11862,,0.542,22.79,52.66,648,N,12,1
CUST-14633,53,25717,MORTGAGE,11.3,VENTURE,A,8155,,0.317,47.37,47.31,772,N,33,0
CUST-14634,23,26156,MORTGAGE,4.1,HOMEIMPROVEMENT,B,13742,10.22,0.525,35.25,56.52,729,Y,5,1
CUST-14635,43,73628,MORTGAGE,4.6,EDUCATION,B,8480,10.38,0.115,9.86,47.76,739,N,22,0
CUST-14636,48,22678,OWN,2.1,PERSONAL,A,5839,7.66,0.257,18.31,39.88,759,N,29,0
CUST-14637,38,40190,MORTGAGE,0.1,PERSONAL,D,8609,14.61,0.214,11.09,50.3,583,N,20,0
CUST-14638,25,64397,RENT,0.1,PERSONAL,G,4529,,0.07,28.87,52.98,503,N,5,1
CUST-14639,52,47112,MORTGAGE,11.0,PERSONAL,B,13960,10.82,0.296,36.13,77.54,675,Y,30,1
CUST-14640,68,57258,MORTGAGE,0.5,EDUCATION,E,9093,19.44,0.159,18.79,69.48,607,N,35,1
CUST-14641,59,25861,RENT,41.0,EDUCATION,C,12010,14.3,0.464,34.73,85.97,692,N,35,1
CUST-14642,38,70046,RENT,0.9,PERSONAL,B,16390,10.16,0.234,13.27,40.01,744,N,18,1
CUST-14643,20,33930,RENT,2.0,VENTURE,B,6946,10.6,0.205,15.14,63.27,660,Y,1,0
CUST-14644,24,40345,RENT,6.0,DEBTCONSOLIDATION,A,9202,8.64,0.228,22.71,23.87,787,N,6,0
CUST-14645,46,56536,RENT,2.2,DEBTCONSOLIDATION,A,28700,5.0,0.508,25.24,42.31,730,N,24,0
CUST-14646,35,52148,RENT,6.6,EDUCATION,B,21366,9.4,0.41,21.75,69.99,713,N,17,0
CUST-14647,25,49731,OWN,2.2,VENTURE,B,2376,9.87,0.048,15.45,82.97,729,Y,7,0
CUST-14648,59,31245,OWN,1.8,DEBTCONSOLIDATION,B,7979,10.31,0.255,26.71,60.85,650,Y,35,1
CUST-14649,32,40956,MORTGAGE,1.1,DEBTCONSOLIDATION,C,9818,11.8,0.24,9.21,26.55,680,N,10,0
CUST-14650,67,49085,MORTGAGE,8.6,HOMEIMPROVEMENT,A,11499,6.41,0.234,35.6,28.8,696,N,35,0
CUST-14651,54,21481,RENT,1.5,HOMEIMPROVEMENT,B,7708,11.34,0.359,22.91,81.99,693,N,35,0
CUST-14652,38,37141,OWN,1.7,EDUCATION,B,1000,11.06,0.027,23.87,39.62,734,N,20,0
CUST-14653,31,61858,MORTGAGE,13.0,PERSONAL,A,12205,5.0,0.197,17.9,18.67,796,N,13,0
CUST-14654,35,22777,RENT,2.0,MEDICAL,D,14272,16.23,0.627,19.86,71.68,638,N,14,1
CUST-14655,62,98120,RENT,2.7,PERSONAL,C,11245,13.33,0.115,19.5,53.91,630,N,35,0
CUST-14656,29,105005,RENT,11.0,DEBTCONSOLIDATION,A,6210,6.4,0.059,10.99,78.9,729,N,9,0
CUST-14657,44,23223,RENT,2.3,EDUCATION,C,8295,13.33,0.357,31.7,77.05,645,N,24,1
CUST-14658,39,110699,RENT,2.3,DEBTCONSOLIDATION,B,6832,10.97,0.062,11.91,58.33,702,N,21,0
CUST-14659,50,44974,RENT,8.8,HOMEIMPROVEMENT,B,13971,11.36,0.311,32.11,33.98,731,N,30,0
CUST-14660,23,63013,RENT,1.9,EDUCATION,F,6002,22.12,0.095,19.55,79.1,528,N,5,0
CUST-14661,63,36388,RENT,1.3,PERSONAL,B,3251,11.28,0.089,22.74,34.1,684,N,35,1
CUST-14662,42,85291,OTHER,2.8,EDUCATION,D,6378,16.51,0.075,14.37,56.99,597,Y,23,0
CUST-14663,21,62545,RENT,3.0,VENTURE,E,3395,16.76,0.054,8.17,94.85,610,Y,3,0
CUST-14664,41,30076,RENT,0.2,HOMEIMPROVEMENT,A,7665,7.34,0.255,18.74,26.61,752,N,23,0
CUST-14665,56,24364,MORTGAGE,2.3,DEBTCONSOLIDATION,A,3192,6.03,0.131,11.84,53.54,803,N,35,0
CUST-14666,27,20410,MORTGAGE,2.1,PERSONAL,B,10706,10.64,0.525,19.53,84.45,733,Y,7,0
CUST-14667,26,54872,RENT,1.4,PERSONAL,C,6082,13.24,0.111,32.13,88.16,632,N,6,1
CUST-14668,33,69111,MORTGAGE,5.3,PERSONAL,D,9272,16.22,0.134,23.71,88.28,594,Y,11,1
CUST-14669,22,72444,RENT,1.7,EDUCATION,C,2778,,0.038,8.29,57.26,646,N,3,1
CUST-14670,69,45670,RENT,4.7,HOMEIMPROVEMENT,B,19619,10.02,0.43,13.69,52.38,695,N,35,0
CUST-14671,35,24484,RENT,3.5,PERSONAL,C,6765,13.87,0.276,18.81,53.65,690,N,14,1
CUST-14672,38,32557,MORTGAGE,1.2,MEDICAL,C,7787,12.4,0.239,18.87,34.12,631,N,18,0
CUST-14673,37,97871,RENT,1.6,MEDICAL,B,7442,9.75,0.076,18.33,43.54,704,N,19,0
CUST-14674,35,36651,MORTGAGE,0.9,EDUCATION,A,5387,5.4,0.147,25.87,44.49,762,N,16,0
CUST-14675,27,53425,RENT,0.3,VENTURE,C,12026,13.83,0.225,16.62,51.52,675,N,6,0
CUST-14676,52,25709,MORTGAGE,4.8,MEDICAL,C,8714,11.97,0.339,11.09,71.06,667,N,32,1
CUST-14677,68,59990,RENT,5.6,EDUCATION,B,10316,10.53,0.172,19.7,30.69,714,N,35,0
CUST-14678,31,37249,RENT,0.9,VENTURE,A,4401,8.35,0.118,4.5,62.86,733,N,10,0
CUST-14679,30,91860,MORTGAGE,4.8,EDUCATION,A,5240,9.03,0.057,6.22,19.59,737,Y,11,0
CUST-14680,24,77974,MORTGAGE,6.0,VENTURE,C,9846,13.11,0.126,19.92,88.2,659,Y,6,1
CUST-14681,46,36409,RENT,0.4,DEBTCONSOLIDATION,F,2901,22.75,0.08,24.07,89.89,523,Y,28,1
CUST-14682,31,45433,MORTGAGE,3.4,VENTURE,E,2482,19.49,0.055,7.13,47.73,537,N,9,0
CUST-14683,36,35218,MORTGAGE,6.6,EDUCATION,B,11384,8.25,0.323,13.67,47.88,685,N,15,0
CUST-14684,25,20917,RENT,0.2,VENTURE,D,3130,14.72,0.15,6.94,46.73,616,N,7,0
CUST-14685,52,29305,OWN,7.5,HOMEIMPROVEMENT,A,14010,8.52,0.478,22.56,75.68,792,N,33,0
CUST-14686,24,55211,MORTGAGE,6.0,EDUCATION,D,3385,17.89,0.061,10.61,46.55,577,Y,6,0
CUST-14687,47,59584,RENT,0.5,VENTURE,B,4113,7.96,0.069,18.02,96.33,661,N,25,0
CUST-14688,33,53590,RENT,8.6,MEDICAL,C,5579,13.9,0.104,15.86,92.0,677,N,11,0
CUST-14689,24,40903,MORTGAGE,2.4,HOMEIMPROVEMENT,A,2602,7.82,0.064,26.16,61.23,736,N,6,0
CUST-14690,52,85805,RENT,0.8,EDUCATION,D,21181,15.54,0.247,17.58,81.06,580,Y,32,1
CUST-14691,69,50925,RENT,3.4,DEBTCONSOLIDATION,B,12777,9.55,0.251,16.89,67.51,699,N,35,0
CUST-14692,67,74753,RENT,0.4,MEDICAL,A,7859,6.23,0.105,13.98,71.94,719,Y,35,1
CUST-14693,60,16911,MORTGAGE,3.7,EDUCATION,B,5213,8.19,0.308,21.4,28.89,777,N,35,0
CUST-14694,38,15000,RENT,0.1,EDUCATION,A,11738,6.24,0.783,29.46,79.75,723,N,19,1
CUST-14695,41,58120,MORTGAGE,6.5,EDUCATION,B,5568,11.34,0.096,34.67,61.14,707,N,22,0
CUST-14696,24,20850,RENT,3.3,PERSONAL,B,2731,10.08,0.131,24.15,51.42,718,N,4,0
CUST-14697,21,43153,RENT,3.0,PERSONAL,B,5270,11.38,0.122,11.07,82.45,733,Y,2,1
CUST-14698,49,40894,MORTGAGE,1.1,EDUCATION,D,3415,14.1,0.084,6.04,98.72,572,Y,31,1
CUST-14699,66,127063,MORTGAGE,2.2,MEDICAL,F,4285,22.53,0.034,11.51,95.18,546,Y,35,1
CUST-14700,58,62317,RENT,1.0,EDUCATION,A,6757,8.43,0.108,10.6,54.54,693,N,35,0
CUST-14701,23,54150,RENT,5.0,PERSONAL,A,7449,5.0,0.138,15.13,53.3,761,N,5,0
CUST-14702,52,80999,RENT,1.1,MEDICAL,B,13849,9.87,0.171,10.05,75.15,698,N,30,0
CUST-14703,32,61150,MORTGAGE,4.8,PERSONAL,A,13825,7.91,0.226,18.21,61.36,776,Y,14,0
CUST-14704,39,37249,RENT,1.6,EDUCATION,D,8564,18.06,0.23,12.05,35.08,619,Y,21,0
CUST-14705,26,93235,MORTGAGE,5.3,PERSONAL,B,10149,8.85,0.109,10.68,62.72,696,N,8,0
CUST-14706,34,25188,MORTGAGE,3.9,MEDICAL,B,6389,12.16,0.254,13.89,25.12,699,N,16,0
CUST-14707,42,59512,RENT,2.8,PERSONAL,A,1000,8.03,0.017,11.35,28.93,699,Y,23,0
CUST-14708,33,19369,RENT,5.6,EDUCATION,C,8151,12.3,0.421,41.26,59.08,621,Y,14,1
CUST-14709,42,55401,RENT,2.7,MEDICAL,F,9804,23.19,0.177,27.75,62.75,583,Y,20,1
CUST-14710,38,55038,RENT,8.6,PERSONAL,B,8866,13.26,0.161,20.71,46.2,707,N,17,0
CUST-14711,48,134037,MORTGAGE,6.5,MEDICAL,F,21798,21.6,0.163,19.86,47.5,554,Y,30,1
CUST-14712,39,19168,MORTGAGE,3.9,EDUCATION,A,9045,7.0,0.472,15.14,30.65,728,N,17,0
CUST-14713,48,34182,MORTGAGE,,HOMEIMPROVEMENT,A,3088,6.36,0.09,26.03,17.0,780,Y,26,0
CUST-14714,43,80306,RENT,8.8,HOMEIMPROVEMENT,F,15631,24.21,0.195,26.75,49.67,520,N,25,1
CUST-14715,37,59945,OWN,3.8,DEBTCONSOLIDATION,C,13318,12.62,0.222,28.58,38.25,600,Y,19,0
CUST-14716,29,54621,RENT,0.4,MEDICAL,A,9929,6.34,0.182,5.73,29.44,747,N,7,0
CUST-14717,60,27620,RENT,4.2,MEDICAL,B,7787,9.75,0.282,13.1,53.26,745,N,35,0
CUST-14718,27,34389,MORTGAGE,2.2,DEBTCONSOLIDATION,B,10983,9.77,0.319,20.6,55.83,628,N,8,0
CUST-14719,45,103468,MORTGAGE,3.9,EDUCATION,C,6920,12.81,0.067,7.47,32.05,676,N,26,0
CUST-14720,48,47528,RENT,5.2,MEDICAL,D,1816,15.55,0.038,30.52,92.69,616,Y,30,1
CUST-14721,29,61403,MORTGAGE,5.2,EDUCATION,A,3440,6.64,0.056,7.6,69.27,841,N,7,0
CUST-14722,36,45747,OWN,5.6,MEDICAL,C,7297,13.67,0.16,15.35,50.7,730,N,18,0
CUST-14723,21,24104,MORTGAGE,3.0,PERSONAL,B,3182,12.12,0.132,31.4,71.67,638,N,1,1
CUST-14724,25,85843,RENT,0.6,HOMEIMPROVEMENT,B,10687,9.31,0.124,19.22,56.03,748,N,7,0
CUST-14725,24,66299,MORTGAGE,1.1,DEBTCONSOLIDATION,B,2877,8.94,0.043,14.25,34.24,686,N,6,0
CUST-14726,47,195512,MORTGAGE,5.0,PERSONAL,B,4554,10.89,0.023,10.81,40.86,693,N,25,0
CUST-14727,60,26652,MORTGAGE,2.6,HOMEIMPROVEMENT,A,4116,8.14,0.154,29.87,41.52,730,N,35,0
CUST-14728,24,80301,MORTGAGE,6.0,EDUCATION,B,10266,12.35,0.128,5.12,61.29,676,N,5,0
CUST-14729,37,22316,OWN,0.7,PERSONAL,A,14988,9.19,0.672,19.54,28.1,796,N,16,0
CUST-14730,45,53874,RENT,1.1,VENTURE,A,3724,5.6,0.069,19.11,78.67,668,Y,27,1
CUST-14731,39,88071,RENT,4.1,PERSONAL,B,15828,8.1,0.18,5.23,24.06,677,N,20,0
CUST-14732,60,15000,RENT,3.5,MEDICAL,A,16354,8.18,1.09,29.89,56.76,774,N,35,1
CUST-14733,68,43349,RENT,1.5,PERSONAL,B,9746,11.15,0.225,23.84,53.9,629,N,35,1
CUST-14734,46,34963,RENT,2.6,MEDICAL,A,5771,9.28,0.165,32.51,60.35,742,Y,25,0
CUST-14735,68,32171,MORTGAGE,0.2,MEDICAL,B,6347,10.97,0.197,23.66,97.85,658,N,35,1
CUST-14736,31,61767,RENT,0.2,DEBTCONSOLIDATION,F,4243,21.32,0.069,34.02,66.91,538,Y,13,1
CUST-14737,26,96029,MORTGAGE,0.5,VENTURE,A,4143,8.75,0.043,10.25,64.56,752,N,4,0
CUST-14738,22,45253,MORTGAGE,4.0,PERSONAL,B,4951,9.25,0.109,13.35,56.08,733,N,1,0
CUST-14739,29,55453,RENT,10.0,EDUCATION,C,11444,15.91,0.206,8.89,93.26,569,N,7,1
CUST-14740,53,52500,OWN,1.5,DEBTCONSOLIDATION,A,6190,7.83,0.118,20.22,42.32,765,N,33,0
CUST-14741,44,49073,RENT,0.2,VENTURE,B,10340,9.62,0.211,13.42,35.98,674,N,25,0
CUST-14742,54,25498,MORTGAGE,6.2,MEDICAL,A,3916,6.44,0.154,9.38,56.21,801,N,32,0
CUST-14743,35,95326,MORTGAGE,9.7,MEDICAL,A,1912,7.73,0.02,5.03,29.88,734,N,14,0
CUST-14744,21,58519,RENT,0.7,EDUCATION,D,6191,16.4,0.106,10.83,82.59,581,Y,1,1
CUST-14745,43,62126,RENT,2.4,MEDICAL,A,2048,7.34,0.033,11.88,44.02,731,N,24,0
CUST-14746,29,30215,RENT,0.9,HOMEIMPROVEMENT,B,3658,8.93,0.121,23.18,49.84,720,N,11,0
CUST-14747,57,37215,MORTGAGE,0.6,PERSONAL,A,17595,7.31,0.473,26.57,77.74,774,N,35,0
CUST-14748,41,44104,MORTGAGE,5.2,DEBTCONSOLIDATION,A,7765,8.49,0.176,5.8,46.5,749,N,21,0
CUST-14749,45,19526,RENT,,EDUCATION,A,7319,6.59,0.375,23.1,85.1,716,N,27,1
CUST-14750,62,17804,MORTGAGE,5.7,MEDICAL,B,13634,10.81,0.766,36.64,48.14,659,N,35,1
CUST-14751,58,34185,RENT,20.9,PERSONAL,C,6102,14.84,0.178,7.37,39.72,674,N,35,0
CUST-14752,46,67071,RENT,2.8,MEDICAL,C,6652,14.26,0.099,32.39,50.6,668,N,27,1
CUST-14753,48,33127,OTHER,11.4,EDUCATION,B,5568,9.05,0.168,28.55,88.66,714,N,30,1
CUST-14754,66,26601,RENT,1.1,EDUCATION,B,10040,10.89,0.377,21.78,50.33,755,N,35,1
CUST-14755,57,30067,OWN,0.6,DEBTCONSOLIDATION,D,6839,18.26,0.227,42.24,78.22,582,N,35,1
CUST-14756,39,37301,MORTGAGE,6.1,MEDICAL,G,7016,25.1,0.188,14.65,40.89,569,N,20,0
CUST-14757,46,39643,OWN,2.3,EDUCATION,B,4653,11.92,0.117,12.37,25.46,712,N,25,0
CUST-14758,60,179748,RENT,1.9,MEDICAL,E,11946,20.68,0.066,20.11,46.69,552,Y,35,1
CUST-14759,39,92297,RENT,5.6,PERSONAL,B,9372,9.13,0.102,16.67,67.71,698,N,21,0
CUST-14760,63,90659,RENT,2.0,EDUCATION,C,6317,15.64,0.07,12.54,100.0,608,Y,35,1
CUST-14761,38,98829,MORTGAGE,4.2,EDUCATION,B,3576,12.0,0.036,7.23,62.9,664,N,19,0
CUST-14762,39,26922,MORTGAGE,1.8,MEDICAL,D,13802,16.16,0.513,18.97,74.53,606,Y,18,0
CUST-14763,54,23542,RENT,7.7,HOMEIMPROVEMENT,B,13942,12.06,0.592,39.86,87.43,727,N,35,0
CUST-14764,66,25232,MORTGAGE,1.9,PERSONAL,C,9453,13.35,0.375,27.94,43.78,625,Y,35,1
CUST-14765,21,109174,RENT,3.0,VENTURE,B,7410,10.39,0.068,16.02,38.55,775,N,3,0
CUST-14766,49,35301,RENT,0.1,PERSONAL,D,3066,15.43,0.087,21.78,70.41,609,Y,28,0
CUST-14767,53,23136,RENT,7.8,EDUCATION,G,4442,23.26,0.192,24.91,97.63,479,N,31,1
CUST-14768,41,37850,RENT,4.8,MEDICAL,A,8090,7.68,0.214,13.51,60.24,705,N,23,0
CUST-14769,22,42482,RENT,1.1,PERSONAL,B,5649,10.2,0.133,18.13,36.22,682,N,1,0
CUST-14770,25,57586,RENT,1.2,MEDICAL,A,2651,5.72,0.046,25.59,43.61,800,N,3,0
CUST-14771,34,56986,MORTGAGE,1.5,EDUCATION,A,12435,7.92,0.218,10.8,25.67,810,N,15,0
CUST-14772,46,29824,MORTGAGE,4.3,DEBTCONSOLIDATION,E,10110,20.11,0.339,31.99,63.55,591,N,27,1
CUST-14773,29,73968,RENT,4.0,VENTURE,B,7232,10.86,0.098,21.74,69.39,702,N,8,0
CUST-14774,28,33405,MORTGAGE,1.6,EDUCATION,B,7861,10.85,0.235,20.12,29.8,650,N,8,0
CUST-14775,52,44633,MORTGAGE,5.9,PERSONAL,C,5708,13.99,0.128,10.01,54.36,560,N,32,0
CUST-14776,51,74018,RENT,11.0,PERSONAL,B,5858,10.7,0.079,17.36,46.94,707,N,33,0
CUST-14777,67,33353,MORTGAGE,0.2,PERSONAL,A,13916,7.92,0.417,22.79,46.07,736,N,35,0
CUST-14778,25,34835,MORTGAGE,2.7,VENTURE,A,2409,,0.069,22.77,44.43,731,N,3,1
CUST-14779,60,69912,MORTGAGE,4.5,HOMEIMPROVEMENT,B,18744,9.8,0.268,9.25,39.51,714,N,35,0
CUST-14780,55,29300,MORTGAGE,4.4,PERSONAL,A,1075,5.98,0.037,14.37,50.07,703,N,35,0
CUST-14781,21,38914,MORTGAGE,0.1,EDUCATION,A,7209,7.88,0.185,7.13,57.2,801,N,1,0
CUST-14782,48,68421,RENT,1.2,EDUCATION,B,7355,10.68,0.107,8.22,48.33,765,N,30,0
CUST-14783,23,168123,MORTGAGE,0.3,VENTURE,D,7850,17.04,0.047,9.45,88.19,634,N,3,0
CUST-14784,20,70491,RENT,2.0,PERSONAL,A,8942,8.87,0.127,20.61,16.64,739,N,1,0
CUST-14785,38,65093,OWN,5.2,DEBTCONSOLIDATION,D,5167,16.46,0.079,20.23,61.99,589,Y,18,0
CUST-14786,45,67405,RENT,0.9,VENTURE,C,11037,13.34,0.164,27.44,64.54,639,N,26,0
CUST-14787,44,25747,RENT,2.0,DEBTCONSOLIDATION,A,11703,8.06,0.455,13.15,26.78,761,N,26,0
CUST-14788,29,52541,MORTGAGE,2.0,EDUCATION,B,15797,9.28,0.301,16.32,82.89,735,N,10,0
CUST-14789,34,48153,RENT,8.6,MEDICAL,B,10084,10.55,0.209,18.69,66.01,716,N,16,0
CUST-14790,41,59453,MORTGAGE,1.1,VENTURE,D,5787,16.38,0.097,6.53,54.4,654,N,22,1
CUST-14791,67,52570,RENT,4.0,VENTURE,D,3412,17.55,0.065,7.73,83.8,629,N,35,1
CUST-14792,40,61563,MORTGAGE,7.6,PERSONAL,A,5753,6.95,0.093,12.93,21.47,786,N,19,0
CUST-14793,41,40664,RENT,8.8,DEBTCONSOLIDATION,C,7460,,0.183,22.6,56.89,649,N,22,0
CUST-14794,55,50775,RENT,5.5,DEBTCONSOLIDATION,B,8500,10.31,0.167,5.49,52.3,660,N,35,0
CUST-14795,53,23465,RENT,1.8,PERSONAL,A,6521,5.0,0.278,11.47,82.39,795,N,33,0
CUST-14796,49,40459,MORTGAGE,8.7,MEDICAL,A,7037,6.87,0.174,32.8,46.16,826,N,27,0
CUST-14797,44,112927,MORTGAGE,6.8,EDUCATION,C,10858,13.49,0.096,14.17,56.43,660,N,23,0
CUST-14798,64,59354,MORTGAGE,6.1,HOMEIMPROVEMENT,A,12126,6.43,0.204,33.92,80.73,731,N,35,0
CUST-14799,47,48409,OTHER,0.3,VENTURE,B,19551,10.35,0.404,13.29,59.75,717,N,29,0
CUST-14800,20,152920,MORTGAGE,0.2,EDUCATION,D,7500,18.11,0.049,10.52,53.02,598,Y,2,0
CUST-14801,68,21665,OWN,5.9,PERSONAL,C,6776,14.66,0.313,20.24,98.66,651,N,35,0
CUST-14802,64,25193,RENT,14.5,EDUCATION,D,10107,14.26,0.401,18.72,50.77,613,N,35,0
CUST-14803,23,136985,RENT,5.0,PERSONAL,A,9692,8.41,0.071,7.56,25.22,723,N,1,0
CUST-14804,26,50391,RENT,8.0,PERSONAL,B,6229,11.17,0.124,9.79,63.41,675,Y,5,0
CUST-14805,68,42380,RENT,3.9,VENTURE,E,9617,19.39,0.227,30.07,45.37,567,N,35,0
CUST-14806,28,23872,MORTGAGE,1.8,VENTURE,A,22347,5.0,0.936,38.74,50.53,743,Y,10,1
CUST-14807,55,64126,MORTGAGE,5.7,MEDICAL,C,6197,14.44,0.097,16.57,46.05,670,N,35,1
CUST-14808,38,67960,MORTGAGE,6.2,VENTURE,A,2983,6.98,0.044,22.75,28.85,759,N,17,0
CUST-14809,20,25420,MORTGAGE,2.0,PERSONAL,C,6714,13.75,0.264,18.16,43.85,671,N,1,0
CUST-14810,29,45063,OWN,11.0,EDUCATION,C,2949,12.34,0.065,14.11,25.28,645,N,10,0
CUST-14811,55,40082,MORTGAGE,2.3,VENTURE,E,4677,18.61,0.117,10.91,72.5,542,Y,35,1
CUST-14812,28,57158,RENT,0.2,EDUCATION,B,8018,11.62,0.14,11.47,60.79,663,N,9,1
CUST-14813,64,25045,RENT,12.0,EDUCATION,D,4235,18.45,0.169,14.97,41.99,645,N,35,0
CUST-14814,65,103898,RENT,0.9,PERSONAL,A,15638,6.99,0.151,16.79,58.22,733,N,35,0
CUST-14815,61,84922,RENT,6.0,MEDICAL,B,5712,12.32,0.067,7.74,79.77,678,N,35,1
CUST-14816,51,39422,MORTGAGE,10.3,HOMEIMPROVEMENT,B,14087,9.99,0.357,19.59,17.76,745,N,31,0
CUST-14817,51,43051,MORTGAGE,1.9,MEDICAL,B,3100,9.97,0.072,25.75,54.51,686,Y,29,0
CUST-14818,25,45168,RENT,7.0,PERSONAL,B,3349,8.8,0.074,8.72,47.33,624,N,7,0
CUST-14819,67,30730,MORTGAGE,2.0,HOMEIMPROVEMENT,F,6893,22.6,0.224,20.24,48.77,538,Y,35,1
CUST-14820,57,37569,MORTGAGE,7.9,PERSONAL,A,4195,7.27,0.112,18.78,95.3,731,N,35,0
CUST-14821,36,41682,RENT,0.4,MEDICAL,A,3798,7.33,0.091,22.39,42.36,725,Y,15,0
CUST-14822,29,129019,RENT,5.3,EDUCATION,F,8807,21.54,0.068,22.64,91.75,525,N,11,1
CUST-14823,69,86506,OWN,5.7,DEBTCONSOLIDATION,B,3261,9.31,0.038,15.15,56.59,628,Y,35,1
CUST-14824,46,85887,MORTGAGE,3.4,VENTURE,B,13190,11.25,0.154,10.93,64.47,635,N,27,0
CUST-14825,69,61203,RENT,5.8,MEDICAL,A,9873,7.43,0.161,5.95,48.79,734,N,35,0
CUST-14826,54,25074,RENT,12.8,VENTURE,A,10014,8.47,0.399,19.82,49.53,770,N,32,1
CUST-14827,40,47815,RENT,6.6,MEDICAL,A,13495,6.37,0.282,11.75,58.43,741,N,18,0
CUST-14828,44,87754,RENT,,PERSONAL,A,10199,7.79,0.116,3.63,62.44,739,N,22,0
CUST-14829,47,23041,MORTGAGE,3.0,VENTURE,C,5855,16.06,0.254,21.25,51.23,650,N,25,1
CUST-14830,66,71820,RENT,3.8,MEDICAL,C,11788,,0.164,17.49,86.18,681,N,35,1
CUST-14831,34,197514,RENT,1.5,VENTURE,D,6429,15.92,0.033,14.72,48.93,611,N,14,1
CUST-14832,23,92696,RENT,5.0,PERSONAL,A,7737,6.9,0.083,15.08,60.81,748,N,5,0
CUST-14833,48,114510,MORTGAGE,0.3,PERSONAL,B,8003,9.25,0.07,14.87,50.76,681,N,29,0
CUST-14834,28,55882,RENT,2.2,MEDICAL,B,3008,12.49,0.054,5.18,42.65,686,N,6,0
CUST-14835,46,87619,RENT,1.8,MEDICAL,A,13586,5.0,0.155,18.95,29.64,756,Y,27,0
CUST-14836,45,31865,MORTGAGE,2.4,EDUCATION,D,13386,15.03,0.42,13.51,77.06,656,N,23,1
CUST-14837,38,79024,RENT,12.5,EDUCATION,B,5206,11.06,0.066,17.58,41.87,708,N,17,0
CUST-14838,47,72593,RENT,2.3,VENTURE,F,4327,21.12,0.06,16.42,82.82,502,N,26,1
CUST-14839,36,58334,RENT,12.4,PERSONAL,A,7877,7.46,0.135,23.89,34.35,739,N,14,0
CUST-14840,62,107969,MORTGAGE,2.8,MEDICAL,A,14173,7.47,0.131,13.71,9.45,789,Y,35,0
CUST-14841,60,35480,OWN,9.6,MEDICAL,B,3464,11.1,0.098,13.99,73.11,703,N,35,0
CUST-14842,61,43816,RENT,3.7,EDUCATION,A,4108,7.6,0.094,13.35,54.14,702,N,35,0
CUST-14843,69,51910,RENT,1.9,HOMEIMPROVEMENT,C,18415,13.03,0.355,12.64,67.69,665,N,35,0
CUST-14844,39,26429,RENT,3.0,PERSONAL,E,1363,19.66,0.052,17.72,36.55,547,Y,21,1
CUST-14845,64,56171,MORTGAGE,,HOMEIMPROVEMENT,A,5505,7.29,0.098,14.18,78.81,710,N,35,0
CUST-14846,59,17477,MORTGAGE,1.5,VENTURE,A,11678,9.53,0.668,20.31,42.47,753,Y,35,1
CUST-14847,58,91873,MORTGAGE,1.7,MEDICAL,A,15487,6.81,0.169,26.66,15.07,721,N,35,0
CUST-14848,68,50411,MORTGAGE,1.0,DEBTCONSOLIDATION,B,14405,11.17,0.286,9.83,26.36,728,N,35,0
CUST-14849,42,35863,OWN,2.0,VENTURE,B,4306,11.6,0.12,22.94,47.07,703,N,22,1
CUST-14850,66,29714,OWN,4.9,DEBTCONSOLIDATION,C,9301,11.91,0.313,27.78,71.51,697,Y,35,0
CUST-14851,51,42584,MORTGAGE,2.4,MEDICAL,C,11597,12.16,0.272,14.18,58.78,662,N,33,0
CUST-14852,66,74084,RENT,6.2,MEDICAL,B,9736,12.82,0.131,8.52,61.67,683,N,35,1
CUST-14853,52,68093,RENT,21.7,MEDICAL,B,36324,9.69,0.533,24.75,43.17,682,N,33,0
CUST-14854,65,32102,MORTGAGE,2.4,PERSONAL,D,4345,16.51,0.135,15.55,40.61,597,N,35,0
CUST-14855,24,29506,MORTGAGE,3.1,DEBTCONSOLIDATION,B,10872,10.29,0.368,9.77,19.74,717,N,6,0
CUST-14856,62,72703,MORTGAGE,0.9,VENTURE,A,1000,7.45,0.014,12.77,77.95,700,N,35,0
CUST-14857,67,31779,RENT,2.5,VENTURE,A,9233,7.05,0.291,36.15,23.82,760,N,35,0
CUST-14858,53,50814,MORTGAGE,6.5,DEBTCONSOLIDATION,A,1648,7.65,0.032,8.69,29.1,718,N,31,0
CUST-14859,59,52799,RENT,1.2,DEBTCONSOLIDATION,B,14173,9.52,0.268,19.89,44.78,778,N,35,0
CUST-14860,30,59114,MORTGAGE,,PERSONAL,B,13688,10.23,0.232,8.22,38.64,719,N,8,1
CUST-14861,69,82040,RENT,2.4,VENTURE,A,6219,5.13,0.076,20.32,42.7,773,N,35,0
CUST-14862,22,22976,RENT,4.0,MEDICAL,C,8153,13.36,0.355,21.84,68.14,653,N,4,0
CUST-14863,52,15573,RENT,4.9,MEDICAL,B,16215,10.9,1.041,30.41,74.21,644,N,30,1
CUST-14864,30,34875,MORTGAGE,12.0,DEBTCONSOLIDATION,A,8552,8.65,0.245,11.53,37.88,751,N,11,0
CUST-14865,35,144482,MORTGAGE,11.7,HOMEIMPROVEMENT,C,7926,14.88,0.055,21.59,70.39,664,N,15,0
CUST-14866,37,164934,RENT,0.8,VENTURE,C,1368,,0.008,4.24,75.14,630,N,19,0
CUST-14867,49,147076,RENT,0.2,EDUCATION,A,5347,8.51,0.036,7.69,27.3,747,N,28,0
CUST-14868,67,43661,MORTGAGE,2.5,VENTURE,F,2153,20.62,0.049,12.41,100.0,552,N,35,0
CUST-14869,29,16826,RENT,3.7,MEDICAL,A,2613,6.88,0.155,17.26,35.91,754,N,7,0
CUST-14870,37,15000,OTHER,3.6,EDUCATION,C,9293,15.44,0.62,32.36,38.23,660,N,16,0
CUST-14871,57,33913,MORTGAGE,0.7,MEDICAL,F,8852,22.22,0.261,33.77,73.26,548,N,35,1
CUST-14872,38,43527,RENT,0.7,EDUCATION,C,6789,13.78,0.156,6.88,44.76,693,N,20,0
CUST-14873,55,106977,MORTGAGE,0.2,MEDICAL,C,9820,13.29,0.092,9.27,100.0,621,N,35,0
CUST-14874,32,82510,RENT,9.5,VENTURE,D,7685,18.74,0.093,9.93,20.75,678,N,13,0
CUST-14875,65,56187,MORTGAGE,14.8,PERSONAL,A,6559,8.14,0.117,10.26,19.57,818,N,35,0
CUST-14876,22,28741,RENT,0.6,VENTURE,A,10147,9.28,0.353,14.31,52.62,731,N,4,0
CUST-14877,29,27543,OTHER,1.2,PERSONAL,C,21086,12.79,0.766,48.7,24.43,674,N,11,1
CUST-14878,57,57095,MORTGAGE,0.5,MEDICAL,D,4008,15.33,0.07,7.44,25.38,674,N,35,0
CUST-14879,20,74475,MORTGAGE,2.0,MEDICAL,B,17756,9.58,0.238,27.15,44.09,750,N,1,0
CUST-14880,46,62014,RENT,15.9,VENTURE,F,2958,22.75,0.048,22.63,53.84,470,Y,26,1
CUST-14881,65,26350,RENT,1.5,VENTURE,A,7229,9.48,0.274,24.95,26.71,745,N,35,0
CUST-14882,27,72431,MORTGAGE,1.8,EDUCATION,D,3280,17.4,0.045,26.52,47.46,592,Y,8,0
CUST-14883,65,63294,MORTGAGE,2.3,PERSONAL,E,12056,20.55,0.19,24.75,95.96,600,Y,35,0
CUST-14884,61,25786,RENT,3.5,VENTURE,B,1546,10.71,0.06,21.88,60.97,733,Y,35,0
CUST-14885,36,30619,RENT,5.7,MEDICAL,F,2492,20.47,0.081,22.95,67.28,489,N,14,1
CUST-14886,28,74094,RENT,3.5,EDUCATION,A,9903,9.93,0.134,23.38,47.48,725,N,6,1
CUST-14887,25,42586,MORTGAGE,7.0,EDUCATION,E,10784,20.3,0.253,30.83,97.09,515,N,3,1
CUST-14888,62,127196,RENT,0.5,PERSONAL,D,8866,17.13,0.07,24.54,72.83,607,N,35,1
CUST-14889,44,66216,RENT,8.0,EDUCATION,A,10740,8.55,0.162,17.79,82.63,740,N,23,0
CUST-14890,58,36607,RENT,2.0,MEDICAL,B,1632,8.44,0.045,14.09,61.04,716,N,35,1
CUST-14891,68,48721,RENT,2.4,MEDICAL,B,7467,9.9,0.153,10.97,100.0,763,N,35,0
CUST-14892,47,50920,RENT,6.2,MEDICAL,A,7607,8.25,0.149,13.74,35.29,759,N,27,0
CUST-14893,52,31664,OWN,13.3,EDUCATION,A,8274,7.33,0.261,10.43,48.89,740,N,31,0
CUST-14894,56,28351,RENT,6.3,DEBTCONSOLIDATION,A,12177,7.41,0.43,15.43,64.64,778,N,35,1
CUST-14895,28,74670,OWN,7.5,MEDICAL,B,9781,12.04,0.131,14.4,76.54,688,N,7,0
CUST-14896,37,81402,RENT,6.9,MEDICAL,B,20511,10.64,0.252,8.36,60.54,694,N,19,0
CUST-14897,40,70422,RENT,1.9,PERSONAL,E,9749,22.35,0.138,21.64,64.05,576,Y,18,1
CUST-14898,21,121684,RENT,3.0,MEDICAL,B,11035,10.45,0.091,6.61,60.14,658,N,3,1
CUST-14899,62,35416,MORTGAGE,7.7,VENTURE,C,3833,14.47,0.108,24.75,87.26,639,N,35,1
CUST-14900,57,133861,MORTGAGE,3.8,MEDICAL,A,10100,8.08,0.075,25.11,41.82,722,N,35,0
CUST-14901,59,28551,RENT,3.8,HOMEIMPROVEMENT,C,5721,12.81,0.2,12.97,64.04,678,N,35,0
CUST-14902,55,26699,RENT,7.1,VENTURE,E,5482,18.26,0.205,26.33,82.18,534,Y,35,1
CUST-14903,69,17052,OWN,8.5,HOMEIMPROVEMENT,B,11966,10.54,0.702,31.29,54.77,667,N,35,0
CUST-14904,62,37516,OTHER,2.1,PERSONAL,B,2499,12.8,0.067,3.22,100.0,675,N,35,0
CUST-14905,56,36234,RENT,8.1,EDUCATION,C,8198,13.03,0.226,15.08,49.9,623,N,35,0
CUST-14906,34,67208,MORTGAGE,8.4,EDUCATION,B,6517,11.12,0.097,7.91,72.09,759,N,13,0
CUST-14907,47,56745,RENT,1.3,VENTURE,B,13138,10.19,0.232,16.81,45.77,738,N,28,0
CUST-14908,37,23961,RENT,6.3,MEDICAL,A,12120,7.77,0.506,12.91,71.38,767,N,19,0
CUST-14909,53,38729,RENT,1.0,HOMEIMPROVEMENT,B,6626,11.87,0.171,15.71,29.61,686,N,34,0
CUST-14910,41,39227,RENT,0.5,EDUCATION,C,3756,13.64,0.096,26.16,59.79,648,N,23,0
CUST-14911,30,16888,MORTGAGE,4.3,EDUCATION,E,13687,18.76,0.81,32.31,84.45,625,N,10,0
CUST-14912,32,27212,RENT,12.0,EDUCATION,B,7482,12.43,0.275,10.78,47.4,689,N,11,0
CUST-14913,23,30869,MORTGAGE,0.2,PERSONAL,A,15751,6.77,0.51,19.32,89.2,712,N,2,0
CUST-14914,41,115864,OWN,8.8,PERSONAL,A,9394,8.31,0.081,28.42,56.89,779,N,20,0
CUST-14915,26,54988,RENT,3.5,EDUCATION,E,7499,17.71,0.136,27.87,66.43,562,Y,8,0
CUST-14916,62,72933,RENT,9.9,PERSONAL,E,6003,21.04,0.082,21.64,62.34,564,N,35,0
CUST-14917,43,19946,MORTGAGE,9.3,VENTURE,A,9574,10.63,0.48,22.23,40.15,742,N,21,0
CUST-14918,23,100360,RENT,5.0,EDUCATION,D,2740,16.47,0.027,27.42,90.49,605,N,4,0
CUST-14919,47,107008,RENT,7.3,PERSONAL,F,4987,20.77,0.047,14.22,46.69,547,N,25,0
CUST-14920,34,15000,RENT,9.3,EDUCATION,B,14260,11.42,0.951,28.88,54.93,689,N,12,1
CUST-14921,20,32106,RENT,1.0,DEBTCONSOLIDATION,C,3132,13.61,0.098,11.11,80.54,661,N,1,0
CUST-14922,22,66003,MORTGAGE,1.8,MEDICAL,B,12881,13.07,0.195,20.82,42.04,737,Y,1,1
CUST-14923,33,72159,MORTGAGE,1.4,DEBTCONSOLIDATION,B,17433,9.78,0.242,29.17,36.41,752,N,15,0
CUST-14924,57,32627,RENT,6.8,MEDICAL,A,5330,5.9,0.163,22.83,60.66,718,N,35,0
CUST-14925,69,40810,MORTGAGE,0.8,DEBTCONSOLIDATION,B,18437,10.86,0.452,24.49,58.13,736,N,35,0
CUST-14926,20,34254,OWN,1.0,EDUCATION,E,24280,20.2,0.709,19.98,54.64,610,N,2,0
CUST-14927,57,52378,RENT,10.6,EDUCATION,D,5520,15.58,0.105,10.35,79.64,654,N,35,0
CUST-14928,57,100539,RENT,,VENTURE,B,7654,11.65,0.076,11.3,59.7,702,N,35,0
CUST-14929,40,30864,OWN,10.4,DEBTCONSOLIDATION,B,5092,10.57,0.165,14.51,62.7,692,N,22,0
CUST-14930,67,89365,OWN,0.8,HOMEIMPROVEMENT,B,9000,10.18,0.101,9.44,80.69,646,N,35,1
CUST-14931,48,30668,RENT,2.5,MEDICAL,B,9646,11.15,0.315,11.03,54.77,703,N,27,0
CUST-14932,24,29478,RENT,1.7,PERSONAL,C,5323,13.15,0.181,10.56,36.32,712,N,2,0
CUST-14933,68,80110,RENT,0.0,EDUCATION,B,4598,9.62,0.057,30.46,42.54,711,N,35,1
CUST-14934,29,85234,RENT,1.7,PERSONAL,A,10514,5.56,0.123,25.14,47.25,742,N,9,0
CUST-14935,47,81702,MORTGAGE,2.4,EDUCATION,A,6456,6.76,0.079,11.19,30.01,770,N,25,0
CUST-14936,40,22259,RENT,0.5,EDUCATION,B,6052,,0.272,10.06,61.37,658,N,21,0
CUST-14937,69,37065,RENT,4.2,EDUCATION,C,10436,13.54,0.282,26.76,37.49,640,N,35,0
CUST-14938,26,80321,MORTGAGE,2.4,HOMEIMPROVEMENT,B,5942,9.28,0.074,6.24,79.3,729,N,5,0
CUST-14939,22,50258,OWN,0.2,PERSONAL,C,4727,15.02,0.094,11.09,88.06,670,N,3,0
CUST-14940,64,25739,RENT,6.1,EDUCATION,C,4887,13.44,0.19,10.11,46.58,632,Y,35,0
CUST-14941,66,64536,RENT,6.5,EDUCATION,B,16828,10.85,0.261,38.61,40.19,762,N,35,1
CUST-14942,39,31924,OTHER,9.0,EDUCATION,F,9253,22.33,0.29,12.35,100.0,479,Y,21,1
CUST-14943,38,143877,MORTGAGE,3.3,EDUCATION,A,8091,9.28,0.056,10.01,57.98,761,N,16,0
CUST-14944,54,123859,RENT,17.3,EDUCATION,E,7039,17.91,0.057,27.13,52.12,600,N,34,1
CUST-14945,23,70435,RENT,5.0,DEBTCONSOLIDATION,A,7064,9.25,0.1,10.92,51.1,793,N,4,0
CUST-14946,24,110924,RENT,4.0,MEDICAL,B,2025,,0.018,8.87,54.82,704,N,4,0
CUST-14947,20,50964,MORTGAGE,2.0,PERSONAL,B,3072,10.59,0.06,3.88,79.26,727,Y,2,1
CUST-14948,23,77595,RENT,0.0,MEDICAL,B,17453,9.48,0.225,27.21,80.19,700,N,4,1
CUST-14949,31,118970,RENT,6.2,PERSONAL,F,2745,21.7,0.023,5.29,46.35,588,N,10,1
CUST-14950,46,56800,RENT,4.2,EDUCATION,A,5236,7.55,0.092,9.34,31.59,761,N,28,0
CUST-14951,61,42061,RENT,13.9,EDUCATION,C,6202,15.67,0.147,27.64,59.16,691,N,35,0
CUST-14952,42,17627,MORTGAGE,4.5,PERSONAL,D,5324,18.22,0.302,28.1,64.98,570,N,23,1
CUST-14953,44,46635,RENT,24.7,VENTURE,A,3872,7.03,0.083,26.15,56.33,746,N,23,0
CUST-14954,40,80342,RENT,9.6,HOMEIMPROVEMENT,F,12469,24.41,0.155,15.22,61.74,549,N,21,1
CUST-14955,43,86455,OWN,15.4,EDUCATION,B,2713,11.64,0.031,13.15,56.35,719,N,24,0
CUST-14956,44,66344,MORTGAGE,2.0,VENTURE,E,24122,20.07,0.364,29.44,71.71,550,N,24,1
CUST-14957,64,35426,RENT,0.8,EDUCATION,C,3013,13.16,0.085,13.0,64.39,585,Y,35,0
CUST-14958,65,15000,MORTGAGE,8.0,PERSONAL,C,15493,12.81,1.033,28.86,86.86,588,Y,35,1
CUST-14959,51,36419,RENT,7.7,EDUCATION,B,18794,11.15,0.516,27.4,80.84,667,N,32,1
CUST-14960,51,40839,MORTGAGE,1.2,MEDICAL,C,1780,13.96,0.044,9.04,69.12,748,N,33,0
CUST-14961,24,40629,MORTGAGE,6.0,PERSONAL,A,8422,7.03,0.207,12.17,100.0,644,N,6,0
CUST-14962,55,71049,MORTGAGE,4.4,VENTURE,B,10190,11.84,0.143,7.94,57.7,694,N,35,0
CUST-14963,65,161362,MORTGAGE,0.6,VENTURE,A,9225,7.7,0.057,17.14,66.42,740,N,35,0
CUST-14964,61,52792,RENT,3.5,HOMEIMPROVEMENT,B,10571,11.0,0.2,11.67,34.53,701,N,35,0
CUST-14965,68,43043,MORTGAGE,13.4,PERSONAL,A,4644,8.79,0.108,4.53,53.24,747,N,35,0
CUST-14966,61,41959,RENT,3.5,PERSONAL,E,13201,20.49,0.315,23.4,57.39,536,Y,35,1
CUST-14967,58,52819,RENT,7.8,PERSONAL,C,4358,11.56,0.083,11.74,44.8,686,N,35,0
CUST-14968,35,29822,OWN,0.1,DEBTCONSOLIDATION,C,5556,14.41,0.186,36.12,84.94,593,Y,13,0
CUST-14969,52,52686,MORTGAGE,6.5,VENTURE,D,3812,16.53,0.072,19.85,77.44,675,N,34,0
CUST-14970,68,64246,OWN,14.7,HOMEIMPROVEMENT,C,12375,12.96,0.193,19.28,67.99,666,N,35,0
CUST-14971,40,55592,RENT,3.5,MEDICAL,A,11691,7.56,0.21,8.38,72.36,718,N,21,0
CUST-14972,28,64506,RENT,2.1,MEDICAL,B,4071,10.13,0.063,10.67,68.84,676,Y,6,1
CUST-14973,25,63592,RENT,,EDUCATION,F,6269,22.15,0.099,30.53,44.09,570,N,3,1
CUST-14974,64,16930,MORTGAGE,12.4,HOMEIMPROVEMENT,A,17402,7.48,1.028,23.19,73.42,703,N,35,1
CUST-14975,54,71834,RENT,1.0,HOMEIMPROVEMENT,B,2126,,0.03,9.64,64.84,702,N,33,0
CUST-14976,58,32774,RENT,2.6,EDUCATION,B,22879,8.66,0.698,19.55,54.08,699,N,35,0
CUST-14977,41,25399,RENT,0.8,EDUCATION,B,4469,10.72,0.176,8.9,68.1,698,N,20,0
CUST-14978,60,25268,MORTGAGE,3.4,VENTURE,E,6240,19.47,0.247,15.57,53.08,589,N,35,1
CUST-14979,24,63584,RENT,3.9,PERSONAL,B,8049,13.2,0.127,5.38,81.7,723,N,6,1
CUST-14980,61,42892,MORTGAGE,14.4,HOMEIMPROVEMENT,A,3006,5.15,0.07,30.46,51.54,764,N,35,0
CUST-14981,42,17868,RENT,2.7,MEDICAL,F,11778,23.11,0.659,30.54,85.99,569,Y,20,1
CUST-14982,36,65304,RENT,4.2,MEDICAL,C,4748,14.02,0.073,14.81,29.1,659,N,16,0
CUST-14983,31,20665,RENT,10.8,VENTURE,B,4934,11.42,0.239,10.4,30.39,682,N,11,0
CUST-14984,42,53310,OWN,1.9,VENTURE,A,27768,6.96,0.521,23.38,38.76,710,N,24,0
CUST-14985,35,56562,RENT,5.6,EDUCATION,E,6858,19.88,0.121,27.99,88.7,572,N,14,0
CUST-14986,22,83395,RENT,4.0,DEBTCONSOLIDATION,A,9153,7.67,0.11,16.72,74.99,764,N,1,0
CUST-14987,49,142772,MORTGAGE,2.0,DEBTCONSOLIDATION,B,7526,,0.053,16.18,69.56,638,N,29,0
CUST-14988,41,21616,RENT,0.9,MEDICAL,A,13788,7.13,0.638,15.14,33.34,766,N,23,0
CUST-14989,28,47501,MORTGAGE,3.5,MEDICAL,G,16566,23.56,0.349,12.66,75.37,469,N,10,0
CUST-14990,48,41531,RENT,2.2,MEDICAL,C,9077,15.9,0.219,15.17,36.27,618,N,27,0
CUST-14991,66,63592,RENT,1.5,MEDICAL,B,22715,10.91,0.357,26.8,50.22,705,N,35,0
CUST-14992,56,55792,RENT,18.1,DEBTCONSOLIDATION,C,15241,14.12,0.273,16.73,42.01,577,Y,35,1
CUST-14993,42,39674,RENT,3.5,EDUCATION,E,4816,20.85,0.121,13.29,79.18,621,N,22,0
CUST-14994,32,37626,MORTGAGE,9.7,PERSONAL,F,31234,22.09,0.83,33.79,60.81,562,Y,10,1
CUST-14995,51,25087,MORTGAGE,1.1,DEBTCONSOLIDATION,C,4013,13.0,0.16,14.56,35.21,608,N,30,0
CUST-14996,65,88673,MORTGAGE,14.0,EDUCATION,D,13823,16.66,0.156,13.69,40.97,603,N,35,0
CUST-14997,66,64571,OWN,7.9,VENTURE,B,8534,9.49,0.132,11.61,71.21,705,N,35,0
CUST-14998,67,85021,RENT,8.3,EDUCATION,B,5994,8.76,0.071,21.64,37.41,674,N,35,0
CUST-14999,42,40691,RENT,2.5,DEBTCONSOLIDATION,D,18533,15.49,0.455,26.62,40.41,593,N,23,1
CUST-15000,64,33054,MORTGAGE,3.3,HOMEIMPROVEMENT,C,8519,10.67,0.258,18.73,66.48,646,N,35,0
CUST-15001,36,25668,MORTGAGE,4.5,DEBTCONSOLIDATION,D,10114,16.06,0.394,38.26,29.2,610,Y,15,1
CUST-15002,59,60800,RENT,7.8,DEBTCONSOLIDATION,A,2118,6.9,0.035,6.7,20.21,745,N,35,0
CUST-15003,40,26268,MORTGAGE,9.5,PERSONAL,C,13862,14.22,0.528,23.99,35.63,652,N,20,0
CUST-15004,21,148627,RENT,0.4,MEDICAL,C,10184,13.65,0.069,21.01,39.06,663,N,3,0
CUST-15005,56,22368,MORTGAGE,11.7,VENTURE,C,6460,13.33,0.289,11.51,55.33,638,N,35,0
CUST-15006,25,57768,MORTGAGE,7.0,HOMEIMPROVEMENT,A,10263,8.91,0.178,25.66,31.69,765,N,5,0
CUST-15007,63,125506,MORTGAGE,4.5,EDUCATION,D,11321,16.0,0.09,21.46,37.8,651,N,35,0
CUST-15008,37,70224,RENT,1.0,DEBTCONSOLIDATION,B,8741,9.17,0.124,13.45,82.12,716,N,19,0
CUST-15009,49,54469,MORTGAGE,8.5,EDUCATION,C,5514,,0.101,34.18,66.24,711,N,30,0
CUST-15010,41,27416,MORTGAGE,4.0,HOMEIMPROVEMENT,B,12427,10.53,0.453,23.58,56.18,651,N,20,1
CUST-15011,52,21395,RENT,,MEDICAL,B,9645,10.44,0.451,28.59,34.47,680,N,30,0
CUST-15012,49,77810,RENT,8.4,MEDICAL,C,2892,15.02,0.037,12.7,30.69,663,N,28,0
CUST-15013,36,121017,OWN,0.5,EDUCATION,F,20498,20.96,0.169,20.62,90.17,538,Y,18,1
CUST-15014,62,37672,RENT,4.7,PERSONAL,B,15030,11.4,0.399,16.78,51.05,686,N,35,0
CUST-15015,51,24749,RENT,3.3,EDUCATION,C,15506,10.52,0.627,39.35,72.2,671,N,30,1
CUST-15016,61,15000,RENT,14.6,MEDICAL,B,8893,8.94,0.593,21.02,83.6,707,N,35,1
CUST-15017,33,27215,MORTGAGE,1.8,MEDICAL,D,11172,16.96,0.411,23.35,62.36,651,N,13,0
CUST-15018,29,45789,OWN,1.2,VENTURE,B,7293,,0.159,15.05,51.05,663,N,10,1
CUST-15019,66,127960,MORTGAGE,11.4,EDUCATION,B,9555,8.51,0.075,15.38,55.13,702,N,35,0
CUST-15020,55,73414,RENT,0.8,EDUCATION,C,6206,12.55,0.085,15.0,45.63,634,N,35,0
CUST-15021,53,58867,MORTGAGE,5.8,DEBTCONSOLIDATION,B,7010,10.55,0.119,26.86,87.4,730,N,32,0
CUST-15022,28,38558,MORTGAGE,1.8,VENTURE,A,8519,7.39,0.221,17.79,34.84,769,N,6,0
CUST-15023,61,34547,MORTGAGE,4.2,PERSONAL,G,5462,25.16,0.158,27.22,100.0,483,N,35,1
CUST-15024,47,113935,RENT,4.8,HOMEIMPROVEMENT,C,25051,14.6,0.22,20.18,40.51,685,N,26,0
CUST-15025,30,55295,MORTGAGE,2.7,DEBTCONSOLIDATION,C,9576,11.97,0.173,9.92,51.35,649,N,10,0
CUST-15026,33,15000,RENT,15.0,DEBTCONSOLIDATION,C,12336,14.03,0.822,28.86,66.54,606,Y,11,1
CUST-15027,58,32724,RENT,0.7,HOMEIMPROVEMENT,D,5602,15.64,0.171,9.39,53.87,601,Y,35,1
CUST-15028,66,29292,MORTGAGE,2.5,VENTURE,A,13408,7.9,0.458,18.63,30.2,831,N,35,0
CUST-15029,38,35321,OTHER,2.8,EDUCATION,A,8077,6.94,0.229,17.84,35.53,743,N,17,0
CUST-15030,34,68716,RENT,5.0,VENTURE,B,4546,11.79,0.066,2.96,66.91,708,Y,15,0
CUST-15031,47,45960,OWN,2.6,VENTURE,B,10722,11.2,0.233,9.66,65.17,710,N,27,0
CUST-15032,43,46811,RENT,0.5,EDUCATION,A,17963,6.31,0.384,32.72,41.74,748,N,24,0
CUST-15033,27,107805,MORTGAGE,9.0,EDUCATION,C,6924,11.49,0.064,24.14,44.41,704,N,5,0
CUST-15034,62,32277,RENT,2.7,EDUCATION,A,8551,8.93,0.265,16.44,47.34,776,N,35,0
CUST-15035,28,150019,RENT,2.1,VENTURE,C,7963,12.65,0.053,14.68,42.53,673,Y,9,0
CUST-15036,66,32768,MORTGAGE,3.0,EDUCATION,C,8514,12.78,0.26,13.04,80.05,641,N,35,1
CUST-15037,52,51715,MORTGAGE,1.2,MEDICAL,A,9311,8.39,0.18,14.67,27.33,774,N,31,0
CUST-15038,52,41410,MORTGAGE,0.5,HOMEIMPROVEMENT,A,19418,6.27,0.469,44.99,68.38,739,N,31,1
CUST-15039,38,52788,MORTGAGE,0.8,EDUCATION,D,9469,16.74,0.179,19.72,55.53,625,Y,19,0
CUST-15040,22,64007,MORTGAGE,0.9,DEBTCONSOLIDATION,C,3488,13.52,0.054,14.35,36.63,722,N,3,0
CUST-15041,29,63595,OWN,1.1,MEDICAL,D,8450,16.4,0.133,21.24,82.67,665,N,11,0
CUST-15042,59,31198,RENT,2.7,PERSONAL,B,10964,11.93,0.351,14.03,53.2,696,Y,35,1
CUST-15043,66,24990,RENT,4.9,PERSONAL,F,6238,22.56,0.25,10.88,59.55,538,N,35,0
CUST-15044,61,220114,RENT,5.0,EDUCATION,C,18415,14.67,0.084,16.78,78.06,612,Y,35,0
CUST-15045,20,36666,RENT,0.0,EDUCATION,A,5587,7.2,0.152,22.72,28.11,742,N,2,0
CUST-15046,48,74572,MORTGAGE,12.7,HOMEIMPROVEMENT,B,4963,9.63,0.067,16.58,67.22,622,N,27,0
CUST-15047,69,18683,RENT,8.7,VENTURE,C,11578,14.75,0.62,30.52,29.55,682,N,35,0
CUST-15048,53,41449,RENT,16.6,HOMEIMPROVEMENT,A,5288,6.82,0.128,23.46,68.86,724,Y,33,0
CUST-15049,32,45418,RENT,2.2,MEDICAL,D,11924,16.65,0.263,26.1,100.0,607,Y,12,1
CUST-15050,20,65100,MORTGAGE,2.0,MEDICAL,C,7239,14.01,0.111,16.22,71.28,634,N,1,1
CUST-15051,53,15000,RENT,0.9,EDUCATION,A,6657,6.58,0.444,16.51,23.36,786,N,32,0
CUST-15052,48,54159,RENT,8.5,MEDICAL,E,4158,18.58,0.077,34.38,43.88,618,Y,30,0
CUST-15053,67,24591,MORTGAGE,0.9,VENTURE,B,8084,10.17,0.329,33.66,35.09,749,N,35,1
CUST-15054,66,59552,MORTGAGE,2.0,EDUCATION,B,5284,,0.089,10.8,73.76,655,N,35,0
CUST-15055,32,26323,RENT,3.4,DEBTCONSOLIDATION,C,4610,13.92,0.175,19.19,42.66,673,N,10,0
CUST-15056,67,29340,MORTGAGE,4.5,VENTURE,C,17042,11.88,0.581,18.56,100.0,619,N,35,0
CUST-15057,68,41598,RENT,4.1,HOMEIMPROVEMENT,B,10857,12.84,0.261,15.12,68.29,705,N,35,1
CUST-15058,48,26071,OWN,0.5,VENTURE,A,6004,7.96,0.23,22.9,16.72,784,N,28,0
CUST-15059,58,36852,RENT,2.7,EDUCATION,B,3156,9.99,0.086,11.45,89.32,691,N,35,0
CUST-15060,43,23956,OTHER,12.8,VENTURE,B,1676,10.32,0.07,28.31,67.13,708,N,25,0
CUST-15061,45,16319,OWN,10.3,EDUCATION,C,6217,13.21,0.381,33.52,68.28,628,N,27,1
CUST-15062,36,90289,MORTGAGE,4.5,MEDICAL,B,15524,10.05,0.172,33.46,37.47,738,N,18,0
CUST-15063,26,22524,RENT,4.2,EDUCATION,B,7197,11.9,0.32,17.55,63.59,692,N,7,1
CUST-15064,32,44037,MORTGAGE,0.6,PERSONAL,B,5420,,0.123,15.42,65.33,681,N,10,0
CUST-15065,24,77013,RENT,1.1,EDUCATION,B,3277,9.88,0.043,13.36,50.31,712,N,5,0
CUST-15066,45,33895,OWN,1.5,EDUCATION,A,6514,6.95,0.192,17.45,95.7,782,N,26,0
CUST-15067,68,29878,MORTGAGE,3.3,PERSONAL,A,5127,7.39,0.172,12.22,21.82,701,N,35,0
CUST-15068,22,56147,OWN,4.0,HOMEIMPROVEMENT,B,3086,8.85,0.055,2.19,30.63,716,N,3,0
CUST-15069,26,95871,MORTGAGE,3.1,MEDICAL,A,5900,8.13,0.062,13.36,88.83,733,Y,7,1
CUST-15070,68,24304,MORTGAGE,0.7,EDUCATION,A,11621,7.72,0.478,13.21,72.97,773,N,35,0
CUST-15071,58,44797,MORTGAGE,2.9,MEDICAL,A,2037,7.68,0.045,21.54,68.03,732,N,35,0
CUST-15072,20,17335,RENT,0.9,VENTURE,A,7679,5.28,0.443,25.55,56.9,720,N,1,1
CUST-15073,68,38718,RENT,7.0,PERSONAL,B,1256,7.79,0.032,13.93,30.56,675,Y,35,1
CUST-15074,36,50037,MORTGAGE,0.9,MEDICAL,B,4384,10.06,0.088,21.52,65.18,706,N,18,0
CUST-15075,62,29355,OWN,3.3,MEDICAL,A,2868,8.29,0.098,15.46,73.96,769,N,35,0
CUST-15076,44,37264,MORTGAGE,5.9,HOMEIMPROVEMENT,A,13838,5.37,0.371,28.2,76.11,728,N,24,0
CUST-15077,22,21058,MORTGAGE,1.3,MEDICAL,A,17628,8.57,0.837,29.91,41.76,752,N,4,1
CUST-15078,34,51341,MORTGAGE,0.4,PERSONAL,B,8718,10.14,0.17,17.35,49.5,677,N,15,1
CUST-15079,48,92356,MORTGAGE,4.1,EDUCATION,C,5001,12.51,0.054,10.38,41.65,637,N,28,1
CUST-15080,62,25379,RENT,0.3,VENTURE,A,7205,7.6,0.284,23.89,42.87,733,N,35,0
CUST-15081,51,33738,MORTGAGE,4.4,PERSONAL,C,1663,11.94,0.049,26.59,55.34,625,N,33,0
CUST-15082,45,66272,RENT,7.0,HOMEIMPROVEMENT,A,14057,5.0,0.212,17.17,29.13,707,N,27,0
CUST-15083,35,101443,RENT,2.0,PERSONAL,A,14152,8.95,0.14,11.38,71.82,747,N,16,0
CUST-15084,44,20011,RENT,3.4,PERSONAL,B,11810,10.44,0.59,19.62,72.78,740,N,25,1
CUST-15085,47,44299,OTHER,13.2,PERSONAL,B,8481,9.63,0.191,13.67,89.98,703,N,26,0
CUST-15086,28,58097,RENT,3.2,VENTURE,A,18081,6.81,0.311,26.3,89.39,740,N,8,0
CUST-15087,20,46109,MORTGAGE,2.0,MEDICAL,A,5583,6.57,0.121,24.02,28.53,778,N,1,0
CUST-15088,48,15000,MORTGAGE,0.9,PERSONAL,A,1862,7.08,0.124,15.62,57.32,733,N,29,1
CUST-15089,41,66214,MORTGAGE,6.2,HOMEIMPROVEMENT,C,6893,13.37,0.104,37.21,66.26,657,N,22,0
CUST-15090,35,121978,MORTGAGE,5.3,EDUCATION,B,3499,,0.029,27.41,98.17,646,N,16,0
CUST-15091,60,52575,MORTGAGE,10.3,EDUCATION,A,16137,6.67,0.307,19.42,18.88,750,N,35,0
CUST-15092,63,26405,RENT,0.5,PERSONAL,D,5065,15.23,0.192,6.57,67.02,598,N,35,1
CUST-15093,60,36030,RENT,1.6,DEBTCONSOLIDATION,A,10083,6.86,0.28,21.93,61.21,685,N,35,0
CUST-15094,26,141768,OWN,0.7,VENTURE,A,19903,10.46,0.14,13.56,35.44,734,N,4,0
CUST-15095,33,84624,RENT,13.5,VENTURE,A,12265,7.69,0.145,22.61,64.33,668,N,15,0
CUST-15096,48,71970,MORTGAGE,2.8,PERSONAL,A,4791,7.98,0.067,23.18,19.88,729,N,30,0
CUST-15097,38,60709,MORTGAGE,12.0,MEDICAL,A,11546,7.19,0.19,26.01,69.61,767,N,16,0
CUST-15098,38,32968,RENT,1.7,MEDICAL,E,8192,21.58,0.248,10.66,87.62,538,N,17,1
CUST-15099,21,43462,OWN,0.7,EDUCATION,D,3874,,0.089,19.24,54.15,585,Y,1,1
CUST-15100,60,46781,MORTGAGE,1.8,EDUCATION,B,3117,9.25,0.067,16.66,59.83,647,Y,35,0
CUST-15101,64,68168,RENT,4.5,HOMEIMPROVEMENT,B,13017,10.69,0.191,30.91,56.19,710,Y,35,1
CUST-15102,34,121218,OTHER,9.3,PERSONAL,B,14599,10.04,0.12,17.39,79.47,685,N,14,0
CUST-15103,22,95894,MORTGAGE,2.4,VENTURE,B,7402,10.99,0.077,22.45,30.4,699,N,1,0
CUST-15104,30,20918,RENT,12.0,EDUCATION,C,3959,14.7,0.189,16.62,61.24,690,N,10,0
CUST-15105,65,56072,MORTGAGE,1.4,VENTURE,B,6037,9.03,0.108,11.36,60.43,665,N,35,0
CUST-15106,49,76271,RENT,5.9,PERSONAL,A,4139,,0.054,24.37,69.24,794,N,29,0
CUST-15107,59,71062,MORTGAGE,6.7,EDUCATION,A,9809,6.53,0.138,14.36,39.95,741,N,35,0
CUST-15108,37,33605,RENT,1.6,MEDICAL,E,13285,21.2,0.395,21.94,76.54,607,Y,19,1
CUST-15109,67,281662,MORTGAGE,0.1,DEBTCONSOLIDATION,A,13537,8.66,0.048,19.42,60.52,746,N,35,0
CUST-15110,21,22782,MORTGAGE,2.3,DEBTCONSOLIDATION,D,13277,14.11,0.583,20.94,70.88,553,Y,1,1
CUST-15111,51,25593,MORTGAGE,0.2,EDUCATION,C,7604,12.15,0.297,28.16,77.37,607,N,29,1
CUST-15112,27,56396,MORTGAGE,9.0,PERSONAL,B,6588,8.89,0.117,12.25,31.39,691,N,6,0
CUST-15113,41,174570,RENT,15.3,MEDICAL,A,8172,7.43,0.047,4.11,46.61,692,N,21,0
CUST-15114,25,29681,OWN,6.6,EDUCATION,B,7185,10.86,0.242,19.25,61.01,719,N,7,0
CUST-15115,31,41793,MORTGAGE,6.5,VENTURE,B,10947,11.45,0.262,26.85,33.71,729,N,12,0
CUST-15116,66,93561,MORTGAGE,1.4,MEDICAL,C,13210,13.21,0.141,19.95,61.13,598,N,35,0
CUST-15117,59,48498,RENT,0.4,MEDICAL,C,8925,13.16,0.184,39.38,64.99,640,N,35,0
CUST-15118,55,40104,MORTGAGE,8.1,VENTURE,B,9735,10.84,0.243,23.85,46.22,697,N,35,0
CUST-15119,34,68828,OWN,4.1,PERSONAL,B,8056,14.28,0.117,7.6,61.06,724,N,13,0
CUST-15120,47,57728,MORTGAGE,5.7,VENTURE,C,5245,11.68,0.091,15.59,55.77,664,N,27,0
CUST-15121,68,90968,OWN,7.6,MEDICAL,E,10942,,0.12,22.1,56.44,556,N,35,0
CUST-15122,64,106391,RENT,2.6,HOMEIMPROVEMENT,E,1000,18.86,0.009,24.06,68.8,520,N,35,0
CUST-15123,37,58935,MORTGAGE,0.8,PERSONAL,B,5064,9.64,0.086,6.29,53.11,700,N,19,0
CUST-15124,21,58398,MORTGAGE,3.0,EDUCATION,A,6997,6.61,0.12,24.32,51.76,745,N,1,0
CUST-15125,32,55740,RENT,3.0,DEBTCONSOLIDATION,A,15816,7.49,0.284,8.48,36.02,721,N,13,0
CUST-15126,64,65741,MORTGAGE,8.8,MEDICAL,B,21938,9.1,0.334,28.16,64.85,774,N,35,0
CUST-15127,34,50670,MORTGAGE,2.9,DEBTCONSOLIDATION,C,7963,12.79,0.157,24.21,26.29,656,N,16,0
CUST-15128,39,49002,RENT,1.2,VENTURE,B,15142,10.15,0.309,29.11,100.0,677,N,20,0
CUST-15129,48,100506,RENT,0.9,DEBTCONSOLIDATION,C,15688,13.17,0.156,15.03,82.0,630,N,26,0
CUST-15130,61,121743,RENT,6.8,EDUCATION,D,1374,16.33,0.011,18.52,71.76,639,N,35,0
CUST-15131,48,19840,RENT,4.3,PERSONAL,A,8496,7.32,0.428,15.1,34.73,792,N,30,0
CUST-15132,22,49316,RENT,2.6,HOMEIMPROVEMENT,E,7103,18.53,0.144,10.15,68.82,592,Y,4,0
CUST-15133,38,32428,RENT,3.4,HOMEIMPROVEMENT,B,2461,10.19,0.076,26.09,56.83,736,Y,19,0
CUST-15134,22,40676,RENT,4.0,VENTURE,A,6233,7.49,0.153,7.22,72.79,707,N,1,0
CUST-15135,33,62411,OWN,1.4,MEDICAL,D,15336,17.65,0.246,20.84,36.1,608,N,13,0
CUST-15136,59,73252,MORTGAGE,2.4,DEBTCONSOLIDATION,E,11829,17.72,0.161,21.83,74.13,530,N,35,1
CUST-15137,23,45831,RENT,1.7,PERSONAL,C,3120,13.53,0.068,19.53,42.74,678,N,1,0
CUST-15138,30,15552,OWN,2.5,VENTURE,D,1628,16.7,0.105,10.59,66.13,641,N,8,0
CUST-15139,50,27473,MORTGAGE,3.5,PERSONAL,D,4646,16.72,0.169,26.74,59.15,575,N,31,1
CUST-15140,62,83943,RENT,1.0,PERSONAL,B,8885,10.78,0.106,8.43,64.86,679,N,35,0
CUST-15141,51,15000,RENT,2.5,MEDICAL,C,8290,11.92,0.553,25.09,34.07,616,N,29,0
CUST-15142,46,99953,RENT,2.4,HOMEIMPROVEMENT,A,1909,7.69,0.019,4.09,90.32,758,N,24,0
CUST-15143,49,67019,RENT,1.7,VENTURE,A,10627,7.63,0.159,33.1,75.52,746,N,28,1
CUST-15144,62,107980,RENT,32.5,DEBTCONSOLIDATION,B,5050,11.16,0.047,2.78,51.6,701,N,35,0
CUST-15145,21,43514,MORTGAGE,0.4,PERSONAL,C,6095,13.3,0.14,12.03,88.57,639,N,1,0
CUST-15146,68,15000,MORTGAGE,5.1,EDUCATION,B,12209,9.85,0.814,45.75,75.22,764,N,35,1
CUST-15147,28,63463,MORTGAGE,1.0,PERSONAL,B,3634,11.7,0.057,2.96,35.69,734,N,6,0
CUST-15148,47,105323,RENT,9.1,PERSONAL,E,19117,18.04,0.182,7.43,73.67,565,N,29,0
CUST-15149,50,85377,MORTGAGE,12.3,EDUCATION,B,15539,8.85,0.182,5.31,40.5,646,N,31,0
CUST-15150,53,32938,MORTGAGE,2.6,EDUCATION,F,11037,20.51,0.335,29.3,70.91,471,Y,35,1
CUST-15151,34,51640,OWN,8.7,MEDICAL,D,6161,16.92,0.119,25.63,78.42,553,Y,12,1
CUST-15152,67,35607,RENT,1.4,PERSONAL,C,18448,12.63,0.518,17.35,86.49,665,N,35,1
CUST-15153,44,29984,OWN,0.8,MEDICAL,A,6166,7.37,0.206,8.14,86.27,744,N,23,0
CUST-15154,55,86962,MORTGAGE,1.9,DEBTCONSOLIDATION,A,11834,9.16,0.136,19.69,19.89,793,N,35,0
CUST-15155,27,23896,MORTGAGE,2.1,VENTURE,B,1394,9.09,0.058,24.61,37.33,725,Y,9,0
CUST-15156,28,28672,MORTGAGE,2.5,HOMEIMPROVEMENT,C,6886,11.46,0.24,18.47,32.34,572,Y,6,1
CUST-15157,56,25275,RENT,2.3,HOMEIMPROVEMENT,B,2404,11.5,0.095,15.43,60.31,671,N,35,0
CUST-15158,67,20047,OWN,2.6,EDUCATION,D,2076,15.5,0.104,10.84,53.73,551,N,35,0
CUST-15159,64,53522,RENT,6.2,VENTURE,C,3440,12.09,0.064,21.27,69.27,636,N,35,1
CUST-15160,58,98410,MORTGAGE,1.4,VENTURE,B,8272,10.37,0.084,22.27,31.43,711,N,35,0
CUST-15161,51,43873,RENT,0.1,EDUCATION,C,26609,13.27,0.607,22.42,40.41,653,N,30,0
CUST-15162,36,19861,RENT,3.4,HOMEIMPROVEMENT,B,6326,9.46,0.319,22.29,46.82,699,N,15,1
CUST-15163,54,81142,MORTGAGE,3.0,MEDICAL,A,10648,8.17,0.131,20.25,37.14,709,N,33,0
CUST-15164,56,134782,OWN,0.3,PERSONAL,A,10066,6.57,0.075,13.62,51.31,831,N,35,0
CUST-15165,38,33264,RENT,0.7,VENTURE,A,6705,6.51,0.202,26.29,56.24,755,N,19,1
CUST-15166,63,36785,OTHER,3.6,VENTURE,D,1000,14.26,0.027,15.04,75.01,665,N,35,1
CUST-15167,48,66795,MORTGAGE,1.3,MEDICAL,C,9020,10.55,0.135,17.94,90.27,679,Y,26,1
CUST-15168,26,129718,RENT,8.0,EDUCATION,B,4445,10.78,0.034,15.72,37.9,721,N,4,0
CUST-15169,47,35885,RENT,1.0,MEDICAL,C,7581,11.92,0.211,16.64,78.9,671,N,29,1
CUST-15170,28,22038,MORTGAGE,0.1,EDUCATION,C,13673,13.32,0.62,31.33,68.0,631,N,10,1
CUST-15171,47,71600,RENT,3.0,DEBTCONSOLIDATION,B,8012,12.81,0.112,12.07,33.17,679,N,27,0
CUST-15172,25,79176,MORTGAGE,7.0,HOMEIMPROVEMENT,D,5247,17.06,0.066,14.08,31.74,606,Y,6,0
CUST-15173,48,49201,RENT,5.0,VENTURE,B,1919,10.53,0.039,28.59,74.01,694,N,28,0
CUST-15174,36,35070,RENT,2.2,PERSONAL,D,11649,17.01,0.332,27.19,98.69,524,N,15,1
CUST-15175,35,89020,MORTGAGE,0.1,EDUCATION,C,9825,16.09,0.11,19.45,71.3,649,N,13,0
CUST-15176,42,67293,RENT,3.3,EDUCATION,A,8169,5.24,0.121,23.82,17.41,770,N,20,0
CUST-15177,50,30913,RENT,1.2,MEDICAL,B,5728,10.34,0.185,14.76,44.61,654,N,30,0
CUST-15178,22,50486,RENT,4.0,PERSONAL,D,14049,18.27,0.278,15.37,69.28,573,N,2,0
CUST-15179,40,21784,RENT,4.4,MEDICAL,D,15549,16.87,0.714,22.33,82.56,612,Y,21,1
CUST-15180,45,73978,RENT,1.5,EDUCATION,A,11082,8.95,0.15,14.05,37.07,764,N,24,0
CUST-15181,55,41884,MORTGAGE,0.4,MEDICAL,A,15613,6.75,0.373,28.97,38.87,744,N,35,0
CUST-15182,61,37743,MORTGAGE,7.0,PERSONAL,B,8784,9.0,0.233,22.19,32.89,712,N,35,1
CUST-15183,56,48063,RENT,4.4,EDUCATION,A,7042,9.79,0.147,8.72,52.88,755,N,35,0
CUST-15184,41,50220,RENT,9.2,VENTURE,A,10030,7.59,0.2,21.78,43.1,737,N,21,0
CUST-15185,61,83864,RENT,1.5,MEDICAL,A,7621,8.49,0.091,8.11,37.89,749,N,35,0
CUST-15186,31,69888,RENT,5.3,HOMEIMPROVEMENT,A,7544,8.57,0.108,11.89,36.67,749,N,13,0
CUST-15187,61,44629,MORTGAGE,0.6,VENTURE,B,7454,12.04,0.167,11.8,74.1,701,Y,35,1
CUST-15188,32,77512,RENT,1.7,HOMEIMPROVEMENT,D,17498,16.85,0.226,19.44,63.68,605,N,10,1
CUST-15189,30,62345,RENT,5.3,PERSONAL,A,7582,7.91,0.122,27.02,36.63,762,N,12,0
CUST-15190,35,37950,MORTGAGE,8.7,EDUCATION,B,7701,11.1,0.203,17.63,53.4,733,N,13,0
CUST-15191,27,45486,RENT,1.9,MEDICAL,B,6170,9.73,0.136,20.72,25.9,715,N,8,0
CUST-15192,59,44849,MORTGAGE,8.0,DEBTCONSOLIDATION,D,10718,17.76,0.239,12.55,64.37,529,Y,35,0
CUST-15193,59,66380,MORTGAGE,5.7,VENTURE,B,23267,9.81,0.351,14.86,33.75,651,N,35,0
CUST-15194,64,39331,RENT,2.1,MEDICAL,A,8727,8.83,0.222,32.11,34.32,771,N,35,0
CUST-15195,21,38783,MORTGAGE,3.0,PERSONAL,D,5516,17.45,0.142,14.97,54.18,581,N,1,1
CUST-15196,49,159732,MORTGAGE,3.6,MEDICAL,D,16675,13.85,0.104,38.93,86.37,651,N,31,1
CUST-15197,49,86149,RENT,5.2,MEDICAL,C,5946,14.47,0.069,14.85,35.83,598,Y,30,1
CUST-15198,31,31058,MORTGAGE,3.4,HOMEIMPROVEMENT,A,22059,7.78,0.71,32.22,81.15,779,N,10,1
CUST-15199,29,69048,MORTGAGE,3.0,EDUCATION,A,7281,9.1,0.105,6.32,29.08,719,N,8,0
CUST-15200,63,52628,OWN,9.4,EDUCATION,A,9826,9.58,0.187,30.99,54.03,789,N,35,0
CUST-15201,30,62002,MORTGAGE,1.7,PERSONAL,A,12192,7.63,0.197,10.22,44.29,724,N,12,0
CUST-15202,34,53231,MORTGAGE,0.2,PERSONAL,A,5895,7.93,0.111,12.73,50.8,716,N,13,0
CUST-15203,35,100086,RENT,10.6,MEDICAL,A,3489,5.96,0.035,23.44,31.37,753,N,16,0
CUST-15204,36,60317,MORTGAGE,8.7,EDUCATION,B,6655,10.3,0.11,5.26,74.74,649,N,16,0
CUST-15205,45,47228,RENT,2.3,MEDICAL,C,7624,15.49,0.161,9.16,54.24,617,Y,27,0
CUST-15206,21,91611,RENT,1.0,VENTURE,C,2952,13.5,0.032,19.12,76.41,680,N,1,0
CUST-15207,69,56385,MORTGAGE,5.6,PERSONAL,A,6750,8.61,0.12,24.23,26.83,801,N,35,0
CUST-15208,31,52727,MORTGAGE,0.4,MEDICAL,F,13767,21.97,0.261,12.16,63.57,522,N,13,0
CUST-15209,45,59184,RENT,2.8,HOMEIMPROVEMENT,C,10001,13.36,0.169,5.84,46.43,633,N,26,1
CUST-15210,42,46343,MORTGAGE,0.4,MEDICAL,A,4728,8.19,0.102,6.94,63.82,697,N,23,0
CUST-15211,37,49292,MORTGAGE,4.6,MEDICAL,A,14142,5.0,0.287,23.85,36.95,772,N,15,0
CUST-15212,51,34474,RENT,0.1,MEDICAL,A,3133,7.95,0.091,2.7,58.26,735,N,33,0
CUST-15213,68,31235,RENT,5.0,EDUCATION,C,7154,10.8,0.229,31.14,90.31,608,Y,35,1
CUST-15214,57,26926,RENT,5.6,PERSONAL,A,4851,7.4,0.18,29.34,71.46,760,N,35,0
CUST-15215,66,21264,RENT,3.3,PERSONAL,A,8589,6.5,0.404,36.13,36.94,704,N,35,1
CUST-15216,22,28916,MORTGAGE,1.0,PERSONAL,B,16691,9.11,0.577,44.47,42.03,705,N,4,1
CUST-15217,57,44154,RENT,0.5,HOMEIMPROVEMENT,C,20460,15.27,0.463,27.33,56.53,636,N,35,1
CUST-15218,22,52149,RENT,1.9,EDUCATION,B,8706,11.84,0.167,15.22,83.8,707,N,2,0
CUST-15219,49,41656,MORTGAGE,3.1,DEBTCONSOLIDATION,B,17304,10.07,0.415,12.57,70.14,649,N,29,0
CUST-15220,20,15000,MORTGAGE,2.0,HOMEIMPROVEMENT,A,8644,10.35,0.576,28.74,28.49,757,N,1,1
CUST-15221,49,126090,RENT,0.0,VENTURE,B,11140,11.69,0.088,14.54,45.44,638,N,29,0
CUST-15222,64,94078,RENT,6.2,VENTURE,B,12975,10.31,0.138,7.5,36.09,709,N,35,1
CUST-15223,51,64052,RENT,6.2,PERSONAL,B,11934,8.23,0.186,16.9,53.17,697,N,32,1
CUST-15224,47,153967,MORTGAGE,2.9,MEDICAL,B,9056,10.38,0.059,9.4,26.74,634,N,28,0
CUST-15225,40,27271,OWN,2.1,DEBTCONSOLIDATION,A,2792,6.74,0.102,19.58,66.27,750,N,18,0
CUST-15226,65,152142,MORTGAGE,9.2,PERSONAL,A,16442,6.95,0.108,10.49,48.57,774,N,35,0
CUST-15227,32,27470,RENT,7.7,EDUCATION,A,8941,8.0,0.325,19.24,53.29,734,N,14,0
CUST-15228,46,56570,MORTGAGE,20.5,PERSONAL,A,16354,6.75,0.289,18.72,33.36,704,N,27,0
CUST-15229,55,22826,RENT,,MEDICAL,A,9507,9.09,0.416,14.28,59.42,735,N,35,0
CUST-15230,26,49454,RENT,8.0,PERSONAL,A,4922,6.86,0.1,20.17,64.67,671,N,5,0
CUST-15231,41,61802,RENT,0.5,MEDICAL,B,2147,9.27,0.035,17.36,74.57,711,Y,21,0
CUST-15232,29,44675,MORTGAGE,,VENTURE,A,9766,8.28,0.219,7.36,27.85,776,N,8,0
CUST-15233,58,75231,MORTGAGE,3.1,PERSONAL,D,3398,16.47,0.045,24.18,88.87,594,N,35,1
CUST-15234,34,52021,MORTGAGE,2.9,VENTURE,D,18749,17.53,0.36,20.13,97.81,601,N,15,1
CUST-15235,34,35830,MORTGAGE,4.9,PERSONAL,B,6561,10.71,0.183,19.67,35.06,739,N,12,0
CUST-15236,23,34888,RENT,0.9,PERSONAL,B,5433,8.83,0.156,37.12,55.75,754,N,5,0
CUST-15237,51,79741,RENT,10.1,EDUCATION,E,17787,,0.223,27.0,46.23,596,Y,32,1
CUST-15238,42,33115,MORTGAGE,4.0,HOMEIMPROVEMENT,B,7565,9.41,0.228,20.44,29.45,665,N,24,0
CUST-15239,25,84901,MORTGAGE,7.0,HOMEIMPROVEMENT,D,3527,16.68,0.042,8.67,65.09,653,N,4,0
CUST-15240,43,102091,MORTGAGE,0.0,EDUCATION,D,13840,15.78,0.136,27.37,66.94,632,N,24,0
CUST-15241,39,18011,RENT,5.0,PERSONAL,E,4608,19.25,0.256,22.62,42.66,578,Y,19,1
CUST-15242,56,96737,MORTGAGE,2.7,HOMEIMPROVEMENT,B,12624,10.55,0.13,10.18,67.9,711,N,34,0
CUST-15243,39,168763,RENT,3.5,VENTURE,A,7666,8.38,0.045,28.94,11.03,787,N,20,0
CUST-15244,31,57022,MORTGAGE,6.8,PERSONAL,A,4846,6.84,0.085,19.02,65.1,685,N,13,0
CUST-15245,52,70224,RENT,1.3,MEDICAL,B,7574,7.15,0.108,8.94,75.27,695,Y,33,1
CUST-15246,47,91327,OWN,1.1,HOMEIMPROVEMENT,B,10385,9.35,0.114,33.01,56.77,660,N,27,0
CUST-15247,27,41552,RENT,6.1,PERSONAL,A,8775,7.66,0.211,25.58,42.84,764,N,7,1
CUST-15248,20,54686,MORTGAGE,2.0,PERSONAL,A,8986,8.92,0.164,11.56,98.19,721,N,1,0
CUST-15249,56,22280,MORTGAGE,1.3,EDUCATION,C,5295,13.86,0.238,16.31,47.51,758,N,35,0
CUST-15250,41,53272,RENT,3.3,VENTURE,B,3417,11.69,0.064,15.27,65.23,726,N,19,0
CUST-15251,25,66096,RENT,3.1,PERSONAL,B,6687,10.69,0.101,19.37,83.53,659,N,3,0
CUST-15252,40,66815,MORTGAGE,5.9,HOMEIMPROVEMENT,C,1407,13.76,0.021,8.5,71.12,684,N,20,0
CUST-15253,51,92897,RENT,0.0,VENTURE,B,10884,10.21,0.117,21.94,49.84,686,N,33,0
CUST-15254,54,30795,RENT,4.4,MEDICAL,A,8657,8.76,0.281,11.04,39.72,753,Y,34,0
CUST-15255,34,35611,OWN,4.7,PERSONAL,D,8384,18.48,0.235,8.77,48.75,605,N,13,1
CUST-15256,24,152864,MORTGAGE,6.0,DEBTCONSOLIDATION,A,8339,6.34,0.055,5.52,72.35,686,N,4,0
CUST-15257,65,44792,RENT,11.0,MEDICAL,D,2242,16.77,0.05,20.78,44.05,589,Y,35,1
CUST-15258,69,55271,MORTGAGE,2.9,MEDICAL,D,6998,15.07,0.127,19.07,36.31,571,Y,35,0
CUST-15259,67,47088,MORTGAGE,2.1,DEBTCONSOLIDATION,B,7573,12.51,0.161,11.28,59.0,616,Y,35,0
CUST-15260,25,29941,MORTGAGE,0.5,HOMEIMPROVEMENT,C,10336,13.71,0.345,38.83,81.5,631,N,6,1
CUST-15261,44,129847,MORTGAGE,2.1,MEDICAL,B,1274,10.48,0.01,16.73,73.56,691,N,26,0
CUST-15262,65,35716,MORTGAGE,0.4,EDUCATION,D,3164,15.13,0.089,12.45,45.89,559,Y,35,1
CUST-15263,59,24925,RENT,8.1,PERSONAL,A,25724,7.23,1.032,34.97,47.64,788,N,35,1
CUST-15264,48,37404,MORTGAGE,8.2,DEBTCONSOLIDATION,B,12116,10.41,0.324,20.12,49.57,713,N,29,0
CUST-15265,26,15000,RENT,2.7,HOMEIMPROVEMENT,A,6006,6.21,0.4,32.69,25.96,754,N,7,1
CUST-15266,59,33164,RENT,1.5,EDUCATION,E,1549,19.68,0.047,17.1,63.2,588,Y,35,1
CUST-15267,32,27422,MORTGAGE,0.6,VENTURE,E,9439,18.47,0.344,15.44,54.86,589,N,12,1
CUST-15268,57,71001,RENT,9.5,VENTURE,C,11901,14.02,0.168,29.49,78.94,659,Y,35,1
CUST-15269,37,32726,MORTGAGE,10.5,EDUCATION,B,4316,9.32,0.132,11.92,77.64,754,N,19,0
CUST-15270,21,83506,MORTGAGE,1.5,VENTURE,A,13947,7.69,0.167,17.06,80.16,677,N,2,1
CUST-15271,27,113446,RENT,4.9,EDUCATION,B,19040,10.27,0.168,8.95,23.76,719,N,9,0
CUST-15272,30,78331,RENT,1.5,HOMEIMPROVEMENT,C,2250,13.86,0.029,8.57,29.43,637,N,10,0
CUST-15273,52,43077,MORTGAGE,1.3,PERSONAL,B,12526,10.7,0.291,26.01,49.8,749,N,33,0
CUST-15274,57,53352,OWN,0.1,VENTURE,B,12618,10.61,0.237,24.64,29.29,713,N,35,0
CUST-15275,67,19633,MORTGAGE,,EDUCATION,D,12096,15.61,0.616,35.67,55.72,606,N,35,1
CUST-15276,46,45239,MORTGAGE,0.8,PERSONAL,B,16361,11.16,0.362,39.68,64.96,750,N,27,0
CUST-15277,39,29252,RENT,0.1,PERSONAL,D,5972,16.84,0.204,6.01,48.01,604,N,20,0
CUST-15278,31,74354,RENT,0.6,VENTURE,B,2237,11.26,0.03,12.42,66.86,715,N,9,1
CUST-15279,62,229498,MORTGAGE,1.9,EDUCATION,A,3387,7.47,0.015,19.89,70.91,728,N,35,0
CUST-15280,50,66164,RENT,5.5,VENTURE,C,6279,13.28,0.095,9.87,81.19,655,N,30,1
CUST-15281,46,15000,MORTGAGE,,EDUCATION,D,4594,15.28,0.306,38.76,43.09,682,Y,26,1
CUST-15282,51,39468,RENT,10.9,VENTURE,B,3534,9.71,0.09,23.85,81.29,730,N,30,0
CUST-15283,29,52759,MORTGAGE,1.7,MEDICAL,B,12561,9.93,0.238,26.61,37.95,715,N,9,0
CUST-15284,22,51658,MORTGAGE,2.0,EDUCATION,D,6829,17.65,0.132,23.46,65.88,562,N,2,1
CUST-15285,64,31618,MORTGAGE,1.2,PERSONAL,D,15885,15.01,0.502,12.14,53.98,693,N,35,0
CUST-15286,46,56793,MORTGAGE,1.5,EDUCATION,F,6572,20.39,0.116,9.64,100.0,487,N,27,0
CUST-15287,54,23260,OWN,0.4,VENTURE,B,8121,10.42,0.349,32.18,31.3,702,N,33,0
CUST-15288,50,27807,OTHER,1.7,VENTURE,B,12358,9.58,0.444,34.01,22.18,716,N,29,0
CUST-15289,34,72220,OWN,9.8,PERSONAL,D,13979,16.04,0.194,28.14,31.58,632,N,16,0
CUST-15290,35,26651,MORTGAGE,5.8,VENTURE,B,8749,9.97,0.328,22.73,65.81,675,N,17,0
CUST-15291,32,67705,MORTGAGE,10.4,PERSONAL,B,6361,9.74,0.094,17.91,55.43,723,N,11,0
CUST-15292,68,21554,MORTGAGE,0.6,EDUCATION,B,3707,9.58,0.172,18.48,63.95,657,N,35,0
CUST-15293,54,141336,RENT,3.0,MEDICAL,B,4074,9.38,0.029,12.19,47.59,758,N,35,0
CUST-15294,30,30805,RENT,1.3,EDUCATION,A,12789,7.06,0.415,15.49,75.33,705,N,10,0
CUST-15295,40,42864,RENT,,VENTURE,A,24446,5.75,0.57,24.01,54.61,732,N,19,0
CUST-15296,30,59776,RENT,12.0,DEBTCONSOLIDATION,B,4408,11.23,0.074,23.86,55.79,720,N,8,1
CUST-15297,49,34919,RENT,8.4,PERSONAL,B,2913,9.44,0.083,3.63,39.5,694,N,30,0
CUST-15298,67,53425,RENT,0.2,MEDICAL,D,4643,17.04,0.087,12.74,27.76,663,N,35,0
CUST-15299,54,69231,OWN,1.9,DEBTCONSOLIDATION,A,1095,6.71,0.016,3.89,62.28,794,N,35,0
CUST-15300,41,87235,MORTGAGE,0.1,PERSONAL,B,6434,,0.074,19.05,85.44,717,N,20,0
CUST-15301,57,78818,RENT,0.2,EDUCATION,F,3336,22.05,0.042,4.88,51.21,505,N,35,1
CUST-15302,50,44219,RENT,0.4,PERSONAL,B,14456,9.21,0.327,34.03,33.2,696,N,29,0
CUST-15303,33,44892,MORTGAGE,1.6,VENTURE,B,3909,13.5,0.087,5.22,100.0,649,N,15,1
CUST-15304,43,200679,MORTGAGE,1.8,VENTURE,D,6925,16.0,0.035,19.39,51.83,581,Y,24,0
CUST-15305,69,86676,OWN,2.6,VENTURE,C,11131,12.83,0.128,20.2,55.02,641,N,35,0
CUST-15306,68,28195,OTHER,2.6,MEDICAL,B,6076,9.91,0.215,12.13,95.98,731,N,35,1
CUST-15307,51,52051,OWN,7.4,VENTURE,D,9436,16.98,0.181,15.17,64.47,625,Y,30,1
CUST-15308,55,40091,RENT,0.8,PERSONAL,A,5889,5.76,0.147,17.27,43.27,741,N,35,0
CUST-15309,51,45197,RENT,0.9,DEBTCONSOLIDATION,B,10936,10.66,0.242,20.49,78.01,673,N,30,0
CUST-15310,34,23442,MORTGAGE,4.9,EDUCATION,D,11455,14.48,0.489,28.24,39.14,637,N,14,0
CUST-15311,62,38286,RENT,4.2,PERSONAL,B,3032,10.41,0.079,14.15,34.49,680,N,35,0
CUST-15312,54,145354,MORTGAGE,0.8,DEBTCONSOLIDATION,E,10626,20.85,0.073,14.61,60.97,594,N,35,0
CUST-15313,22,69386,MORTGAGE,4.0,HOMEIMPROVEMENT,A,4075,6.83,0.059,5.6,27.97,768,N,1,0
CUST-15314,35,15000,MORTGAGE,2.0,VENTURE,B,7383,11.57,0.492,24.27,20.76,737,N,14,0
CUST-15315,24,101725,RENT,2.3,PERSONAL,B,1844,8.5,0.018,16.64,96.31,670,N,2,0
CUST-15316,40,94256,MORTGAGE,2.7,HOMEIMPROVEMENT,C,7632,12.75,0.081,15.55,42.63,634,N,22,0
CUST-15317,29,39514,MORTGAGE,1.9,VENTURE,A,6197,6.03,0.157,14.55,22.31,750,Y,7,0
CUST-15318,38,75384,OWN,4.1,VENTURE,A,6802,9.79,0.09,18.73,34.05,739,N,19,0
CUST-15319,44,29271,RENT,2.5,DEBTCONSOLIDATION,F,3506,21.51,0.12,10.03,45.33,506,N,26,1
CUST-15320,23,36969,OWN,1.5,PERSONAL,D,11148,15.72,0.302,23.67,84.93,586,Y,4,1
CUST-15321,48,120466,MORTGAGE,11.7,MEDICAL,B,13728,10.19,0.114,13.36,86.9,655,N,29,0
CUST-15322,38,41646,MORTGAGE,,VENTURE,B,8939,,0.215,14.66,58.51,673,N,16,0
CUST-15323,62,15965,MORTGAGE,6.0,MEDICAL,B,8833,10.05,0.553,26.07,24.24,724,N,35,1
CUST-15324,21,47193,MORTGAGE,2.1,PERSONAL,D,5744,15.07,0.122,23.09,50.5,641,N,2,0
CUST-15325,29,46762,RENT,2.9,PERSONAL,B,6089,12.12,0.13,16.04,76.81,710,N,10,0
CUST-15326,62,100611,RENT,1.3,VENTURE,D,13186,17.81,0.131,32.3,77.97,601,N,35,1
CUST-15327,44,49444,MORTGAGE,7.0,EDUCATION,E,16427,19.9,0.332,24.0,80.3,566,Y,24,1
CUST-15328,39,38065,MORTGAGE,6.7,PERSONAL,B,9951,10.84,0.261,26.41,19.43,749,N,18,0
CUST-15329,67,91769,RENT,0.1,EDUCATION,A,5242,7.76,0.057,9.32,30.71,780,N,35,0
CUST-15330,38,52705,MORTGAGE,0.3,EDUCATION,B,5683,9.95,0.108,13.28,84.38,609,Y,20,1
CUST-15331,42,31256,RENT,12.8,PERSONAL,D,2309,15.82,0.074,11.49,83.58,580,N,20,0
CUST-15332,43,98027,RENT,11.0,PERSONAL,B,8285,12.41,0.085,14.0,31.57,682,N,25,0
CUST-15333,30,55061,MORTGAGE,3.5,HOMEIMPROVEMENT,D,7057,17.25,0.128,13.74,83.01,664,N,10,0
CUST-15334,65,49106,RENT,3.4,PERSONAL,D,5345,14.9,0.109,6.02,49.96,632,N,35,1
CUST-15335,53,54543,RENT,8.4,HOMEIMPROVEMENT,B,2509,9.96,0.046,20.29,47.92,650,N,32,0
CUST-15336,47,25786,RENT,0.7,VENTURE,B,12807,11.09,0.497,20.18,61.04,724,N,25,1
CUST-15337,24,35717,MORTGAGE,5.3,MEDICAL,C,9227,13.94,0.258,24.33,70.99,751,N,2,0
CUST-15338,24,49126,RENT,3.2,EDUCATION,A,3482,8.13,0.071,11.72,18.72,779,N,5,0
CUST-15339,40,43616,RENT,6.8,HOMEIMPROVEMENT,B,13422,8.72,0.308,15.74,43.77,670,N,20,0
CUST-15340,31,105183,RENT,0.2,MEDICAL,A,9442,7.88,0.09,20.34,15.11,803,N,9,0
CUST-15341,69,55851,RENT,4.5,PERSONAL,D,5954,17.84,0.107,19.4,44.68,622,Y,35,0
CUST-15342,23,81874,RENT,4.1,MEDICAL,E,3804,17.69,0.046,24.72,89.26,546,N,2,0
CUST-15343,68,49297,RENT,9.2,PERSONAL,A,6190,9.59,0.126,16.69,74.19,752,N,35,0
CUST-15344,61,92389,RENT,5.6,EDUCATION,C,6556,13.9,0.071,2.79,85.89,642,N,35,1
CUST-15345,39,62225,MORTGAGE,10.6,MEDICAL,C,10644,13.63,0.171,9.07,68.24,625,N,19,0
CUST-15346,57,49417,RENT,10.9,EDUCATION,C,15293,12.36,0.309,19.33,48.95,607,Y,35,0
CUST-15347,44,48631,RENT,2.6,VENTURE,C,4010,12.74,0.082,16.85,74.32,629,N,22,1
CUST-15348,33,27648,RENT,0.7,DEBTCONSOLIDATION,A,11045,7.05,0.399,21.79,44.44,748,N,14,0
CUST-15349,30,66446,RENT,5.0,EDUCATION,A,8205,5.79,0.123,22.86,69.83,778,N,12,0
CUST-15350,51,47852,MORTGAGE,10.3,EDUCATION,A,18812,7.12,0.393,30.66,25.3,705,N,33,0
CUST-15351,30,36272,RENT,0.4,VENTURE,E,16629,18.43,0.458,14.58,67.84,522,N,10,1
CUST-15352,37,95213,RENT,4.1,MEDICAL,B,4700,11.32,0.049,22.5,40.21,704,N,16,0
CUST-15353,46,23152,RENT,0.6,MEDICAL,F,9710,18.34,0.419,34.38,85.57,518,Y,24,1
CUST-15354,37,38044,MORTGAGE,0.1,HOMEIMPROVEMENT,B,5896,10.2,0.155,19.67,27.23,686,N,19,0
CUST-15355,42,90819,RENT,5.7,HOMEIMPROVEMENT,B,4184,9.34,0.046,10.86,25.57,668,Y,21,0
CUST-15356,30,59237,MORTGAGE,5.7,MEDICAL,C,3934,13.5,0.066,7.32,81.73,620,N,9,0
CUST-15357,40,47633,RENT,4.6,PERSONAL,C,6836,16.32,0.144,36.24,29.18,611,Y,20,1
CUST-15358,63,56988,RENT,9.8,MEDICAL,A,5417,9.51,0.095,30.58,86.85,687,N,35,0
CUST-15359,24,54592,MORTGAGE,0.4,MEDICAL,A,21857,6.91,0.4,11.45,42.57,762,N,2,0
CUST-15360,42,19732,MORTGAGE,0.6,MEDICAL,A,10427,7.28,0.528,20.31,37.12,767,N,23,1
CUST-15361,60,39753,MORTGAGE,10.0,EDUCATION,D,11504,15.49,0.289,16.71,49.4,668,N,35,0
CUST-15362,44,129302,RENT,3.5,MEDICAL,C,9207,13.32,0.071,6.79,35.55,671,N,24,0
CUST-15363,60,33004,MORTGAGE,1.6,MEDICAL,A,17461,8.38,0.529,19.2,33.97,749,N,35,1
CUST-15364,29,40498,RENT,6.7,EDUCATION,A,5576,5.92,0.138,23.42,14.11,767,N,11,0
CUST-15365,41,35419,MORTGAGE,11.2,DEBTCONSOLIDATION,B,9528,12.38,0.269,27.89,84.46,687,Y,20,0
CUST-15366,38,46527,MORTGAGE,5.8,HOMEIMPROVEMENT,B,8862,11.6,0.19,26.1,42.55,670,N,20,0
CUST-15367,20,34548,RENT,2.0,VENTURE,B,13732,,0.397,21.29,26.5,723,N,1,0
CUST-15368,26,65646,MORTGAGE,1.7,EDUCATION,F,11988,22.46,0.183,18.94,53.33,541,Y,7,1
CUST-15369,23,55181,MORTGAGE,1.7,EDUCATION,C,14377,12.42,0.261,19.95,51.25,605,N,4,0
CUST-15370,20,77973,RENT,2.0,VENTURE,A,7441,,0.095,19.16,18.61,749,N,1,0
CUST-15371,34,26093,MORTGAGE,4.8,VENTURE,A,5332,7.12,0.204,22.62,41.34,721,N,14,1
CUST-15372,59,39966,MORTGAGE,1.3,VENTURE,B,11259,8.47,0.282,20.42,36.46,732,N,35,0
CUST-15373,31,42811,RENT,3.7,PERSONAL,B,6109,10.6,0.143,11.2,21.84,685,N,13,0
CUST-15374,41,64433,OWN,5.8,VENTURE,C,2799,12.11,0.043,5.43,50.64,710,N,21,0
CUST-15375,41,30456,RENT,1.2,DEBTCONSOLIDATION,B,9688,9.77,0.318,21.44,47.31,741,N,19,0
CUST-15376,69,84913,MORTGAGE,5.3,PERSONAL,B,5943,11.35,0.07,10.66,41.73,662,N,35,0
CUST-15377,66,99892,MORTGAGE,0.2,EDUCATION,B,9299,10.36,0.093,15.39,41.83,677,N,35,0
CUST-15378,36,27083,MORTGAGE,1.8,MEDICAL,A,4115,7.46,0.152,13.55,81.31,774,N,18,0
CUST-15379,48,36514,RENT,5.6,VENTURE,B,4519,11.9,0.124,18.87,70.96,702,N,27,0
CUST-15380,65,35626,OWN,0.8,PERSONAL,C,12572,10.79,0.353,16.26,57.27,640,N,35,0
CUST-15381,33,237858,RENT,1.3,HOMEIMPROVEMENT,D,9140,17.85,0.038,11.24,26.83,612,N,13,0
CUST-15382,69,37875,RENT,10.6,PERSONAL,A,22534,7.68,0.595,34.47,75.14,746,N,35,1
CUST-15383,39,134131,RENT,5.6,HOMEIMPROVEMENT,B,12548,10.42,0.094,34.75,62.94,735,N,17,1
CUST-15384,69,22925,MORTGAGE,3.5,PERSONAL,C,7824,13.45,0.341,19.63,76.92,640,N,35,1
CUST-15385,67,27070,OWN,1.2,PERSONAL,C,9860,14.27,0.364,11.42,51.07,666,N,35,0
CUST-15386,52,32468,RENT,2.1,HOMEIMPROVEMENT,C,8300,14.73,0.256,19.76,58.26,666,Y,33,1
CUST-15387,62,29513,MORTGAGE,4.3,HOMEIMPROVEMENT,D,14255,,0.483,45.55,38.69,654,N,35,1
CUST-15388,34,41741,RENT,0.8,DEBTCONSOLIDATION,A,7990,7.34,0.191,12.24,61.48,748,N,14,0
CUST-15389,31,32039,OWN,3.3,PERSONAL,B,10813,11.23,0.337,32.5,32.22,705,N,13,0
CUST-15390,59,29983,MORTGAGE,2.6,MEDICAL,C,3943,10.98,0.132,11.19,44.66,663,N,35,0
CUST-15391,39,98231,RENT,3.2,PERSONAL,D,2111,16.38,0.021,18.05,63.01,587,Y,19,1
CUST-15392,49,102158,RENT,0.6,PERSONAL,A,2704,8.1,0.026,9.57,61.73,744,Y,31,0
CUST-15393,57,86645,RENT,0.6,PERSONAL,B,12209,9.91,0.141,17.88,49.0,668,N,35,0
CUST-15394,22,67130,RENT,4.0,PERSONAL,A,10395,6.54,0.155,6.82,41.01,774,N,2,0
CUST-15395,47,51825,MORTGAGE,19.4,HOMEIMPROVEMENT,D,4245,16.32,0.082,20.2,28.65,665,N,29,0
CUST-15396,45,36380,RENT,2.8,PERSONAL,C,5589,12.8,0.154,9.41,58.9,583,N,26,0
CUST-15397,49,27670,OWN,7.8,VENTURE,A,4185,7.21,0.151,26.91,33.71,785,N,28,0
CUST-15398,32,60949,MORTGAGE,5.3,VENTURE,C,8029,12.93,0.132,14.41,45.64,648,N,14,0
CUST-15399,32,24241,MORTGAGE,0.6,PERSONAL,B,14848,12.37,0.613,44.66,39.48,744,N,11,0
CUST-15400,21,27001,RENT,1.8,DEBTCONSOLIDATION,A,11320,6.13,0.419,15.08,39.56,759,N,1,0
CUST-15401,56,97904,OWN,1.9,EDUCATION,D,25288,17.5,0.258,32.6,38.74,644,N,35,0
CUST-15402,68,153336,MORTGAGE,4.5,DEBTCONSOLIDATION,A,6698,6.8,0.044,24.52,43.46,746,N,35,0
CUST-15403,57,62067,MORTGAGE,4.3,DEBTCONSOLIDATION,B,12552,10.89,0.202,11.93,32.41,702,N,35,0
CUST-15404,21,95213,OWN,3.0,DEBTCONSOLIDATION,B,12813,11.28,0.135,20.1,30.58,734,N,2,0
CUST-15405,55,42297,RENT,7.8,VENTURE,D,10111,18.34,0.239,19.14,82.32,696,Y,34,1
CUST-15406,45,21969,RENT,9.7,EDUCATION,A,2564,7.97,0.117,8.51,29.81,732,N,26,0
CUST-15407,30,70777,MORTGAGE,11.1,PERSONAL,B,8049,10.02,0.114,24.29,43.2,704,N,8,0
CUST-15408,27,68980,MORTGAGE,8.1,MEDICAL,A,16805,7.58,0.244,12.84,54.07,725,N,6,1
CUST-15409,63,51174,MORTGAGE,2.0,EDUCATION,D,7988,18.8,0.156,16.56,36.73,602,Y,35,0
CUST-15410,59,42386,RENT,1.2,HOMEIMPROVEMENT,A,2759,7.7,0.065,16.7,36.91,732,N,35,0
CUST-15411,62,87319,MORTGAGE,4.2,VENTURE,C,8845,11.93,0.101,12.76,77.62,615,Y,35,1
CUST-15412,41,27134,RENT,5.8,EDUCATION,B,10424,10.04,0.384,26.79,66.57,718,N,22,0
CUST-15413,39,30814,RENT,2.4,PERSONAL,A,7185,7.01,0.233,16.62,56.59,757,N,17,0
CUST-15414,27,26772,MORTGAGE,9.0,EDUCATION,A,4804,8.38,0.179,28.69,52.21,719,N,9,0
CUST-15415,48,51584,RENT,16.2,MEDICAL,A,14160,6.03,0.275,12.18,79.15,709,N,26,1
CUST-15416,59,25521,MORTGAGE,4.2,PERSONAL,D,5911,15.89,0.232,7.87,55.33,640,N,35,0
CUST-15417,45,32514,OWN,3.0,VENTURE,B,8241,10.76,0.253,15.1,89.9,683,N,25,1
CUST-15418,49,32097,MORTGAGE,9.3,VENTURE,E,7309,19.16,0.228,20.86,85.35,649,N,28,1
CUST-15419,36,41924,OWN,0.1,PERSONAL,A,25111,7.61,0.599,27.12,40.5,747,N,18,0
CUST-15420,39,20081,MORTGAGE,0.7,MEDICAL,A,4849,7.68,0.241,13.27,45.48,752,N,17,0
CUST-15421,35,51654,RENT,9.3,VENTURE,E,16238,19.76,0.314,12.74,95.63,562,Y,16,1
CUST-15422,65,103609,MORTGAGE,6.6,MEDICAL,C,16827,12.39,0.162,15.37,71.85,601,Y,35,0
CUST-15423,62,53172,OWN,2.7,DEBTCONSOLIDATION,C,9717,14.46,0.183,18.46,62.98,601,N,35,0
CUST-15424,26,123598,OWN,8.0,PERSONAL,E,11955,18.86,0.097,13.58,69.49,619,N,4,0
CUST-15425,35,109141,MORTGAGE,2.2,EDUCATION,F,21125,21.99,0.194,19.64,57.24,577,N,16,1
CUST-15426,64,78169,RENT,5.0,HOMEIMPROVEMENT,A,17640,6.05,0.226,13.29,75.67,716,N,35,0
CUST-15427,66,51267,RENT,5.0,EDUCATION,A,26818,7.55,0.523,47.24,46.76,767,N,35,0
CUST-15428,67,49687,RENT,1.0,MEDICAL,A,12499,7.73,0.252,21.35,70.64,797,N,35,0
CUST-15429,46,77519,OWN,1.7,VENTURE,D,7641,16.54,0.099,25.27,59.36,564,Y,24,0
CUST-15430,42,38754,RENT,12.4,VENTURE,B,10641,9.56,0.275,18.41,17.08,700,N,23,0
CUST-15431,43,15843,MORTGAGE,1.0,PERSONAL,B,8594,11.85,0.542,16.1,68.92,682,N,24,1
CUST-15432,28,65854,RENT,1.0,MEDICAL,D,5005,17.2,0.076,10.08,53.97,616,N,10,1
CUST-15433,54,24868,MORTGAGE,3.3,EDUCATION,C,12192,13.33,0.49,33.0,42.94,693,N,35,0
CUST-15434,39,27521,RENT,0.5,VENTURE,A,10589,7.32,0.385,13.35,64.56,764,N,19,0
CUST-15435,56,49027,RENT,11.3,MEDICAL,B,7770,9.61,0.158,8.26,69.65,721,N,34,0
CUST-15436,61,46301,RENT,0.5,VENTURE,A,11034,6.75,0.238,12.31,62.17,672,N,35,1
CUST-15437,36,21010,MORTGAGE,4.8,VENTURE,B,1399,12.25,0.067,26.27,56.32,724,N,15,0
CUST-15438,66,54138,RENT,2.1,EDUCATION,A,7676,7.07,0.142,26.36,46.06,749,N,35,0
CUST-15439,50,87525,MORTGAGE,8.2,EDUCATION,A,12333,10.82,0.141,19.84,32.03,826,N,30,0
CUST-15440,27,24909,RENT,4.5,EDUCATION,D,13574,15.11,0.545,24.38,55.38,631,N,6,1
CUST-15441,34,105186,MORTGAGE,2.5,EDUCATION,F,16141,22.44,0.153,6.92,64.26,519,N,14,1
CUST-15442,50,19223,RENT,20.6,VENTURE,F,4620,22.27,0.24,26.11,29.47,596,N,32,1
CUST-15443,49,174624,MORTGAGE,0.3,VENTURE,A,6315,7.54,0.036,16.98,45.65,747,N,28,0
CUST-15444,65,38301,RENT,4.3,EDUCATION,D,11811,14.59,0.308,14.72,46.11,620,N,35,0
CUST-15445,39,53496,MORTGAGE,21.0,HOMEIMPROVEMENT,C,5197,11.85,0.097,8.87,72.76,602,Y,19,1
CUST-15446,58,15752,RENT,5.9,MEDICAL,D,7231,16.73,0.459,16.34,40.68,588,N,35,1
CUST-15447,31,47226,MORTGAGE,,PERSONAL,D,4287,15.27,0.091,29.15,46.36,585,Y,13,0
CUST-15448,68,56223,OWN,0.2,EDUCATION,F,5445,,0.097,17.45,84.52,524,N,35,0
CUST-15449,36,46550,RENT,0.1,MEDICAL,A,6733,7.23,0.145,28.32,19.06,707,N,15,0
CUST-15450,61,34966,RENT,0.2,EDUCATION,C,11237,13.81,0.321,24.21,48.88,590,Y,35,1
CUST-15451,49,27779,MORTGAGE,24.0,HOMEIMPROVEMENT,C,12503,13.45,0.45,20.7,33.78,654,Y,28,0
CUST-15452,48,96598,MORTGAGE,19.4,MEDICAL,A,11596,,0.12,11.12,22.23,699,N,30,0
CUST-15453,38,49935,RENT,2.0,DEBTCONSOLIDATION,B,3832,12.32,0.077,30.33,71.46,725,N,19,0
CUST-15454,65,123556,MORTGAGE,1.7,PERSONAL,A,3633,8.8,0.029,13.01,19.1,819,N,35,0
CUST-15455,30,35743,RENT,0.8,VENTURE,E,12288,19.69,0.344,14.81,48.75,578,Y,8,1
CUST-15456,53,37764,RENT,2.0,HOMEIMPROVEMENT,D,5059,17.31,0.134,4.41,75.25,619,N,35,0
CUST-15457,69,79965,RENT,2.3,EDUCATION,B,10252,11.91,0.128,21.68,97.69,622,N,35,1
CUST-15458,26,18512,MORTGAGE,6.9,PERSONAL,B,9878,9.78,0.534,11.9,88.79,722,N,6,1
CUST-15459,63,23669,RENT,10.1,MEDICAL,A,4970,5.63,0.21,32.37,26.47,747,N,35,0
CUST-15460,53,94702,MORTGAGE,6.9,DEBTCONSOLIDATION,C,14638,14.16,0.155,20.11,72.42,667,N,33,0
CUST-15461,39,24266,MORTGAGE,5.2,VENTURE,A,17986,9.0,0.741,20.32,46.92,709,N,17,0
CUST-15462,69,16458,RENT,7.3,VENTURE,B,1829,8.44,0.111,12.67,56.88,691,N,35,0
CUST-15463,57,150409,MORTGAGE,6.7,VENTURE,D,21643,15.77,0.144,4.93,100.0,653,N,35,1
CUST-15464,43,21241,MORTGAGE,3.2,PERSONAL,B,21153,10.21,0.996,31.62,41.22,673,N,23,0
CUST-15465,29,54746,RENT,2.0,MEDICAL,C,10621,12.32,0.194,29.06,38.05,639,N,8,0
CUST-15466,51,51095,RENT,1.7,PERSONAL,A,1000,7.33,0.02,18.09,61.18,782,N,29,0
CUST-15467,34,15000,OWN,5.7,EDUCATION,A,3025,6.16,0.202,24.3,55.67,774,N,12,0
CUST-15468,56,41756,OTHER,16.0,HOMEIMPROVEMENT,C,6677,13.12,0.16,29.2,80.67,687,N,35,1
CUST-15469,39,64154,RENT,4.4,VENTURE,A,4850,8.34,0.076,11.57,33.68,725,N,21,0
CUST-15470,22,60632,RENT,,DEBTCONSOLIDATION,B,6217,8.02,0.103,7.74,63.67,695,N,4,1
CUST-15471,56,84297,RENT,0.1,PERSONAL,B,16742,9.24,0.199,36.66,63.36,669,N,35,0
CUST-15472,59,38851,RENT,7.9,EDUCATION,B,7133,12.18,0.184,15.62,51.4,666,N,35,0
CUST-15473,27,75169,RENT,9.0,HOMEIMPROVEMENT,B,10891,9.51,0.145,13.03,82.32,667,N,5,1
CUST-15474,59,32415,MORTGAGE,5.0,EDUCATION,B,8499,7.38,0.262,22.77,73.01,699,N,35,0
CUST-15475,63,21030,OWN,13.6,PERSONAL,B,5474,10.71,0.26,21.99,28.65,756,N,35,0
CUST-15476,42,22502,RENT,4.5,MEDICAL,A,22326,7.41,0.992,24.99,21.64,794,N,23,0
CUST-15477,59,20388,MORTGAGE,1.4,EDUCATION,A,3490,7.68,0.171,37.28,79.73,769,N,35,0
CUST-15478,30,89836,RENT,1.2,DEBTCONSOLIDATION,D,8352,16.57,0.093,9.52,77.5,578,N,11,0
CUST-15479,65,19756,RENT,4.1,MEDICAL,B,6153,12.03,0.311,19.8,82.68,664,N,35,1
CUST-15480,27,57781,MORTGAGE,9.0,HOMEIMPROVEMENT,B,4277,9.66,0.074,9.21,36.37,690,N,5,0
CUST-15481,48,41791,RENT,0.4,HOMEIMPROVEMENT,B,23602,10.39,0.565,35.13,57.26,714,N,27,1
CUST-15482,49,46092,RENT,4.6,PERSONAL,A,5452,6.98,0.118,25.16,42.46,770,N,29,0
CUST-15483,29,111097,OWN,7.3,VENTURE,A,7653,8.31,0.069,14.64,46.07,758,N,11,0
CUST-15484,58,37682,RENT,0.6,EDUCATION,B,8685,11.43,0.23,21.02,86.02,697,N,35,0
CUST-15485,47,70753,MORTGAGE,0.6,PERSONAL,B,15507,10.95,0.219,9.83,54.2,707,Y,28,1
CUST-15486,68,50138,RENT,2.3,HOMEIMPROVEMENT,B,12715,13.08,0.254,17.44,99.25,681,N,35,0
CUST-15487,55,44747,RENT,1.6,EDUCATION,A,3591,8.16,0.08,9.95,45.19,700,N,34,0
CUST-15488,32,194849,MORTGAGE,1.1,EDUCATION,A,5119,9.01,0.026,14.96,63.13,740,N,14,0
CUST-15489,51,20644,MORTGAGE,1.1,EDUCATION,B,11124,9.44,0.539,19.62,19.44,706,Y,29,1
CUST-15490,55,106242,RENT,0.7,EDUCATION,B,8541,9.66,0.08,41.59,78.37,696,N,35,0
CUST-15491,56,72681,MORTGAGE,4.7,MEDICAL,D,5747,18.88,0.079,32.32,71.25,557,Y,35,1
CUST-15492,45,36764,OWN,5.8,MEDICAL,A,12503,5.88,0.34,18.4,22.82,743,N,23,0
CUST-15493,41,130299,MORTGAGE,6.1,EDUCATION,G,4524,25.42,0.035,4.46,93.45,479,N,20,1
CUST-15494,23,16173,RENT,3.8,DEBTCONSOLIDATION,E,4413,21.04,0.273,10.17,49.23,617,Y,5,0
CUST-15495,50,35844,MORTGAGE,15.3,EDUCATION,B,2895,11.91,0.081,14.73,72.77,720,N,28,0
CUST-15496,37,23739,MORTGAGE,10.6,PERSONAL,C,10013,11.59,0.422,14.48,62.47,545,Y,16,1
CUST-15497,57,62771,MORTGAGE,15.8,PERSONAL,E,8508,19.08,0.136,4.13,65.42,572,N,35,0
CUST-15498,43,25138,MORTGAGE,2.5,VENTURE,A,13132,8.25,0.522,27.14,21.96,710,N,22,0
CUST-15499,42,63566,RENT,10.5,MEDICAL,B,4332,11.39,0.068,4.17,52.26,649,N,21,0
CUST-15500,41,43832,MORTGAGE,7.2,DEBTCONSOLIDATION,A,1000,7.49,0.023,12.95,41.35,670,N,19,0
CUST-15501,21,36768,MORTGAGE,2.1,VENTURE,B,8968,9.66,0.244,12.87,35.16,731,Y,3,0
CUST-15502,50,61894,MORTGAGE,0.6,PERSONAL,A,4432,7.17,0.072,26.8,64.67,785,N,28,0
CUST-15503,30,41723,MORTGAGE,5.7,PERSONAL,E,7589,18.76,0.182,31.74,94.97,518,Y,11,1
CUST-15504,47,25509,OWN,0.7,MEDICAL,B,9028,9.01,0.354,19.02,17.02,739,N,25,0
CUST-15505,65,263240,RENT,1.7,VENTURE,E,5603,19.14,0.021,15.15,47.85,644,N,35,0
CUST-15506,51,36596,RENT,3.5,PERSONAL,A,10491,9.72,0.287,11.21,25.71,743,N,33,0
CUST-15507,24,15000,MORTGAGE,5.7,VENTURE,C,3341,13.17,0.223,24.72,34.52,618,N,4,1
CUST-15508,57,29576,MORTGAGE,13.0,HOMEIMPROVEMENT,C,9173,11.68,0.31,16.75,81.33,647,Y,35,0
CUST-15509,29,22916,OWN,4.5,VENTURE,B,10519,10.07,0.459,20.64,15.21,741,Y,11,0
CUST-15510,59,80473,MORTGAGE,5.6,VENTURE,D,8143,18.57,0.101,38.16,63.59,656,N,35,1
CUST-15511,65,59455,RENT,1.9,HOMEIMPROVEMENT,B,8193,8.59,0.138,26.07,52.1,699,N,35,0
CUST-15512,43,62269,MORTGAGE,5.8,PERSONAL,A,7589,7.5,0.122,11.94,49.82,718,N,24,0
CUST-15513,54,39260,MORTGAGE,2.9,EDUCATION,F,6328,22.89,0.161,20.37,41.03,539,Y,33,1
CUST-15514,63,41456,MORTGAGE,9.7,PERSONAL,B,12278,9.13,0.296,12.25,61.87,697,N,35,0
CUST-15515,67,39239,MORTGAGE,2.5,PERSONAL,A,1846,7.73,0.047,21.15,57.75,754,N,35,0
CUST-15516,42,46689,RENT,3.2,DEBTCONSOLIDATION,B,18019,9.4,0.386,10.08,49.91,686,N,22,0
CUST-15517,36,80918,RENT,2.8,EDUCATION,B,7626,9.03,0.094,17.07,63.12,707,N,18,0
CUST-15518,20,59972,RENT,2.0,VENTURE,B,11567,11.25,0.193,16.81,100.0,635,N,1,1
CUST-15519,50,66175,RENT,15.4,VENTURE,C,8784,15.69,0.133,16.07,57.97,663,N,30,0
CUST-15520,50,66153,RENT,2.0,VENTURE,C,1583,13.04,0.024,10.35,83.74,690,N,31,1
CUST-15521,61,83338,MORTGAGE,3.2,MEDICAL,A,14564,8.2,0.175,20.35,61.03,743,N,35,0
CUST-15522,61,58272,RENT,6.1,MEDICAL,B,16508,11.08,0.283,38.99,67.24,704,N,35,1
CUST-15523,53,60797,OWN,11.3,EDUCATION,C,6462,13.71,0.106,21.38,45.37,594,Y,32,0
CUST-15524,28,100035,RENT,3.4,DEBTCONSOLIDATION,C,1698,12.67,0.017,20.21,51.47,668,N,10,0
CUST-15525,41,32891,RENT,0.6,PERSONAL,A,2793,6.28,0.085,10.66,29.89,782,N,23,1
CUST-15526,32,29335,MORTGAGE,2.3,PERSONAL,B,6602,9.54,0.225,15.27,17.59,757,N,10,0
CUST-15527,44,24063,RENT,4.0,MEDICAL,E,8232,19.29,0.342,19.98,77.07,487,N,26,1
CUST-15528,67,54707,OWN,2.7,EDUCATION,D,13141,16.0,0.24,24.5,80.96,628,N,35,1
CUST-15529,37,16119,RENT,1.0,EDUCATION,C,15036,12.12,0.933,38.59,64.92,589,N,15,1
CUST-15530,31,64685,RENT,0.2,DEBTCONSOLIDATION,A,8641,7.25,0.134,19.13,72.0,764,Y,13,0
CUST-15531,59,45912,OWN,5.8,HOMEIMPROVEMENT,B,11022,9.74,0.24,9.05,44.94,681,N,35,0
CUST-15532,36,96836,RENT,18.0,HOMEIMPROVEMENT,A,3727,8.17,0.038,10.55,53.57,768,N,18,0
CUST-15533,34,32756,RENT,12.6,EDUCATION,C,4556,13.03,0.139,21.92,78.66,665,N,16,1
CUST-15534,61,43391,RENT,5.7,EDUCATION,C,4499,14.51,0.104,40.49,52.73,653,N,35,1
CUST-15535,34,96117,MORTGAGE,9.2,VENTURE,B,6708,10.78,0.07,13.05,45.06,684,N,16,1
CUST-15536,34,112406,RENT,1.5,HOMEIMPROVEMENT,A,5916,6.9,0.053,17.75,53.96,756,Y,16,0
CUST-15537,58,32594,RENT,4.9,MEDICAL,C,13329,13.3,0.409,20.94,67.82,683,N,35,0
CUST-15538,32,54669,MORTGAGE,0.3,HOMEIMPROVEMENT,D,6297,16.34,0.115,22.53,83.71,619,N,13,0
CUST-15539,36,58492,MORTGAGE,6.1,DEBTCONSOLIDATION,B,9075,10.7,0.155,21.97,27.45,728,N,16,0
CUST-15540,51,61340,RENT,17.5,MEDICAL,C,10359,13.93,0.169,22.13,57.89,601,N,29,0
CUST-15541,28,41875,RENT,9.9,EDUCATION,A,7939,6.96,0.19,19.39,80.26,752,N,6,0
CUST-15542,59,105749,RENT,3.8,MEDICAL,C,12307,13.21,0.116,31.3,44.7,633,N,35,0
CUST-15543,39,15774,MORTGAGE,7.8,DEBTCONSOLIDATION,B,10544,10.64,0.668,26.38,23.62,727,N,21,0
CUST-15544,45,38075,RENT,14.4,EDUCATION,B,4184,6.95,0.11,16.13,68.84,719,N,24,0
CUST-15545,46,64135,MORTGAGE,1.2,VENTURE,C,10809,14.16,0.169,11.02,69.98,632,N,28,0
CUST-15546,40,64494,MORTGAGE,7.9,VENTURE,C,4506,12.36,0.07,30.94,50.78,655,N,20,0
CUST-15547,37,110376,RENT,1.6,EDUCATION,B,6278,10.15,0.057,17.32,79.08,695,N,17,0
CUST-15548,32,100602,MORTGAGE,10.5,MEDICAL,A,9960,6.69,0.099,21.85,55.76,764,N,12,0
CUST-15549,35,41302,RENT,0.5,EDUCATION,A,12367,8.4,0.299,22.93,90.82,762,N,15,0
CUST-15550,28,106929,RENT,1.0,HOMEIMPROVEMENT,G,2090,25.73,0.02,2.14,64.33,502,Y,9,1
CUST-15551,31,31938,RENT,6.4,VENTURE,B,14153,10.37,0.443,18.2,43.71,653,N,11,0
CUST-15552,63,85693,RENT,1.0,HOMEIMPROVEMENT,A,21733,7.38,0.254,27.98,67.01,802,N,35,0
CUST-15553,57,145264,MORTGAGE,0.9,PERSONAL,D,1000,16.45,0.007,15.21,72.25,647,N,35,1
CUST-15554,38,101617,MORTGAGE,4.1,PERSONAL,A,8475,7.48,0.083,14.83,44.62,753,N,16,0
CUST-15555,26,52232,RENT,8.0,HOMEIMPROVEMENT,B,1279,11.7,0.024,10.47,72.2,718,N,4,0
CUST-15556,54,40172,OTHER,1.6,EDUCATION,A,14609,11.11,0.364,9.44,61.93,771,N,35,0
CUST-15557,67,19591,RENT,9.2,PERSONAL,F,4112,21.79,0.21,27.04,53.41,506,N,35,1
CUST-15558,37,59060,RENT,8.3,PERSONAL,B,5934,11.18,0.1,11.07,70.47,743,N,19,0
CUST-15559,35,25106,RENT,4.3,MEDICAL,C,5504,12.48,0.219,25.1,100.0,579,Y,13,1
CUST-15560,58,30458,MORTGAGE,5.2,PERSONAL,B,6335,9.59,0.208,7.2,88.12,640,N,35,0
CUST-15561,23,23993,OWN,0.2,MEDICAL,A,7543,6.28,0.314,23.26,50.2,725,N,1,0
CUST-15562,44,37188,MORTGAGE,2.3,VENTURE,B,2337,12.11,0.063,16.51,32.5,712,Y,23,1
CUST-15563,51,48205,OWN,1.5,MEDICAL,B,25334,11.34,0.526,20.48,58.71,705,N,33,0
CUST-15564,59,57766,RENT,0.8,DEBTCONSOLIDATION,F,5872,21.54,0.102,10.3,47.2,533,N,35,0
CUST-15565,32,34190,RENT,2.5,PERSONAL,D,2412,16.76,0.071,12.99,61.06,607,N,12,1
CUST-15566,64,93113,MORTGAGE,2.2,MEDICAL,D,13116,17.42,0.141,9.83,48.02,599,Y,35,0
CUST-15567,36,43264,MORTGAGE,6.5,PERSONAL,B,8609,11.94,0.199,14.69,68.46,655,N,14,0
CUST-15568,68,30557,RENT,4.6,HOMEIMPROVEMENT,B,15756,10.99,0.516,20.2,61.08,652,N,35,0
CUST-15569,56,56149,MORTGAGE,12.2,DEBTCONSOLIDATION,B,8435,10.61,0.15,32.95,91.49,655,N,35,1
CUST-15570,25,159234,RENT,0.8,EDUCATION,C,5210,15.08,0.033,6.7,70.07,612,N,5,1
CUST-15571,38,59939,RENT,0.3,EDUCATION,C,5711,12.18,0.095,13.85,69.96,600,N,16,0
CUST-15572,32,39430,MORTGAGE,3.8,EDUCATION,D,13046,14.19,0.331,19.89,45.0,560,N,12,1
CUST-15573,45,19604,MORTGAGE,0.0,HOMEIMPROVEMENT,D,13236,18.01,0.675,15.87,72.65,600,Y,25,1
CUST-15574,33,42974,RENT,7.7,VENTURE,A,12455,6.96,0.29,16.95,56.52,787,N,14,1
CUST-15575,50,56441,RENT,3.5,HOMEIMPROVEMENT,C,11193,15.1,0.198,16.45,63.16,665,N,28,1
CUST-15576,23,38849,MORTGAGE,3.3,PERSONAL,B,19987,12.8,0.514,28.7,60.46,668,Y,4,1
CUST-15577,58,18047,MORTGAGE,2.3,MEDICAL,B,7491,12.72,0.415,27.67,28.63,676,N,35,0
CUST-15578,27,29426,MORTGAGE,2.3,VENTURE,C,2846,9.89,0.097,5.37,33.09,716,N,5,0
CUST-15579,44,117327,MORTGAGE,2.8,HOMEIMPROVEMENT,D,5372,17.46,0.046,20.76,77.4,593,N,24,0
CUST-15580,32,115890,RENT,0.1,EDUCATION,B,4243,9.89,0.037,6.49,49.39,662,N,12,0
CUST-15581,51,28796,OTHER,0.4,EDUCATION,A,13256,6.72,0.46,19.77,24.35,740,N,33,0
CUST-15582,57,73398,MORTGAGE,3.5,DEBTCONSOLIDATION,B,2700,10.95,0.037,9.17,62.46,680,N,35,0
CUST-15583,57,24169,RENT,0.8,PERSONAL,E,2797,18.75,0.116,18.22,63.74,540,N,35,1
CUST-15584,47,113844,RENT,7.5,MEDICAL,D,8611,17.4,0.076,6.99,63.79,611,Y,26,0
CUST-15585,49,56791,RENT,1.6,MEDICAL,A,18274,9.09,0.322,16.9,23.23,794,N,30,0
CUST-15586,22,86663,RENT,0.5,PERSONAL,C,14465,13.26,0.167,16.44,51.54,604,N,1,0
CUST-15587,47,17517,MORTGAGE,1.3,EDUCATION,A,9265,7.93,0.529,40.75,40.02,764,N,27,0
CUST-15588,22,73613,MORTGAGE,2.2,VENTURE,B,14909,9.95,0.203,11.13,25.86,735,N,3,0
CUST-15589,64,48795,MORTGAGE,0.2,EDUCATION,B,5971,11.06,0.122,28.97,42.96,716,N,35,0
CUST-15590,53,81728,RENT,0.8,EDUCATION,B,20019,12.2,0.245,16.64,32.86,736,N,34,0
CUST-15591,35,84873,MORTGAGE,2.0,HOMEIMPROVEMENT,A,2684,7.99,0.032,4.7,30.17,769,N,17,0
CUST-15592,41,50994,RENT,1.9,DEBTCONSOLIDATION,C,3845,13.36,0.075,37.78,48.3,626,N,19,1
CUST-15593,51,34183,RENT,8.1,HOMEIMPROVEMENT,D,11726,18.07,0.343,12.4,45.64,673,N,33,0
CUST-15594,57,78262,MORTGAGE,9.3,HOMEIMPROVEMENT,B,12048,,0.154,32.43,61.67,718,N,35,0
CUST-15595,27,47283,RENT,1.1,DEBTCONSOLIDATION,A,18535,7.04,0.392,16.49,50.99,830,N,5,0
CUST-15596,27,29037,MORTGAGE,0.7,HOMEIMPROVEMENT,A,5163,6.7,0.178,8.67,65.09,685,N,7,1
CUST-15597,25,28223,MORTGAGE,5.0,DEBTCONSOLIDATION,A,15296,5.62,0.542,24.49,70.71,834,N,4,0
CUST-15598,33,20205,MORTGAGE,8.2,VENTURE,A,8704,6.47,0.431,17.47,65.05,780,N,12,0
CUST-15599,51,36091,RENT,16.6,VENTURE,D,3425,16.57,0.095,4.42,39.06,626,N,30,0
CUST-15600,54,94998,MORTGAGE,0.0,VENTURE,B,2707,10.78,0.028,3.25,100.0,668,N,32,0
CUST-15601,29,54540,OTHER,2.7,DEBTCONSOLIDATION,A,6211,6.34,0.114,31.58,14.63,776,N,7,0
CUST-15602,22,35672,MORTGAGE,4.0,VENTURE,A,6931,6.89,0.194,13.18,57.39,792,Y,2,0
CUST-15603,31,79452,MORTGAGE,8.8,VENTURE,E,2347,17.23,0.03,20.28,73.35,508,N,11,1
CUST-15604,68,29747,MORTGAGE,0.3,EDUCATION,B,10652,13.12,0.358,34.24,37.7,720,Y,35,0
CUST-15605,50,51907,RENT,5.7,DEBTCONSOLIDATION,B,11623,12.26,0.224,7.47,35.28,677,N,32,0
CUST-15606,48,44012,MORTGAGE,1.7,MEDICAL,B,6075,9.64,0.138,26.53,56.12,720,N,26,0
CUST-15607,24,78235,MORTGAGE,0.4,PERSONAL,A,7068,7.67,0.09,24.21,24.28,714,N,3,0
CUST-15608,44,19027,MORTGAGE,3.4,HOMEIMPROVEMENT,F,14674,20.94,0.771,22.94,88.19,574,Y,25,1
CUST-15609,60,29433,MORTGAGE,0.9,EDUCATION,A,10777,8.73,0.366,9.49,57.76,747,N,35,0
CUST-15610,50,18343,RENT,6.7,PERSONAL,C,10973,14.27,0.598,21.39,45.49,676,N,31,1
CUST-15611,40,41950,RENT,6.8,EDUCATION,A,8335,5.92,0.199,32.85,76.8,784,Y,21,0
CUST-15612,39,101402,MORTGAGE,9.2,PERSONAL,B,8437,9.33,0.083,16.66,52.17,710,N,17,0
CUST-15613,58,36197,RENT,2.4,PERSONAL,D,8871,16.42,0.245,12.87,82.58,580,Y,35,1
CUST-15614,41,36083,RENT,0.1,MEDICAL,C,3585,15.16,0.099,19.87,30.33,672,Y,20,1
CUST-15615,23,82704,RENT,1.5,HOMEIMPROVEMENT,B,6639,10.05,0.08,5.35,50.02,697,N,4,0
CUST-15616,32,93072,RENT,3.2,MEDICAL,B,9091,12.07,0.098,12.43,33.91,707,N,12,1
CUST-15617,64,46483,MORTGAGE,5.9,VENTURE,A,11785,7.87,0.254,20.56,55.73,737,N,35,0
CUST-15618,61,73926,MORTGAGE,2.4,HOMEIMPROVEMENT,E,10965,18.5,0.148,10.64,49.41,507,Y,35,0
CUST-15619,69,25689,RENT,3.8,EDUCATION,C,9502,13.0,0.37,33.18,76.39,652,N,35,1
CUST-15620,68,112059,RENT,3.7,VENTURE,B,7302,11.26,0.065,26.71,49.04,679,N,35,0
CUST-15621,39,177943,RENT,0.9,EDUCATION,B,11645,11.51,0.065,25.56,80.53,711,N,18,0
CUST-15622,32,67018,RENT,4.9,VENTURE,A,11609,8.62,0.173,9.63,74.72,749,N,13,0
CUST-15623,36,15000,RENT,2.9,EDUCATION,C,6985,13.76,0.466,23.15,40.19,632,N,18,0
CUST-15624,55,35068,OWN,8.2,DEBTCONSOLIDATION,B,7002,11.03,0.2,23.48,92.08,775,N,34,1
CUST-15625,52,70805,RENT,5.9,PERSONAL,B,1946,13.21,0.027,2.94,37.6,689,N,31,0
CUST-15626,20,38067,MORTGAGE,0.6,MEDICAL,D,22556,19.39,0.593,23.54,60.45,613,Y,1,1
CUST-15627,34,105168,MORTGAGE,3.4,EDUCATION,A,10153,7.56,0.097,23.22,24.49,816,N,13,0
CUST-15628,32,69765,OWN,6.1,VENTURE,A,12922,5.38,0.185,35.83,23.48,715,N,11,0
CUST-15629,36,32084,RENT,0.5,MEDICAL,B,16358,10.66,0.51,18.42,54.97,729,N,18,0
CUST-15630,43,49979,MORTGAGE,7.9,EDUCATION,A,2019,7.64,0.04,7.52,76.59,724,Y,22,0
CUST-15631,27,28672,RENT,1.3,EDUCATION,B,6748,8.99,0.235,12.72,20.37,692,N,8,0
CUST-15632,69,43934,MORTGAGE,3.5,PERSONAL,B,6251,10.65,0.142,23.8,47.8,714,N,35,0
CUST-15633,46,35145,RENT,14.1,HOMEIMPROVEMENT,A,6501,6.25,0.185,4.78,64.76,790,N,25,0
CUST-15634,64,99196,MORTGAGE,4.2,EDUCATION,A,3651,7.95,0.037,2.92,73.67,714,N,35,0
CUST-15635,42,174487,RENT,2.8,HOMEIMPROVEMENT,A,16276,8.21,0.093,8.44,55.86,759,N,24,0
CUST-15636,65,20770,MORTGAGE,0.0,MEDICAL,A,8670,8.13,0.417,38.04,50.03,724,N,35,1
CUST-15637,27,15460,MORTGAGE,0.7,PERSONAL,A,8533,8.69,0.552,31.28,38.02,773,N,9,1
CUST-15638,27,42314,OWN,4.3,PERSONAL,A,11730,8.06,0.277,24.41,40.7,784,N,7,0
CUST-15639,45,19711,MORTGAGE,3.4,HOMEIMPROVEMENT,B,1943,11.45,0.099,9.83,25.4,723,N,23,0
CUST-15640,66,50399,RENT,2.3,VENTURE,C,7850,15.05,0.156,11.33,82.99,622,N,35,1
CUST-15641,32,76830,RENT,12.8,PERSONAL,A,13094,6.97,0.17,22.65,53.37,711,N,10,1
CUST-15642,58,120148,RENT,2.0,VENTURE,C,18063,13.33,0.15,14.4,48.9,644,N,35,0
CUST-15643,56,55317,MORTGAGE,3.9,HOMEIMPROVEMENT,A,9915,7.07,0.179,5.08,32.11,707,N,34,0
CUST-15644,68,43656,MORTGAGE,4.2,EDUCATION,C,12291,12.61,0.282,10.29,41.76,668,N,35,0
CUST-15645,47,15000,MORTGAGE,3.7,MEDICAL,C,12126,13.14,0.808,34.25,49.56,699,N,29,0
CUST-15646,44,49797,RENT,3.2,EDUCATION,B,7426,11.5,0.149,10.93,43.22,672,N,23,1
CUST-15647,35,51163,MORTGAGE,2.1,PERSONAL,A,9422,8.37,0.184,12.77,61.57,768,N,13,0
CUST-15648,21,71924,MORTGAGE,3.0,EDUCATION,B,5814,8.47,0.081,17.21,70.96,672,N,1,0
CUST-15649,37,32045,OWN,3.0,VENTURE,D,14215,18.56,0.444,19.23,57.05,654,N,19,1
CUST-15650,36,37758,MORTGAGE,3.8,MEDICAL,B,4004,11.52,0.106,39.88,43.64,735,N,14,0
CUST-15651,49,20195,RENT,5.3,EDUCATION,A,4609,7.77,0.228,18.54,38.95,747,N,27,0
CUST-15652,58,15000,RENT,0.4,EDUCATION,E,4163,17.84,0.278,21.45,40.9,597,N,35,1
CUST-15653,32,25207,RENT,7.6,MEDICAL,C,6015,12.08,0.239,12.43,54.05,679,Y,10,0
CUST-15654,51,19106,MORTGAGE,3.6,EDUCATION,D,5109,18.3,0.267,24.55,32.94,568,N,31,1
CUST-15655,69,59995,MORTGAGE,5.4,VENTURE,A,6973,8.71,0.116,26.93,42.29,767,Y,35,0
CUST-15656,48,35922,RENT,7.4,PERSONAL,B,8197,11.85,0.228,11.73,32.63,678,N,29,1
CUST-15657,65,35491,RENT,10.4,HOMEIMPROVEMENT,B,12795,10.34,0.361,25.11,45.25,704,N,35,0
CUST-15658,49,27155,RENT,2.5,PERSONAL,B,8036,12.07,0.296,31.23,46.54,688,N,28,1
CUST-15659,37,15000,OWN,8.3,VENTURE,A,6508,5.86,0.434,44.05,32.55,751,N,18,0
CUST-15660,32,121174,RENT,1.5,MEDICAL,B,5773,9.02,0.048,21.04,39.49,732,N,12,0
CUST-15661,62,26898,RENT,5.4,HOMEIMPROVEMENT,C,15188,14.71,0.565,39.54,99.3,610,N,35,1
CUST-15662,40,38274,RENT,0.5,HOMEIMPROVEMENT,B,8811,9.4,0.23,18.13,74.43,639,N,18,0
CUST-15663,49,20477,RENT,0.1,EDUCATION,C,13602,13.45,0.664,35.42,78.14,634,N,29,1
CUST-15664,40,87829,MORTGAGE,0.5,VENTURE,B,2356,8.37,0.027,2.22,40.05,739,N,18,0
CUST-15665,67,53426,MORTGAGE,1.9,PERSONAL,B,5236,7.09,0.098,17.26,27.95,669,N,35,0
CUST-15666,36,29857,RENT,0.2,PERSONAL,A,13029,6.27,0.436,17.78,31.15,732,N,15,0
CUST-15667,59,38741,MORTGAGE,5.0,DEBTCONSOLIDATION,C,4512,13.05,0.116,5.78,45.39,691,N,35,0
CUST-15668,38,134176,RENT,1.9,PERSONAL,A,13406,6.39,0.1,34.52,35.95,798,Y,20,0
CUST-15669,34,46920,OTHER,6.7,EDUCATION,D,3248,17.24,0.069,7.17,81.62,634,N,12,1
CUST-15670,28,43956,RENT,0.2,PERSONAL,B,4105,11.71,0.093,33.8,93.38,714,N,10,1
CUST-15671,29,27866,RENT,1.2,MEDICAL,B,6446,11.23,0.231,14.95,83.42,735,N,7,0
CUST-15672,63,15728,MORTGAGE,2.6,DEBTCONSOLIDATION,E,4584,18.11,0.291,17.42,59.06,555,Y,35,1
CUST-15673,50,44532,RENT,2.4,EDUCATION,A,4574,8.13,0.103,29.0,72.42,774,N,30,0
CUST-15674,42,59592,RENT,0.7,MEDICAL,B,15039,9.03,0.252,26.24,38.13,672,N,21,1
CUST-15675,49,94821,MORTGAGE,25.7,EDUCATION,B,4432,12.74,0.047,8.32,65.69,757,N,27,0
CUST-15676,52,15000,MORTGAGE,1.7,EDUCATION,F,10744,22.06,0.716,23.63,58.77,567,N,32,1
CUST-15677,28,24957,RENT,6.4,MEDICAL,C,12169,12.47,0.488,44.46,35.87,673,N,8,0
CUST-15678,66,34598,MORTGAGE,1.2,MEDICAL,C,5658,13.56,0.164,15.29,96.27,638,N,35,0
CUST-15679,20,48918,MORTGAGE,2.0,EDUCATION,A,4335,7.7,0.089,6.81,58.55,774,N,1,0
CUST-15680,63,44935,MORTGAGE,2.5,HOMEIMPROVEMENT,A,5682,8.35,0.126,28.09,29.87,749,N,35,0
CUST-15681,54,45569,MORTGAGE,11.6,PERSONAL,A,18686,5.23,0.41,19.0,29.59,731,N,34,0
CUST-15682,30,62621,MORTGAGE,2.1,PERSONAL,C,17684,12.66,0.282,22.59,64.33,670,Y,12,1
CUST-15683,53,28510,RENT,0.0,DEBTCONSOLIDATION,B,14917,11.08,0.523,21.07,50.79,633,N,33,1
CUST-15684,35,85860,RENT,3.6,VENTURE,B,19592,11.43,0.228,15.8,57.44,731,N,16,0
CUST-15685,28,63581,RENT,3.7,HOMEIMPROVEMENT,C,10975,17.42,0.173,32.65,35.46,614,Y,6,1
CUST-15686,51,40461,RENT,,VENTURE,D,6034,18.15,0.149,34.05,53.84,636,N,31,1
CUST-15687,34,128097,MORTGAGE,1.3,EDUCATION,A,12902,6.67,0.101,19.28,100.0,698,N,13,0
CUST-15688,31,124722,RENT,7.7,VENTURE,E,15879,21.63,0.127,16.43,52.46,556,N,12,0
CUST-15689,52,85796,RENT,0.2,PERSONAL,A,5404,8.2,0.063,5.29,34.47,766,N,32,0
CUST-15690,64,15000,RENT,3.4,VENTURE,A,16657,9.14,1.11,31.67,24.49,780,Y,35,1
CUST-15691,33,126420,RENT,3.8,MEDICAL,D,6893,17.06,0.055,16.28,53.76,586,Y,11,1
CUST-15692,27,78972,MORTGAGE,5.8,DEBTCONSOLIDATION,B,4338,12.22,0.055,12.66,36.18,668,Y,5,0
CUST-15693,27,163381,RENT,0.2,VENTURE,E,4991,20.8,0.031,22.84,92.56,606,N,6,1
CUST-15694,46,102999,MORTGAGE,4.4,PERSONAL,B,7107,11.16,0.069,8.54,50.05,767,N,24,0
CUST-15695,31,126374,RENT,0.0,MEDICAL,E,10914,18.97,0.086,6.97,68.27,538,N,12,1
CUST-15696,20,83049,OWN,1.5,PERSONAL,A,7604,6.97,0.092,11.31,34.68,658,N,2,0
CUST-15697,62,110107,OTHER,3.5,VENTURE,B,10708,9.36,0.097,10.05,28.0,753,N,35,0
CUST-15698,59,162181,MORTGAGE,12.1,MEDICAL,G,23444,24.41,0.145,7.17,76.53,495,N,35,1
CUST-15699,61,55822,MORTGAGE,0.7,EDUCATION,B,1872,11.83,0.034,24.53,52.69,668,N,35,0
CUST-15700,30,19085,MORTGAGE,0.9,DEBTCONSOLIDATION,A,9641,8.2,0.505,31.49,66.5,752,N,11,1
CUST-15701,58,40762,OWN,5.5,DEBTCONSOLIDATION,A,8380,6.57,0.206,6.45,28.71,818,N,35,0
CUST-15702,62,61942,MORTGAGE,2.3,DEBTCONSOLIDATION,D,6365,17.66,0.103,33.41,52.41,633,N,35,1
CUST-15703,50,51273,OTHER,4.9,EDUCATION,B,1328,9.09,0.026,25.21,54.57,727,N,29,0
CUST-15704,36,23203,MORTGAGE,18.0,VENTURE,B,5873,10.9,0.253,25.87,30.28,706,N,14,0
CUST-15705,52,18423,MORTGAGE,21.7,DEBTCONSOLIDATION,C,12517,15.17,0.679,40.85,76.27,667,N,31,0
CUST-15706,51,31423,MORTGAGE,2.2,MEDICAL,D,10087,15.09,0.321,22.64,73.72,669,N,29,0
CUST-15707,48,79589,RENT,3.5,EDUCATION,B,13436,10.7,0.169,13.29,81.31,668,N,29,0
CUST-15708,40,126526,RENT,,HOMEIMPROVEMENT,D,7799,15.66,0.062,15.47,77.93,637,N,18,0
CUST-15709,40,84960,OWN,0.5,HOMEIMPROVEMENT,B,1579,12.45,0.019,21.44,60.43,699,Y,20,0
CUST-15710,59,92453,RENT,3.0,VENTURE,C,4544,16.2,0.049,19.63,69.65,648,N,35,0
CUST-15711,42,46700,MORTGAGE,2.4,EDUCATION,A,2859,8.17,0.061,19.11,35.19,710,N,20,0
CUST-15712,25,17235,RENT,,PERSONAL,A,15725,8.55,0.912,31.32,15.74,765,N,7,0
CUST-15713,41,37304,RENT,23.0,VENTURE,D,1933,18.14,0.052,9.94,64.16,630,N,22,1
CUST-15714,69,41971,OWN,6.6,MEDICAL,B,10649,11.42,0.254,10.48,48.67,693,N,35,0
CUST-15715,57,36379,MORTGAGE,2.5,VENTURE,B,23867,9.51,0.656,18.08,34.34,751,N,35,0
CUST-15716,56,50656,MORTGAGE,8.8,PERSONAL,C,1715,12.97,0.034,25.11,38.2,653,Y,35,0
CUST-15717,64,63885,RENT,3.4,PERSONAL,B,4832,9.96,0.076,29.36,91.11,626,N,35,1
CUST-15718,27,81781,RENT,9.0,EDUCATION,A,10365,5.42,0.127,37.57,34.03,769,N,6,0
CUST-15719,60,41486,RENT,1.5,EDUCATION,C,4222,14.67,0.102,10.09,67.01,609,N,35,0
CUST-15720,68,15642,RENT,1.3,VENTURE,B,2929,9.0,0.187,14.02,48.63,750,N,35,0
CUST-15721,54,36690,RENT,1.4,EDUCATION,D,4632,17.49,0.126,6.81,54.73,676,N,35,0
CUST-15722,30,50323,MORTGAGE,3.9,VENTURE,B,6626,9.63,0.132,7.42,79.14,735,N,8,0
CUST-15723,43,102097,RENT,1.7,VENTURE,B,6816,10.23,0.067,17.24,71.54,700,N,25,0
CUST-15724,68,34867,MORTGAGE,0.8,PERSONAL,B,8539,11.17,0.245,16.14,33.52,721,N,35,0
CUST-15725,40,66671,RENT,22.0,DEBTCONSOLIDATION,A,1000,9.33,0.015,10.53,41.99,724,N,20,0
CUST-15726,21,58340,RENT,3.0,HOMEIMPROVEMENT,A,15124,8.54,0.259,8.45,33.15,771,N,1,0
CUST-15727,59,50329,RENT,5.0,VENTURE,A,4282,7.36,0.085,23.56,61.42,722,Y,35,0
CUST-15728,38,85675,OTHER,11.1,DEBTCONSOLIDATION,E,14946,19.46,0.174,18.73,56.15,636,N,17,0
CUST-15729,58,32974,MORTGAGE,13.7,EDUCATION,D,24920,15.09,0.756,27.54,63.27,575,N,35,1
CUST-15730,47,34713,RENT,5.6,MEDICAL,B,8951,11.26,0.258,15.84,78.04,643,N,29,0
CUST-15731,36,48672,MORTGAGE,3.7,PERSONAL,A,13643,7.4,0.28,20.45,36.41,744,Y,16,0
CUST-15732,25,33386,MORTGAGE,7.0,MEDICAL,A,15566,6.38,0.466,15.85,25.16,771,Y,3,0
CUST-15733,38,66490,MORTGAGE,4.2,MEDICAL,A,14822,8.43,0.223,14.49,33.2,831,N,19,0
CUST-15734,57,31955,MORTGAGE,0.7,VENTURE,D,4235,18.2,0.133,10.44,39.47,585,N,35,0
CUST-15735,47,56150,RENT,2.3,PERSONAL,B,16669,10.29,0.297,13.11,46.68,702,N,27,0
CUST-15736,21,46161,MORTGAGE,3.0,PERSONAL,D,1439,15.83,0.031,13.59,69.28,610,N,2,0
CUST-15737,57,55768,MORTGAGE,13.7,EDUCATION,B,8972,9.81,0.161,16.59,53.58,663,N,35,0
CUST-15738,56,37203,MORTGAGE,5.4,PERSONAL,B,6319,10.98,0.17,12.17,52.76,665,N,34,0
CUST-15739,23,39996,OWN,5.0,VENTURE,B,14997,9.07,0.375,18.61,62.32,634,N,1,0
CUST-15740,41,51927,RENT,7.1,VENTURE,A,6959,7.59,0.134,16.19,60.57,803,N,21,0
CUST-15741,45,55339,RENT,1.9,EDUCATION,B,17425,10.01,0.315,18.54,44.41,672,N,23,1
CUST-15742,68,48897,MORTGAGE,6.3,PERSONAL,D,9120,17.11,0.187,17.13,63.73,537,N,35,1
CUST-15743,62,136382,MORTGAGE,1.1,PERSONAL,B,10225,11.2,0.075,19.55,70.76,686,N,35,0
CUST-15744,55,27053,RENT,2.6,VENTURE,B,7487,9.15,0.277,9.27,12.69,743,N,35,0
CUST-15745,32,47168,RENT,8.2,DEBTCONSOLIDATION,B,4141,11.3,0.088,24.96,68.11,718,N,14,0
CUST-15746,51,19069,MORTGAGE,4.7,EDUCATION,B,4483,11.05,0.235,25.2,71.28,718,N,32,0
CUST-15747,36,61282,RENT,8.7,HOMEIMPROVEMENT,B,1718,10.27,0.028,14.72,34.9,757,Y,16,0
CUST-15748,60,25105,RENT,1.5,HOMEIMPROVEMENT,A,4152,6.98,0.165,21.31,34.21,786,N,35,0
CUST-15749,55,41481,RENT,6.9,PERSONAL,F,7514,21.49,0.181,13.77,81.37,438,Y,35,1
CUST-15750,65,39212,OWN,1.1,DEBTCONSOLIDATION,A,9353,7.29,0.239,12.28,59.33,733,N,35,0
CUST-15751,38,58019,OWN,3.9,MEDICAL,B,7732,9.38,0.133,11.74,67.87,715,Y,20,0
CUST-15752,54,35183,MORTGAGE,2.8,DEBTCONSOLIDATION,A,14453,6.68,0.411,26.03,34.11,757,Y,33,0
CUST-15753,65,34297,MORTGAGE,4.1,MEDICAL,A,3812,7.75,0.111,29.07,45.6,769,N,35,0
CUST-15754,59,116019,RENT,0.7,EDUCATION,C,6577,12.81,0.057,24.87,60.96,744,N,35,0
CUST-15755,47,58147,RENT,2.2,DEBTCONSOLIDATION,F,3147,23.05,0.054,24.8,72.05,496,N,29,1
CUST-15756,20,35009,MORTGAGE,2.0,EDUCATION,C,5329,13.34,0.152,12.78,100.0,571,Y,1,1
CUST-15757,61,42171,RENT,4.1,HOMEIMPROVEMENT,A,1784,6.93,0.042,8.06,64.15,665,N,35,0
CUST-15758,37,131559,MORTGAGE,4.0,PERSONAL,B,12254,10.9,0.093,13.22,41.73,732,N,19,1
CUST-15759,67,42569,MORTGAGE,3.6,VENTURE,A,2709,7.01,0.064,8.28,45.94,744,N,35,0
CUST-15760,59,32416,RENT,14.4,EDUCATION,B,4892,9.56,0.151,17.72,31.9,648,N,35,0
CUST-15761,52,32500,MORTGAGE,13.6,DEBTCONSOLIDATION,A,5354,7.09,0.165,32.1,70.98,742,N,33,0
CUST-15762,31,35260,MORTGAGE,2.2,PERSONAL,C,5821,11.05,0.165,14.38,91.33,633,N,12,0
CUST-15763,27,34313,MORTGAGE,2.2,EDUCATION,A,6033,5.14,0.176,9.59,89.14,738,N,5,0
CUST-15764,43,22747,RENT,4.0,VENTURE,A,13347,6.4,0.587,20.66,79.49,683,N,22,0
CUST-15765,35,24971,RENT,0.5,DEBTCONSOLIDATION,D,8785,15.07,0.352,12.93,68.39,631,N,15,0
CUST-15766,69,29804,MORTGAGE,1.8,EDUCATION,E,6286,20.28,0.211,15.36,75.68,595,Y,35,1
CUST-15767,23,69908,OTHER,1.3,EDUCATION,A,27599,9.01,0.395,19.98,33.63,755,N,5,0
CUST-15768,57,38997,RENT,1.3,MEDICAL,A,10324,7.89,0.265,24.27,33.17,747,N,35,0
CUST-15769,63,43291,OTHER,5.1,EDUCATION,C,7284,11.22,0.168,29.17,55.81,656,N,35,1
CUST-15770,46,105035,MORTGAGE,2.4,HOMEIMPROVEMENT,B,27413,8.81,0.261,8.26,95.66,702,N,27,0
CUST-15771,28,106617,MORTGAGE,,PERSONAL,E,7533,19.92,0.071,12.79,44.0,508,N,6,0
CUST-15772,66,41387,RENT,10.9,VENTURE,B,5754,10.29,0.139,26.46,81.92,671,N,35,1
CUST-15773,35,33573,RENT,10.4,MEDICAL,A,8431,5.27,0.251,23.54,58.49,757,N,14,0
CUST-15774,31,29183,RENT,9.9,EDUCATION,A,3675,6.47,0.126,19.02,84.53,724,N,9,0
CUST-15775,50,74285,RENT,2.5,MEDICAL,B,1653,9.21,0.022,20.78,67.05,731,N,28,0
CUST-15776,43,43354,OTHER,0.3,HOMEIMPROVEMENT,C,2341,15.25,0.054,21.13,89.6,603,Y,23,1
CUST-15777,33,38874,RENT,0.6,MEDICAL,C,10739,14.35,0.276,24.21,42.09,732,N,13,0
CUST-15778,64,30085,MORTGAGE,1.6,PERSONAL,E,2941,19.16,0.098,12.21,46.99,643,Y,35,0
CUST-15779,44,30890,RENT,1.2,PERSONAL,A,10138,7.77,0.328,19.76,29.96,740,N,24,0
CUST-15780,53,59399,MORTGAGE,10.4,HOMEIMPROVEMENT,C,8955,13.67,0.151,15.1,83.98,598,Y,35,1
CUST-15781,22,22264,RENT,4.0,EDUCATION,D,11341,16.6,0.509,19.99,44.6,591,Y,1,0
CUST-15782,43,89047,RENT,8.5,DEBTCONSOLIDATION,D,9663,18.69,0.109,30.22,59.77,652,N,22,0
CUST-15783,61,35585,RENT,6.5,VENTURE,B,5260,12.19,0.148,11.57,39.38,688,N,35,0
CUST-15784,28,44811,MORTGAGE,4.4,MEDICAL,C,28721,15.33,0.641,30.46,65.22,664,N,6,1
CUST-15785,45,21978,RENT,7.3,MEDICAL,B,5257,10.9,0.239,13.46,83.42,702,N,24,1
CUST-15786,39,48658,RENT,14.7,MEDICAL,B,5884,10.09,0.121,23.14,40.74,720,N,20,0
CUST-15787,59,40255,RENT,4.6,DEBTCONSOLIDATION,A,5446,6.01,0.135,16.4,35.1,768,N,35,0
CUST-15788,29,47569,OWN,0.8,MEDICAL,C,2997,12.31,0.063,17.27,35.89,640,N,10,0
CUST-15789,38,118542,MORTGAGE,0.9,PERSONAL,C,5503,14.72,0.046,21.43,61.01,701,N,16,0
CUST-15790,22,54536,MORTGAGE,4.0,MEDICAL,A,15383,5.97,0.282,18.57,62.46,768,N,1,0
CUST-15791,43,30430,MORTGAGE,2.0,VENTURE,B,4249,10.28,0.14,4.62,38.83,741,N,23,0
CUST-15792,24,31990,RENT,6.0,VENTURE,B,14904,8.84,0.466,11.82,68.82,691,N,5,0
CUST-15793,22,70057,MORTGAGE,4.0,DEBTCONSOLIDATION,C,12484,13.38,0.178,13.88,34.35,644,N,3,1
CUST-15794,46,106853,RENT,5.6,MEDICAL,C,16439,12.23,0.154,11.97,85.29,744,Y,25,1
CUST-15795,35,58055,RENT,0.0,EDUCATION,B,2312,11.3,0.04,11.35,100.0,699,N,15,0
CUST-15796,68,74104,MORTGAGE,3.5,MEDICAL,C,12820,13.21,0.173,11.0,27.33,694,N,35,0
CUST-15797,34,70674,MORTGAGE,2.8,DEBTCONSOLIDATION,A,7634,6.53,0.108,17.86,72.99,699,N,13,1
CUST-15798,54,114856,RENT,6.1,DEBTCONSOLIDATION,A,4082,6.35,0.036,19.01,48.01,763,N,35,0
CUST-15799,31,15218,RENT,2.4,DEBTCONSOLIDATION,A,3754,7.66,0.247,25.53,35.04,736,N,13,0
CUST-15800,60,73154,MORTGAGE,18.8,EDUCATION,A,7942,7.56,0.109,17.66,24.19,804,N,35,0
CUST-15801,63,88454,MORTGAGE,5.5,MEDICAL,C,6792,12.84,0.077,5.88,45.95,626,Y,35,0
CUST-15802,45,21955,RENT,5.4,EDUCATION,F,12975,21.62,0.591,22.99,62.66,515,Y,27,1
CUST-15803,66,28813,RENT,12.6,EDUCATION,B,13641,9.91,0.473,16.81,88.67,720,N,35,1
CUST-15804,53,29422,OWN,26.7,PERSONAL,E,14431,16.89,0.49,17.57,62.88,533,Y,31,1
CUST-15805,42,31657,MORTGAGE,1.1,PERSONAL,B,6859,10.45,0.217,9.56,61.58,704,N,24,0
CUST-15806,50,36716,OTHER,8.3,EDUCATION,A,13122,5.63,0.357,28.49,77.24,729,N,30,1
CUST-15807,69,56701,RENT,0.9,EDUCATION,A,7568,6.44,0.133,36.78,74.59,755,N,35,0
CUST-15808,39,82405,MORTGAGE,3.1,EDUCATION,C,5825,13.89,0.071,26.93,85.11,647,N,17,0
CUST-15809,31,93787,RENT,0.5,EDUCATION,C,13587,13.21,0.145,19.29,66.53,714,N,12,0
CUST-15810,42,29652,MORTGAGE,4.9,VENTURE,A,13424,9.33,0.453,16.68,16.82,766,N,22,0
CUST-15811,23,29530,RENT,3.2,EDUCATION,B,3159,9.54,0.107,22.36,56.1,654,N,1,1
CUST-15812,42,107957,RENT,5.0,VENTURE,D,12780,16.01,0.118,16.33,48.26,578,Y,22,0
CUST-15813,67,72261,RENT,5.7,EDUCATION,A,4096,7.69,0.057,24.89,33.94,735,N,35,0
CUST-15814,67,51519,MORTGAGE,4.8,HOMEIMPROVEMENT,D,9806,16.46,0.19,29.39,62.75,586,N,35,1
CUST-15815,20,65120,MORTGAGE,1.7,PERSONAL,A,7609,8.76,0.117,15.79,43.94,800,N,1,0
CUST-15816,44,48151,MORTGAGE,9.1,PERSONAL,B,8437,11.27,0.175,34.39,30.1,680,N,24,0
CUST-15817,21,67154,MORTGAGE,3.0,VENTURE,B,8413,12.17,0.125,3.7,24.06,699,N,2,0
CUST-15818,49,40069,MORTGAGE,3.4,DEBTCONSOLIDATION,B,11978,8.56,0.299,10.52,40.63,721,N,31,0
CUST-15819,22,57600,RENT,4.0,PERSONAL,A,7695,8.44,0.134,20.14,21.44,848,N,3,0
CUST-15820,40,19804,OTHER,1.7,PERSONAL,A,13000,6.32,0.656,17.4,37.28,745,N,20,0
CUST-15821,44,32445,RENT,3.8,DEBTCONSOLIDATION,C,11094,14.03,0.342,20.06,35.82,708,N,26,0
CUST-15822,39,32656,RENT,5.7,PERSONAL,A,15691,7.21,0.48,31.15,49.79,735,N,21,0
CUST-15823,68,39158,OTHER,0.7,EDUCATION,B,8607,9.67,0.22,9.6,24.15,734,N,35,1
CUST-15824,41,28115,RENT,2.2,DEBTCONSOLIDATION,D,3399,17.91,0.121,5.94,58.88,581,Y,23,1
CUST-15825,40,35591,MORTGAGE,8.1,HOMEIMPROVEMENT,D,10088,14.49,0.283,6.46,53.12,638,N,20,0
CUST-15826,52,19758,RENT,1.4,EDUCATION,A,4755,9.68,0.241,10.77,49.6,737,N,30,0
CUST-15827,57,68133,MORTGAGE,3.4,DEBTCONSOLIDATION,C,2023,14.26,0.03,12.47,46.27,682,N,35,0
CUST-15828,34,46652,MORTGAGE,5.0,MEDICAL,B,7812,10.7,0.167,14.71,50.95,728,Y,12,0
CUST-15829,65,17621,RENT,5.6,PERSONAL,A,21282,7.32,1.208,30.6,34.18,772,N,35,1
CUST-15830,34,29705,MORTGAGE,6.5,VENTURE,B,7479,10.06,0.252,37.12,47.68,715,N,15,0
CUST-15831,65,59991,MORTGAGE,10.0,MEDICAL,A,12144,8.06,0.202,9.55,36.0,733,N,35,0
CUST-15832,44,35390,RENT,2.5,MEDICAL,B,7408,8.83,0.209,15.68,62.53,725,N,25,0
CUST-15833,40,32268,RENT,6.1,DEBTCONSOLIDATION,D,15879,12.81,0.492,23.53,80.2,554,N,19,1
CUST-15834,43,46875,RENT,6.6,PERSONAL,D,17825,16.6,0.38,28.16,55.59,699,N,24,1
CUST-15835,24,60244,MORTGAGE,1.8,VENTURE,C,8090,12.6,0.134,22.6,31.2,673,N,2,0
CUST-15836,25,20706,MORTGAGE,7.0,MEDICAL,B,13900,9.4,0.671,25.68,85.74,719,N,3,1
CUST-15837,68,68191,MORTGAGE,10.0,EDUCATION,E,2660,17.61,0.039,22.21,60.21,587,Y,35,0
CUST-15838,62,30327,RENT,1.7,VENTURE,B,5812,11.95,0.192,9.35,29.29,674,N,35,0
CUST-15839,67,48496,RENT,5.6,VENTURE,B,11831,12.68,0.244,30.56,31.65,679,N,35,0
CUST-15840,63,47989,RENT,6.3,HOMEIMPROVEMENT,D,5356,16.44,0.112,5.74,77.85,618,Y,35,1
CUST-15841,66,35730,RENT,2.8,HOMEIMPROVEMENT,A,7597,7.31,0.213,12.84,53.1,733,N,35,0
CUST-15842,42,26523,MORTGAGE,10.0,MEDICAL,A,3090,8.01,0.117,17.98,36.66,709,N,20,0
CUST-15843,23,41298,OWN,5.0,EDUCATION,C,20179,13.94,0.489,14.97,53.03,647,N,2,0
CUST-15844,46,129988,RENT,5.4,MEDICAL,D,14949,15.88,0.115,24.56,70.0,622,N,24,1
CUST-15845,37,21655,OWN,1.2,EDUCATION,A,4771,8.96,0.22,15.5,48.75,750,N,18,0
CUST-15846,40,135318,RENT,,EDUCATION,C,3409,14.86,0.025,7.1,68.2,687,N,21,0
CUST-15847,47,41947,OWN,,MEDICAL,B,11802,11.39,0.281,37.99,83.02,706,N,27,0
CUST-15848,54,50072,RENT,6.6,VENTURE,C,5280,15.63,0.105,8.22,63.13,705,N,34,0
CUST-15849,41,25539,OWN,4.8,MEDICAL,A,5939,8.43,0.233,16.13,24.58,831,N,22,0
CUST-15850,59,30860,RENT,0.4,DEBTCONSOLIDATION,F,39905,21.21,1.293,45.2,100.0,525,Y,35,1
CUST-15851,42,36252,OWN,1.8,EDUCATION,D,4590,16.59,0.127,16.05,69.65,571,Y,23,1
CUST-15852,22,26175,RENT,3.2,EDUCATION,B,9377,,0.358,14.95,67.48,660,N,4,1
CUST-15853,59,43245,RENT,6.7,VENTURE,D,8085,15.24,0.187,21.2,32.28,608,N,35,0
CUST-15854,69,38399,MORTGAGE,6.8,VENTURE,D,6629,16.17,0.173,23.27,36.39,638,N,35,1
CUST-15855,29,148816,RENT,3.4,PERSONAL,B,14959,8.6,0.101,12.69,57.55,688,N,9,0
CUST-15856,44,24353,MORTGAGE,0.6,EDUCATION,E,7739,21.91,0.318,37.02,72.38,571,N,24,1
CUST-15857,68,52136,OWN,1.7,EDUCATION,F,7036,22.49,0.135,25.85,54.86,512,N,35,1
CUST-15858,27,56880,MORTGAGE,1.5,HOMEIMPROVEMENT,A,8073,8.22,0.142,8.7,22.04,739,N,9,0
CUST-15859,30,25791,MORTGAGE,7.6,HOMEIMPROVEMENT,A,7994,5.69,0.31,29.76,80.77,754,N,12,1
CUST-15860,24,74020,RENT,1.0,EDUCATION,B,10870,,0.147,32.03,29.27,734,N,6,0
CUST-15861,64,38599,MORTGAGE,3.1,PERSONAL,B,8296,10.87,0.215,16.24,54.59,733,N,35,0
CUST-15862,56,15000,RENT,5.6,EDUCATION,A,2874,5.34,0.192,13.67,37.76,672,N,34,1
CUST-15863,64,72831,OWN,16.7,PERSONAL,A,4105,8.05,0.056,20.98,36.29,774,N,35,0
CUST-15864,57,25080,RENT,35.9,EDUCATION,F,7922,20.83,0.316,17.39,43.28,553,N,35,0
CUST-15865,48,26142,MORTGAGE,15.3,EDUCATION,C,1904,13.57,0.073,22.69,43.07,647,N,28,0
CUST-15866,24,74068,RENT,6.0,MEDICAL,D,5827,17.4,0.079,14.28,45.56,598,Y,6,1
CUST-15867,28,39803,RENT,6.9,EDUCATION,F,10316,22.23,0.259,27.09,100.0,551,Y,6,1
CUST-15868,67,85021,RENT,7.1,MEDICAL,B,10088,8.29,0.119,40.85,88.36,705,N,35,0
CUST-15869,21,101326,RENT,3.0,EDUCATION,C,10156,13.82,0.1,21.35,100.0,642,N,1,0
CUST-15870,20,33291,RENT,2.0,HOMEIMPROVEMENT,A,14626,8.52,0.439,15.44,63.43,826,N,1,0
CUST-15871,59,78901,RENT,3.0,DEBTCONSOLIDATION,B,8343,10.26,0.106,7.22,49.46,718,N,35,0
CUST-15872,49,31154,MORTGAGE,2.7,EDUCATION,A,6058,8.12,0.194,19.0,66.17,731,N,28,1
CUST-15873,30,187188,RENT,3.1,PERSONAL,A,4791,8.14,0.026,10.37,16.01,776,N,12,0
CUST-15874,47,32345,OWN,,EDUCATION,A,6899,5.07,0.213,10.04,77.5,765,N,29,0
CUST-15875,63,90730,RENT,7.5,PERSONAL,B,14008,12.0,0.154,10.62,43.85,713,N,35,1
CUST-15876,31,81330,RENT,10.2,EDUCATION,E,6651,18.83,0.082,3.67,48.16,600,N,10,1
CUST-15877,58,59257,MORTGAGE,3.0,VENTURE,A,7767,6.63,0.131,12.92,45.23,733,N,35,0
CUST-15878,45,32783,MORTGAGE,2.3,MEDICAL,B,19536,9.67,0.596,22.13,73.7,709,N,25,0
CUST-15879,32,44764,MORTGAGE,14.0,EDUCATION,C,6282,14.98,0.14,23.45,79.09,620,N,14,0
CUST-15880,27,15000,MORTGAGE,1.3,VENTURE,B,8307,,0.554,17.76,48.05,728,N,8,0
CUST-15881,47,56086,RENT,1.3,PERSONAL,E,4164,20.07,0.074,19.27,60.95,571,Y,29,1
CUST-15882,49,60461,MORTGAGE,6.3,EDUCATION,A,3969,6.92,0.066,12.96,54.1,722,N,31,0
CUST-15883,28,53108,MORTGAGE,1.0,VENTURE,A,5629,10.99,0.106,23.96,21.07,748,N,10,0
CUST-15884,58,15000,RENT,2.5,PERSONAL,B,16934,10.48,1.129,28.75,64.0,708,N,35,1
CUST-15885,50,22939,MORTGAGE,,VENTURE,B,11501,9.72,0.501,18.91,60.26,732,N,32,0
CUST-15886,40,31292,MORTGAGE,0.9,DEBTCONSOLIDATION,A,8856,8.73,0.283,23.93,22.56,793,N,21,0
CUST-15887,66,58395,RENT,4.3,HOMEIMPROVEMENT,A,6464,7.35,0.111,8.55,82.01,783,N,35,0
CUST-15888,53,58314,MORTGAGE,2.3,PERSONAL,D,1480,19.01,0.025,13.72,56.84,629,N,34,0
CUST-15889,50,44261,OWN,3.1,MEDICAL,A,3237,6.48,0.073,26.09,54.83,776,N,32,0
CUST-15890,44,71764,MORTGAGE,1.1,MEDICAL,B,5694,10.28,0.079,23.03,67.71,691,N,23,0
CUST-15891,31,26482,RENT,7.3,DEBTCONSOLIDATION,E,14117,21.34,0.533,23.21,32.64,532,Y,13,1
CUST-15892,20,70695,OWN,1.9,DEBTCONSOLIDATION,B,3736,11.09,0.053,20.75,69.27,677,N,1,0
CUST-15893,41,65175,RENT,2.1,PERSONAL,B,9526,10.14,0.146,17.52,42.66,702,N,23,0
CUST-15894,59,61484,RENT,1.5,DEBTCONSOLIDATION,B,11032,9.39,0.179,5.13,38.94,693,N,35,1
CUST-15895,56,43948,RENT,2.8,PERSONAL,B,9282,9.14,0.211,31.98,26.11,691,N,35,1
CUST-15896,66,147037,MORTGAGE,3.1,EDUCATION,C,26822,11.95,0.182,27.18,81.85,660,N,35,1
CUST-15897,20,65901,OWN,2.0,EDUCATION,D,7294,17.67,0.111,16.66,77.04,645,N,2,1
CUST-15898,20,27419,MORTGAGE,,EDUCATION,C,5012,14.44,0.183,17.36,85.63,660,N,1,1
CUST-15899,61,56896,OWN,11.8,HOMEIMPROVEMENT,C,5188,14.13,0.091,29.62,81.46,633,N,35,0
CUST-15900,61,76994,RENT,4.7,EDUCATION,A,22437,6.17,0.291,36.58,60.18,707,N,35,0
CUST-15901,40,34445,RENT,0.2,HOMEIMPROVEMENT,A,3361,7.15,0.098,17.38,49.6,745,N,21,0
CUST-15902,34,94236,MORTGAGE,4.7,DEBTCONSOLIDATION,C,12094,13.89,0.128,11.25,40.97,578,N,12,0
CUST-15903,36,61649,OWN,0.5,HOMEIMPROVEMENT,A,5066,9.01,0.082,9.47,44.21,788,N,16,0
CUST-15904,41,15000,MORTGAGE,6.2,EDUCATION,D,6267,16.93,0.418,29.28,64.4,613,N,19,1
CUST-15905,57,58677,RENT,2.5,VENTURE,B,3346,10.66,0.057,17.86,46.09,762,N,35,0
CUST-15906,54,38421,RENT,9.1,MEDICAL,B,12357,9.39,0.322,27.12,44.03,747,N,34,0
CUST-15907,64,67663,RENT,14.3,HOMEIMPROVEMENT,C,1000,14.58,0.015,15.34,75.08,669,N,35,0
CUST-15908,35,86381,RENT,2.7,PERSONAL,C,16657,13.17,0.193,5.18,80.38,632,N,13,0
CUST-15909,27,55110,RENT,3.1,VENTURE,C,2220,11.81,0.04,23.3,39.92,637,N,5,0
CUST-15910,66,133139,OWN,4.5,HOMEIMPROVEMENT,C,3868,12.44,0.029,25.41,30.28,705,N,35,1
CUST-15911,36,44036,MORTGAGE,1.1,VENTURE,B,4384,11.32,0.1,4.07,51.05,717,N,16,0
CUST-15912,36,71317,MORTGAGE,13.1,DEBTCONSOLIDATION,E,13364,20.36,0.187,21.39,86.78,524,N,15,1
CUST-15913,45,79456,RENT,2.8,PERSONAL,D,15340,13.28,0.193,16.32,99.77,598,N,23,0
CUST-15914,32,46239,RENT,0.9,EDUCATION,B,13611,10.39,0.294,13.24,17.58,749,N,14,0
CUST-15915,36,78218,MORTGAGE,7.2,MEDICAL,D,5875,14.95,0.075,4.3,85.94,649,N,16,0
CUST-15916,57,34310,OWN,1.2,EDUCATION,D,21980,16.97,0.641,27.1,100.0,624,N,35,0
CUST-15917,36,38042,MORTGAGE,0.8,EDUCATION,B,11045,11.21,0.29,28.33,47.7,748,N,15,0
CUST-15918,67,22303,MORTGAGE,4.1,PERSONAL,B,10313,9.21,0.462,13.25,44.23,657,N,35,0
CUST-15919,33,56661,MORTGAGE,5.6,HOMEIMPROVEMENT,C,13482,13.51,0.238,22.91,60.3,629,N,14,0
CUST-15920,64,59584,RENT,4.2,DEBTCONSOLIDATION,A,6485,8.5,0.109,22.32,75.38,746,N,35,1
CUST-15921,25,99464,RENT,5.3,PERSONAL,A,12710,8.73,0.128,6.31,23.81,732,N,7,0
CUST-15922,54,78801,MORTGAGE,0.6,PERSONAL,D,9214,15.49,0.117,14.44,50.17,636,N,34,1
CUST-15923,65,41320,RENT,3.2,EDUCATION,B,17477,,0.423,19.43,51.27,728,N,35,0
CUST-15924,33,24175,RENT,2.2,MEDICAL,A,2698,7.81,0.112,13.68,68.99,768,N,11,0
CUST-15925,66,63558,RENT,18.1,HOMEIMPROVEMENT,B,6543,9.91,0.103,19.94,74.57,664,N,35,0
CUST-15926,27,95458,RENT,0.3,PERSONAL,A,2791,7.39,0.029,3.04,36.49,812,N,5,0
CUST-15927,34,77119,OWN,1.8,VENTURE,D,20199,,0.262,25.47,50.25,622,N,15,0
CUST-15928,46,93965,RENT,14.2,PERSONAL,B,11670,11.44,0.124,15.73,48.98,644,N,28,0
CUST-15929,32,43168,RENT,14.0,DEBTCONSOLIDATION,B,10711,11.59,0.248,10.01,76.03,658,Y,13,1
CUST-15930,68,37050,MORTGAGE,8.7,HOMEIMPROVEMENT,A,9682,6.69,0.261,23.11,61.22,723,N,35,0
CUST-15931,50,31503,MORTGAGE,0.4,DEBTCONSOLIDATION,C,10529,13.77,0.334,12.43,50.64,708,N,31,0
CUST-15932,54,47404,MORTGAGE,4.1,PERSONAL,E,8436,19.21,0.178,38.55,100.0,539,N,34,1
CUST-15933,25,46762,OWN,2.6,MEDICAL,C,19511,13.75,0.417,24.75,26.68,613,Y,7,1
CUST-15934,24,55492,MORTGAGE,6.0,PERSONAL,B,15720,9.89,0.283,35.5,50.56,738,N,2,0
CUST-15935,41,45361,MORTGAGE,0.3,VENTURE,D,4743,18.4,0.105,7.02,41.7,641,N,23,0
CUST-15936,68,45243,RENT,1.1,EDUCATION,A,7252,7.48,0.16,22.05,85.1,730,N,35,1
CUST-15937,42,30760,RENT,3.4,HOMEIMPROVEMENT,A,1650,7.33,0.054,6.37,78.12,768,N,24,0
CUST-15938,44,86247,MORTGAGE,0.9,VENTURE,B,12507,11.03,0.145,10.51,82.35,691,N,26,1
CUST-15939,53,51323,MORTGAGE,5.9,MEDICAL,A,9263,8.83,0.18,19.34,66.02,772,N,32,0
CUST-15940,45,44149,OWN,8.6,HOMEIMPROVEMENT,A,4305,7.55,0.098,15.28,50.91,739,N,26,0
CUST-15941,66,31305,MORTGAGE,6.1,MEDICAL,B,6900,10.13,0.22,18.11,29.74,719,N,35,0
CUST-15942,24,22045,MORTGAGE,2.9,EDUCATION,B,5083,11.57,0.231,25.21,45.83,701,N,6,0
CUST-15943,45,107449,RENT,10.5,VENTURE,D,10478,18.59,0.098,10.73,84.34,589,N,26,1
CUST-15944,39,68376,RENT,0.7,DEBTCONSOLIDATION,A,4416,9.2,0.065,20.01,36.24,783,N,18,0
CUST-15945,25,18502,RENT,1.5,VENTURE,G,9100,23.32,0.492,19.59,79.28,502,Y,3,1
CUST-15946,25,77488,RENT,3.4,VENTURE,B,7225,11.43,0.093,12.79,70.54,734,N,6,1
CUST-15947,69,85262,RENT,0.3,DEBTCONSOLIDATION,B,6336,10.42,0.074,18.69,34.59,718,Y,35,0
CUST-15948,37,52818,RENT,0.5,MEDICAL,A,13423,9.03,0.254,10.49,78.7,749,N,15,1
CUST-15949,23,127882,MORTGAGE,2.5,DEBTCONSOLIDATION,B,8939,12.7,0.07,27.78,22.21,741,N,1,0
CUST-15950,36,55828,MORTGAGE,14.4,PERSONAL,F,2309,19.15,0.041,8.94,40.38,539,N,14,0
CUST-15951,33,20950,MORTGAGE,12.0,MEDICAL,C,7153,13.52,0.341,23.86,64.48,666,N,15,1
CUST-15952,33,61028,RENT,3.1,EDUCATION,A,22191,6.95,0.364,16.43,15.69,740,N,11,0
CUST-15953,32,56779,RENT,0.8,MEDICAL,B,3002,9.65,0.053,10.97,45.97,684,N,11,0
CUST-15954,26,34133,OWN,1.0,PERSONAL,B,6551,9.39,0.192,21.08,35.44,707,N,4,0
CUST-15955,63,69157,RENT,2.4,EDUCATION,A,11443,6.96,0.165,22.91,45.54,719,N,35,0
CUST-15956,34,18022,OWN,,EDUCATION,D,7752,16.15,0.43,18.09,69.3,615,Y,16,1
CUST-15957,38,88817,RENT,0.4,EDUCATION,B,5977,10.08,0.067,13.39,66.38,707,N,20,0
CUST-15958,62,28944,MORTGAGE,5.6,PERSONAL,B,9125,8.07,0.315,12.28,46.1,664,N,35,1
CUST-15959,66,27147,RENT,4.4,HOMEIMPROVEMENT,A,11568,7.65,0.426,23.78,34.22,795,N,35,0
CUST-15960,63,45784,RENT,1.7,EDUCATION,A,5309,8.77,0.116,20.22,71.65,801,N,35,0
CUST-15961,54,63562,RENT,7.5,EDUCATION,D,6859,15.83,0.108,3.06,76.35,658,N,35,1
CUST-15962,36,54087,MORTGAGE,7.5,PERSONAL,A,5263,5.53,0.097,30.6,20.66,744,N,14,0
CUST-15963,54,31395,RENT,3.4,PERSONAL,B,14363,10.61,0.457,18.02,61.79,706,Y,34,0
CUST-15964,38,36183,MORTGAGE,0.5,HOMEIMPROVEMENT,C,2761,14.77,0.076,22.73,93.55,638,N,18,0
CUST-15965,39,24839,RENT,12.5,HOMEIMPROVEMENT,B,5890,10.69,0.237,30.58,43.74,726,N,18,0
CUST-15966,55,42838,RENT,5.5,HOMEIMPROVEMENT,B,5697,9.63,0.133,9.18,100.0,694,N,35,0
CUST-15967,54,93434,OWN,1.4,EDUCATION,B,8018,9.24,0.086,32.43,31.04,708,N,32,0
CUST-15968,51,48895,MORTGAGE,4.7,PERSONAL,G,8391,25.35,0.172,10.89,73.65,513,N,33,1
CUST-15969,67,82096,MORTGAGE,2.6,PERSONAL,C,3152,13.22,0.038,27.25,59.94,612,Y,35,1
CUST-15970,63,117388,RENT,5.0,VENTURE,F,10560,21.38,0.09,20.53,100.0,529,N,35,1
CUST-15971,59,34447,RENT,3.2,HOMEIMPROVEMENT,C,6887,12.77,0.2,17.16,57.22,682,N,35,0
CUST-15972,43,43829,OWN,3.3,DEBTCONSOLIDATION,A,11411,7.76,0.26,25.44,59.79,850,N,23,0
CUST-15973,36,180361,RENT,6.7,EDUCATION,A,8128,7.64,0.045,3.65,53.16,688,N,16,0
CUST-15974,26,116611,MORTGAGE,4.8,EDUCATION,D,4479,16.57,0.038,18.22,89.48,588,N,5,0
CUST-15975,62,17971,RENT,0.4,PERSONAL,B,5764,9.34,0.321,30.23,28.87,679,N,35,1
CUST-15976,69,61838,OTHER,0.3,HOMEIMPROVEMENT,B,6346,9.27,0.103,11.87,54.81,657,N,35,0
CUST-15977,20,49037,RENT,1.8,EDUCATION,E,16510,18.72,0.337,16.25,32.99,639,N,2,0
CUST-15978,54,80488,RENT,2.8,MEDICAL,A,2358,7.85,0.029,12.43,71.02,749,N,32,0
CUST-15979,51,31351,MORTGAGE,1.6,DEBTCONSOLIDATION,B,4968,11.16,0.158,10.87,24.17,694,N,33,0
CUST-15980,55,29620,OWN,5.3,VENTURE,C,6905,15.26,0.233,19.12,95.89,672,N,35,1
CUST-15981,32,32674,OWN,1.1,PERSONAL,C,10604,12.5,0.325,18.95,66.97,630,N,13,0
CUST-15982,25,34781,MORTGAGE,6.1,PERSONAL,B,12243,11.37,0.352,25.04,54.72,726,Y,5,1
CUST-15983,33,79953,MORTGAGE,7.4,HOMEIMPROVEMENT,B,8381,8.44,0.105,15.0,78.72,680,N,11,0
CUST-15984,56,24131,MORTGAGE,0.7,MEDICAL,A,8197,7.92,0.34,25.5,48.78,799,N,35,0
CUST-15985,67,33739,MORTGAGE,5.3,VENTURE,B,3294,8.69,0.098,14.38,32.79,705,N,35,0
CUST-15986,34,16757,MORTGAGE,16.0,PERSONAL,B,10073,9.03,0.601,33.0,15.17,749,N,12,0
CUST-15987,66,89704,MORTGAGE,,HOMEIMPROVEMENT,D,7053,17.4,0.079,9.88,56.82,632,N,35,0
CUST-15988,23,105094,MORTGAGE,5.0,HOMEIMPROVEMENT,A,10705,7.68,0.102,25.18,73.73,668,N,5,1
CUST-15989,59,40285,MORTGAGE,4.7,HOMEIMPROVEMENT,D,18350,16.12,0.456,19.86,66.62,568,N,35,0
CUST-15990,35,40996,MORTGAGE,4.5,EDUCATION,C,8557,11.83,0.209,18.2,43.07,708,N,16,0
CUST-15991,47,64339,OWN,0.3,EDUCATION,C,15134,13.94,0.235,17.83,36.62,639,N,26,0
CUST-15992,35,118739,RENT,6.9,PERSONAL,B,8890,10.6,0.075,10.52,94.68,638,N,15,0
CUST-15993,23,62640,RENT,3.3,DEBTCONSOLIDATION,B,12374,11.37,0.198,26.62,26.29,683,N,2,0
CUST-15994,64,32256,RENT,6.4,PERSONAL,C,6154,11.42,0.191,15.83,44.85,638,N,35,1
CUST-15995,45,18558,RENT,,PERSONAL,G,3792,25.24,0.204,18.06,83.06,545,N,26,1
CUST-15996,47,25107,MORTGAGE,3.7,PERSONAL,B,6427,9.85,0.256,18.48,66.59,671,N,26,0
CUST-15997,51,51222,OWN,1.5,HOMEIMPROVEMENT,E,9345,19.85,0.182,14.08,83.28,566,N,30,1
CUST-15998,64,33083,MORTGAGE,0.8,HOMEIMPROVEMENT,B,14870,10.42,0.449,19.07,32.12,739,N,35,0
CUST-15999,21,55104,MORTGAGE,0.9,HOMEIMPROVEMENT,D,8336,15.48,0.151,18.74,44.9,594,Y,1,1
CUST-16000,50,35180,RENT,10.1,MEDICAL,A,7255,7.01,0.206,16.89,61.2,721,N,32,0
CUST-16001,22,25980,OWN,0.7,DEBTCONSOLIDATION,C,6272,12.45,0.241,24.54,34.77,663,Y,3,0
CUST-16002,27,24192,MORTGAGE,2.4,PERSONAL,D,22267,15.87,0.92,35.94,53.45,638,N,7,1
CUST-16003,43,125168,RENT,2.0,HOMEIMPROVEMENT,D,23429,15.41,0.187,11.39,46.67,608,N,24,1
CUST-16004,34,83566,MORTGAGE,10.0,MEDICAL,C,10695,13.98,0.128,21.92,56.71,672,N,16,0
CUST-16005,62,138456,OWN,3.2,MEDICAL,B,8648,9.47,0.062,20.03,48.12,682,N,35,0
CUST-16006,50,67776,RENT,28.2,PERSONAL,B,10817,11.17,0.16,29.34,53.01,631,N,29,1
CUST-16007,28,37873,MORTGAGE,6.7,PERSONAL,A,4162,11.42,0.11,36.62,32.27,781,N,7,0
CUST-16008,58,108445,OWN,9.5,EDUCATION,B,9003,10.19,0.083,5.19,81.84,665,N,35,0
CUST-16009,64,48057,RENT,0.5,PERSONAL,B,13676,8.6,0.285,11.54,43.57,679,N,35,0
CUST-16010,21,55966,MORTGAGE,1.5,MEDICAL,A,6773,10.02,0.121,18.01,36.52,758,Y,1,0
CUST-16011,27,47777,RENT,0.7,PERSONAL,C,8498,13.92,0.178,17.28,38.42,684,N,9,0
CUST-16012,26,15000,RENT,3.1,PERSONAL,C,9715,13.34,0.648,27.32,69.68,647,N,6,1
CUST-16013,63,128391,MORTGAGE,6.3,HOMEIMPROVEMENT,A,13570,7.05,0.106,10.41,69.82,732,N,35,0
CUST-16014,58,65814,RENT,0.9,DEBTCONSOLIDATION,C,15958,12.24,0.242,14.53,42.35,702,N,35,1
CUST-16015,61,59748,MORTGAGE,0.7,DEBTCONSOLIDATION,A,21420,7.09,0.359,10.47,55.51,739,N,35,0
CUST-16016,35,47237,RENT,4.8,VENTURE,A,11133,6.56,0.236,13.62,34.69,741,Y,16,1
CUST-16017,54,54071,RENT,1.3,HOMEIMPROVEMENT,C,8201,12.58,0.152,22.88,44.95,595,Y,33,0
CUST-16018,49,34256,MORTGAGE,3.3,HOMEIMPROVEMENT,B,2862,11.2,0.084,13.18,83.79,704,Y,28,0
CUST-16019,29,70965,RENT,0.3,VENTURE,B,2752,11.67,0.039,13.75,38.1,751,N,9,0
CUST-16020,57,22375,RENT,5.7,EDUCATION,A,6992,7.23,0.312,9.45,44.75,699,N,35,0
CUST-16021,37,54810,MORTGAGE,3.9,PERSONAL,B,11361,11.1,0.207,10.18,70.03,675,N,17,0
CUST-16022,69,68661,OWN,5.2,EDUCATION,A,10303,10.01,0.15,20.7,63.16,749,N,35,0
CUST-16023,24,43512,MORTGAGE,1.6,HOMEIMPROVEMENT,A,8209,6.49,0.189,17.2,73.5,769,Y,6,0
CUST-16024,48,61237,MORTGAGE,1.6,VENTURE,B,8722,8.54,0.142,21.25,48.63,711,N,28,0
CUST-16025,58,27043,OWN,8.1,MEDICAL,C,4630,14.5,0.171,15.9,53.02,651,N,35,0
CUST-16026,53,27460,OWN,6.3,PERSONAL,A,9606,6.62,0.35,19.16,92.69,727,N,34,0
CUST-16027,62,56501,RENT,4.3,EDUCATION,A,4878,6.87,0.086,9.48,17.3,798,N,35,0
CUST-16028,64,73653,RENT,4.9,VENTURE,A,4275,7.65,0.058,8.53,79.15,676,N,35,0
CUST-16029,42,15916,RENT,0.5,MEDICAL,B,9756,11.99,0.613,35.6,58.32,740,N,23,0
CUST-16030,24,67051,RENT,6.0,MEDICAL,A,14879,7.66,0.222,26.51,41.22,821,N,4,0
CUST-16031,49,35386,OWN,7.3,EDUCATION,A,10815,5.0,0.306,6.86,51.2,776,N,31,0
CUST-16032,25,43665,MORTGAGE,4.5,VENTURE,F,10415,22.43,0.239,22.3,82.25,509,Y,6,1
CUST-16033,65,21944,MORTGAGE,12.5,DEBTCONSOLIDATION,A,4098,7.78,0.187,16.29,69.9,760,N,35,0
CUST-16034,63,29408,RENT,0.9,DEBTCONSOLIDATION,B,13132,9.47,0.447,25.48,58.45,659,N,35,0
CUST-16035,23,87524,RENT,5.0,PERSONAL,F,2986,19.96,0.034,12.57,51.98,497,N,1,1
CUST-16036,48,49996,RENT,16.5,MEDICAL,A,3123,7.04,0.062,23.15,54.28,769,N,26,0
CUST-16037,42,38961,OWN,1.9,EDUCATION,C,8174,10.74,0.21,11.98,42.92,670,N,23,0
CUST-16038,25,45711,RENT,0.1,MEDICAL,B,6391,8.36,0.14,13.57,40.48,713,N,6,0
CUST-16039,51,65744,MORTGAGE,6.6,VENTURE,D,3853,14.88,0.059,29.85,72.84,568,N,31,1
CUST-16040,61,63850,RENT,0.0,EDUCATION,E,12329,18.0,0.193,30.88,29.31,652,N,35,0
CUST-16041,37,46863,MORTGAGE,10.3,HOMEIMPROVEMENT,B,11640,11.55,0.248,31.15,86.32,720,N,15,1
CUST-16042,34,94445,MORTGAGE,0.3,MEDICAL,A,5021,,0.053,9.71,45.62,746,N,16,0
CUST-16043,59,87752,MORTGAGE,5.3,DEBTCONSOLIDATION,B,4503,10.92,0.051,9.59,44.22,703,N,35,0
CUST-16044,51,62819,RENT,2.4,PERSONAL,F,6673,22.25,0.106,22.83,59.49,509,Y,32,1
CUST-16045,28,50653,RENT,1.1,PERSONAL,A,2843,5.65,0.056,10.84,22.61,720,N,9,0
CUST-16046,56,72721,RENT,11.4,VENTURE,F,5019,21.32,0.069,4.87,48.78,617,N,35,1
CUST-16047,29,59193,OWN,6.9,VENTURE,D,7069,16.23,0.119,16.27,91.96,580,Y,7,1
CUST-16048,39,92640,RENT,2.1,MEDICAL,A,3370,7.34,0.036,16.19,56.46,727,Y,17,1
CUST-16049,25,84097,RENT,1.7,DEBTCONSOLIDATION,C,2748,14.07,0.033,16.18,78.91,638,N,6,1
CUST-16050,67,26610,MORTGAGE,6.7,EDUCATION,A,3902,8.61,0.147,29.18,52.94,725,N,35,0
CUST-16051,22,25550,MORTGAGE,4.0,EDUCATION,B,3730,10.94,0.146,11.22,38.44,700,N,4,0
CUST-16052,61,32184,MORTGAGE,6.3,DEBTCONSOLIDATION,B,4604,12.61,0.143,11.06,47.15,685,N,35,0
CUST-16053,30,88052,OWN,5.1,MEDICAL,B,11684,11.03,0.133,33.09,65.21,696,N,10,1
CUST-16054,62,19038,MORTGAGE,1.3,EDUCATION,B,5899,9.86,0.31,19.09,35.78,689,N,35,0
CUST-16055,36,62121,OWN,9.6,VENTURE,B,4954,12.04,0.08,8.85,85.91,692,N,15,0
CUST-16056,51,60932,MORTGAGE,6.9,VENTURE,C,7476,12.04,0.123,10.23,100.0,596,Y,32,0
CUST-16057,23,98478,RENT,3.6,EDUCATION,C,8903,14.14,0.09,12.68,60.89,639,N,3,0
CUST-16058,23,54622,OWN,3.6,EDUCATION,F,9693,21.82,0.177,16.9,46.62,526,Y,5,1
CUST-16059,36,21896,MORTGAGE,4.2,EDUCATION,C,7943,12.47,0.363,30.94,46.97,640,Y,17,1
CUST-16060,60,27567,RENT,8.8,PERSONAL,C,8883,13.75,0.322,34.44,85.92,641,N,35,0
CUST-16061,38,24120,MORTGAGE,6.8,DEBTCONSOLIDATION,B,3678,10.16,0.152,14.96,36.59,732,Y,16,0
CUST-16062,24,35498,RENT,6.0,PERSONAL,A,2254,5.29,0.063,19.81,44.91,732,N,6,0
CUST-16063,51,43925,RENT,3.5,PERSONAL,A,4196,7.72,0.096,4.99,38.28,785,N,32,0
CUST-16064,41,24360,MORTGAGE,4.9,VENTURE,B,14027,9.26,0.576,38.85,79.79,770,N,19,1
CUST-16065,25,118467,MORTGAGE,7.0,VENTURE,C,10423,,0.088,28.05,38.24,627,Y,6,0
CUST-16066,54,22133,MORTGAGE,,VENTURE,C,5582,13.35,0.252,19.43,41.81,663,N,35,0
CUST-16067,41,109936,RENT,2.9,EDUCATION,E,1162,20.02,0.011,11.77,46.1,578,N,22,0
CUST-16068,20,99817,OWN,2.0,HOMEIMPROVEMENT,B,14773,7.77,0.148,27.29,59.19,702,N,1,1
CUST-16069,39,84034,RENT,12.3,MEDICAL,C,7553,12.31,0.09,21.21,38.18,593,N,18,0
CUST-16070,41,32329,RENT,0.1,MEDICAL,D,18908,16.63,0.585,42.67,77.02,641,N,20,1
CUST-16071,67,60202,RENT,1.2,HOMEIMPROVEMENT,B,11608,13.96,0.193,32.89,58.73,687,Y,35,0
CUST-16072,30,22778,RENT,1.3,EDUCATION,B,9071,10.67,0.398,28.8,34.87,741,N,10,0
CUST-16073,32,84672,RENT,2.0,HOMEIMPROVEMENT,E,3706,18.97,0.044,24.69,37.7,569,N,13,1
CUST-16074,61,46892,MORTGAGE,1.7,MEDICAL,B,3839,11.55,0.082,16.92,29.56,740,N,35,0
CUST-16075,22,38346,OWN,4.0,DEBTCONSOLIDATION,C,5164,12.79,0.135,9.72,55.29,668,N,3,1
CUST-16076,28,23523,OTHER,10.0,EDUCATION,E,9671,20.02,0.411,24.67,41.21,597,Y,9,1
CUST-16077,31,15000,MORTGAGE,5.1,DEBTCONSOLIDATION,B,7321,10.56,0.488,16.64,49.69,722,Y,9,1
CUST-16078,42,26288,RENT,1.4,VENTURE,A,16972,8.79,0.646,15.91,70.5,745,Y,22,1
CUST-16079,33,95576,MORTGAGE,10.0,VENTURE,D,7116,17.29,0.074,15.44,75.47,597,Y,14,1
CUST-16080,52,38495,MORTGAGE,5.0,MEDICAL,D,10819,15.93,0.281,14.94,85.22,626,N,30,0
CUST-16081,37,44285,RENT,1.2,DEBTCONSOLIDATION,A,3633,5.7,0.082,15.08,35.22,774,N,17,0
CUST-16082,68,72644,MORTGAGE,2.2,MEDICAL,B,18858,9.22,0.26,27.58,51.06,700,N,35,0
CUST-16083,60,144842,MORTGAGE,7.8,MEDICAL,B,3859,10.86,0.027,17.84,47.15,727,N,35,0
CUST-16084,28,108553,RENT,6.7,HOMEIMPROVEMENT,D,7057,16.44,0.065,13.08,66.34,584,Y,7,1
CUST-16085,42,27353,MORTGAGE,4.3,EDUCATION,A,14448,7.53,0.528,35.21,26.88,759,Y,20,0
CUST-16086,29,15282,MORTGAGE,0.8,EDUCATION,B,6046,10.8,0.396,10.04,66.91,740,N,10,0
CUST-16087,38,201948,MORTGAGE,8.1,HOMEIMPROVEMENT,B,6131,9.52,0.03,6.62,46.66,709,N,18,0
CUST-16088,66,191261,RENT,1.8,PERSONAL,B,3663,10.37,0.019,4.45,32.71,696,N,35,0
CUST-16089,24,54889,MORTGAGE,6.0,HOMEIMPROVEMENT,E,7310,19.49,0.133,25.62,39.01,602,N,2,0
CUST-16090,66,22872,OWN,5.2,VENTURE,F,10243,20.27,0.448,12.82,92.96,585,N,35,0
CUST-16091,42,87372,OWN,1.5,MEDICAL,A,19254,6.77,0.22,9.44,30.35,771,N,20,0
CUST-16092,49,45945,RENT,1.2,EDUCATION,A,6339,7.97,0.138,28.2,56.44,695,N,30,0
CUST-16093,44,45807,RENT,0.7,HOMEIMPROVEMENT,A,13704,8.34,0.299,31.08,74.25,723,N,22,1
CUST-16094,47,83840,MORTGAGE,1.4,HOMEIMPROVEMENT,B,3291,9.53,0.039,7.59,83.3,736,N,29,0
CUST-16095,53,59911,RENT,0.9,MEDICAL,C,11200,14.1,0.187,9.25,39.89,633,N,32,0
CUST-16096,64,24064,RENT,4.8,EDUCATION,B,11313,9.76,0.47,12.66,87.46,703,N,35,0
CUST-16097,67,40342,RENT,4.6,EDUCATION,A,17080,6.45,0.423,24.31,71.8,732,Y,35,0
CUST-16098,66,72888,MORTGAGE,4.4,VENTURE,A,2157,9.79,0.03,2.93,42.61,780,N,35,0
CUST-16099,44,66579,MORTGAGE,5.1,VENTURE,A,3293,7.0,0.049,20.15,68.27,769,N,23,0
CUST-16100,29,57366,MORTGAGE,8.4,EDUCATION,B,11076,8.73,0.193,12.94,55.91,678,N,11,0
CUST-16101,33,85823,RENT,12.2,HOMEIMPROVEMENT,C,29959,12.97,0.349,16.71,35.63,680,N,15,0
CUST-16102,61,39457,MORTGAGE,1.3,HOMEIMPROVEMENT,B,4299,10.18,0.109,7.68,47.67,732,N,35,0
CUST-16103,65,54567,RENT,4.4,PERSONAL,A,11446,8.6,0.21,32.87,57.92,771,N,35,0
CUST-16104,49,15000,MORTGAGE,0.4,HOMEIMPROVEMENT,C,9986,,0.666,19.46,65.2,659,N,28,1
CUST-16105,60,37429,RENT,0.6,HOMEIMPROVEMENT,D,8415,16.95,0.225,23.13,33.33,740,N,35,0
CUST-16106,44,77523,RENT,5.3,DEBTCONSOLIDATION,A,8644,8.78,0.112,24.63,69.64,701,N,25,1
CUST-16107,33,38784,RENT,3.3,EDUCATION,B,1810,9.8,0.047,13.71,63.17,690,N,12,0
CUST-16108,54,37058,MORTGAGE,7.1,EDUCATION,A,16120,7.85,0.435,24.31,21.44,750,Y,34,0
CUST-16109,67,26242,MORTGAGE,2.8,DEBTCONSOLIDATION,A,11578,7.42,0.441,27.68,13.66,795,N,35,0
CUST-16110,53,89502,RENT,0.7,PERSONAL,C,4888,13.77,0.055,9.77,69.25,641,N,33,0
CUST-16111,29,68123,RENT,10.3,MEDICAL,B,8250,10.62,0.121,7.7,32.65,740,N,9,0
CUST-16112,54,80438,RENT,0.4,MEDICAL,B,7762,10.68,0.096,12.57,76.45,680,Y,35,1
CUST-16113,30,17400,MORTGAGE,1.0,VENTURE,E,4140,19.16,0.238,17.16,92.47,587,Y,8,1
CUST-16114,30,44521,RENT,1.6,EDUCATION,C,5752,,0.129,26.78,45.33,681,N,10,0
CUST-16115,40,41437,RENT,22.0,DEBTCONSOLIDATION,B,4607,10.17,0.111,16.33,73.89,679,N,22,1
CUST-16116,40,41425,MORTGAGE,2.7,EDUCATION,B,12301,13.3,0.297,17.75,58.23,728,N,18,0
CUST-16117,41,33873,MORTGAGE,3.5,VENTURE,A,4463,8.23,0.132,20.99,67.59,801,N,23,0
CUST-16118,64,39828,RENT,7.3,MEDICAL,C,22508,13.5,0.565,21.64,37.05,647,N,35,1
CUST-16119,26,81616,MORTGAGE,5.1,EDUCATION,A,7186,7.09,0.088,24.77,32.72,716,N,8,0
CUST-16120,36,15557,OWN,9.2,PERSONAL,A,11358,8.67,0.73,24.65,43.22,740,N,17,0
CUST-16121,21,142397,OWN,3.0,DEBTCONSOLIDATION,A,3300,6.52,0.023,6.92,34.44,748,Y,3,0
CUST-16122,31,65532,RENT,13.0,MEDICAL,A,4107,5.96,0.063,15.45,41.02,785,Y,12,0
CUST-16123,61,47791,MORTGAGE,8.0,VENTURE,C,14013,11.87,0.293,7.6,46.74,620,N,35,1
CUST-16124,37,84465,MORTGAGE,2.6,HOMEIMPROVEMENT,D,1284,,0.015,11.58,57.31,633,N,16,0
CUST-16125,30,20514,OWN,2.4,PERSONAL,G,4076,25.99,0.199,36.45,52.32,521,N,9,1
CUST-16126,35,32898,RENT,13.3,VENTURE,C,7582,13.69,0.23,12.22,84.33,668,N,15,1
CUST-16127,68,45585,MORTGAGE,5.8,PERSONAL,A,15868,6.83,0.348,28.46,23.28,793,N,35,0
CUST-16128,37,111227,MORTGAGE,4.9,VENTURE,A,9256,6.84,0.083,19.24,57.8,760,N,19,0
CUST-16129,54,47672,MORTGAGE,7.1,PERSONAL,A,12071,9.95,0.253,30.93,45.59,731,N,34,0
CUST-16130,45,64217,MORTGAGE,4.1,HOMEIMPROVEMENT,A,9042,7.39,0.141,9.2,20.25,749,N,27,0
CUST-16131,35,34415,RENT,0.9,VENTURE,B,6421,10.91,0.187,5.03,64.83,702,N,14,1
CUST-16132,25,65650,RENT,1.9,EDUCATION,D,11934,15.97,0.182,6.41,43.44,593,N,5,0
CUST-16133,63,134100,RENT,4.1,EDUCATION,C,19040,13.61,0.142,17.27,54.33,600,Y,35,1
CUST-16134,62,89082,OWN,0.1,PERSONAL,D,9150,16.95,0.103,7.48,98.45,615,Y,35,1
CUST-16135,66,46682,MORTGAGE,2.9,DEBTCONSOLIDATION,B,4340,12.67,0.093,20.43,29.83,709,N,35,0
CUST-16136,66,73518,MORTGAGE,7.0,PERSONAL,B,1277,10.4,0.017,7.93,34.63,699,N,35,0
CUST-16137,67,69321,MORTGAGE,0.9,MEDICAL,E,8046,20.12,0.116,15.84,93.33,572,N,35,1
CUST-16138,61,66433,RENT,0.3,EDUCATION,C,16674,13.07,0.251,13.14,38.65,619,N,35,0
CUST-16139,31,95527,RENT,9.0,DEBTCONSOLIDATION,B,2105,10.72,0.022,14.41,59.51,616,N,9,0
CUST-16140,32,95100,MORTGAGE,4.8,MEDICAL,B,6037,10.91,0.063,5.71,55.38,691,N,10,0
CUST-16141,23,45419,OWN,1.0,PERSONAL,A,18044,7.25,0.397,22.29,47.41,703,N,3,0
CUST-16142,58,72050,RENT,8.2,VENTURE,D,1780,16.78,0.025,18.38,89.26,623,N,35,0
CUST-16143,21,38954,RENT,3.0,DEBTCONSOLIDATION,A,12352,6.65,0.317,39.31,67.4,713,N,1,1
CUST-16144,45,28174,RENT,2.0,VENTURE,B,6279,11.1,0.223,19.58,21.39,698,N,25,0
CUST-16145,46,41701,RENT,2.4,MEDICAL,C,5709,13.57,0.137,21.29,61.37,640,Y,25,1
CUST-16146,46,46827,RENT,0.8,EDUCATION,C,4582,12.84,0.098,10.65,66.44,624,N,26,0
CUST-16147,34,18088,MORTGAGE,9.0,PERSONAL,A,13967,7.36,0.772,27.71,43.32,785,N,13,0
CUST-16148,27,82141,RENT,3.6,EDUCATION,A,9602,9.07,0.117,21.89,40.65,710,N,9,0
CUST-16149,26,15000,RENT,,MEDICAL,C,10384,13.37,0.692,28.1,88.25,568,Y,7,1
CUST-16150,66,249918,MORTGAGE,10.7,VENTURE,B,7739,11.01,0.031,10.68,54.36,657,Y,35,0
CUST-16151,65,120707,OWN,0.1,HOMEIMPROVEMENT,A,8776,8.01,0.073,8.74,10.97,803,Y,35,0
CUST-16152,59,41914,RENT,0.3,HOMEIMPROVEMENT,F,1394,22.7,0.033,25.57,40.2,521,Y,35,1
CUST-16153,31,49298,MORTGAGE,0.9,PERSONAL,C,4688,12.17,0.095,12.66,42.75,688,N,11,0
CUST-16154,32,58793,RENT,0.2,HOMEIMPROVEMENT,B,5092,9.26,0.087,22.08,55.22,699,N,14,0
CUST-16155,62,34423,OWN,5.4,MEDICAL,C,8841,12.6,0.257,15.14,27.45,692,N,35,0
CUST-16156,36,55026,MORTGAGE,5.0,MEDICAL,A,4917,8.23,0.089,7.75,60.68,721,N,17,0
CUST-16157,36,44963,MORTGAGE,1.2,MEDICAL,F,10815,22.31,0.241,6.31,62.2,540,N,16,0
CUST-16158,55,46324,RENT,0.8,PERSONAL,G,12173,24.75,0.263,11.74,78.14,528,N,34,1
CUST-16159,40,54659,MORTGAGE,0.8,PERSONAL,C,12107,13.35,0.222,18.45,78.09,606,Y,22,1
CUST-16160,27,22289,MORTGAGE,9.0,MEDICAL,C,13511,11.91,0.606,18.25,85.81,614,N,6,1
CUST-16161,24,50198,RENT,5.9,PERSONAL,C,9269,12.78,0.185,19.11,79.56,641,N,5,1
CUST-16162,45,54071,RENT,4.4,MEDICAL,C,6093,13.75,0.113,8.65,52.34,667,N,25,0
CUST-16163,35,52960,MORTGAGE,1.9,EDUCATION,B,3560,10.3,0.067,3.57,88.11,672,N,17,0
CUST-16164,55,43066,MORTGAGE,2.8,DEBTCONSOLIDATION,B,5782,10.71,0.134,12.31,18.63,740,N,35,0
CUST-16165,47,97024,RENT,0.5,DEBTCONSOLIDATION,A,4707,5.63,0.049,16.22,39.36,783,N,26,0
CUST-16166,48,39648,MORTGAGE,30.0,DEBTCONSOLIDATION,B,5608,10.48,0.141,16.95,46.49,698,N,29,0
CUST-16167,66,56184,RENT,7.0,HOMEIMPROVEMENT,B,11982,8.0,0.213,23.45,50.37,716,N,35,0
CUST-16168,31,106764,RENT,4.9,DEBTCONSOLIDATION,A,27925,,0.262,18.44,23.68,776,N,9,0
CUST-16169,56,46740,MORTGAGE,4.4,VENTURE,C,31778,12.33,0.68,27.62,36.96,680,N,35,1
CUST-16170,49,55752,RENT,3.5,DEBTCONSOLIDATION,B,10645,8.29,0.191,26.14,59.44,718,N,29,1
CUST-16171,42,46266,RENT,1.5,VENTURE,B,6229,9.54,0.135,31.95,66.16,680,N,20,1
CUST-16172,35,102993,RENT,1.3,HOMEIMPROVEMENT,A,6606,7.83,0.064,15.78,73.35,692,N,14,0
CUST-16173,33,41997,MORTGAGE,4.0,PERSONAL,B,1751,11.9,0.042,3.55,54.52,706,N,12,0
CUST-16174,29,105874,RENT,0.4,VENTURE,C,4614,12.86,0.044,32.06,79.03,694,N,10,1
CUST-16175,26,46066,OWN,0.4,DEBTCONSOLIDATION,B,7241,9.71,0.157,15.06,36.11,747,Y,7,0
CUST-16176,64,29270,RENT,4.1,MEDICAL,B,14464,10.36,0.494,13.2,78.89,711,N,35,1
CUST-16177,56,73690,MORTGAGE,12.6,PERSONAL,C,7915,13.18,0.107,3.47,38.71,634,N,35,0
CUST-16178,48,40831,RENT,12.3,MEDICAL,B,13243,9.28,0.324,29.2,38.9,732,N,28,0
CUST-16179,22,71132,MORTGAGE,0.1,VENTURE,B,12683,11.15,0.178,28.75,32.66,662,N,3,0
CUST-16180,34,15000,MORTGAGE,0.6,VENTURE,A,5205,7.15,0.347,10.96,16.05,728,N,16,0
CUST-16181,55,49174,RENT,4.4,MEDICAL,B,6468,9.71,0.132,17.54,39.06,650,N,34,0
CUST-16182,66,37206,RENT,9.4,EDUCATION,C,8675,12.82,0.233,28.64,33.2,685,N,35,0
CUST-16183,65,25901,RENT,15.4,DEBTCONSOLIDATION,B,8935,13.32,0.345,27.87,31.73,643,N,35,0
CUST-16184,38,35173,RENT,9.9,HOMEIMPROVEMENT,A,24494,8.43,0.696,34.27,32.01,764,N,17,1
CUST-16185,32,34744,RENT,5.7,EDUCATION,A,4596,7.09,0.132,16.68,18.61,831,N,12,0
CUST-16186,61,47629,MORTGAGE,1.1,HOMEIMPROVEMENT,A,14180,5.0,0.298,15.42,60.15,764,N,35,0
CUST-16187,40,21581,MORTGAGE,0.4,EDUCATION,A,7540,5.46,0.349,23.73,42.57,716,N,20,1
CUST-16188,56,59264,RENT,0.2,EDUCATION,B,15307,10.6,0.258,17.91,37.87,685,N,35,0
CUST-16189,46,111271,RENT,4.7,HOMEIMPROVEMENT,A,24454,7.15,0.22,9.63,48.8,697,Y,24,0
CUST-16190,48,58020,RENT,0.2,HOMEIMPROVEMENT,C,7181,12.12,0.124,19.38,54.95,619,Y,28,0
CUST-16191,39,79649,RENT,6.7,EDUCATION,F,11521,21.84,0.145,6.98,65.36,505,Y,17,1
CUST-16192,44,94536,MORTGAGE,6.2,PERSONAL,A,11280,6.61,0.119,25.81,72.1,721,Y,23,0
CUST-16193,25,102939,MORTGAGE,0.4,PERSONAL,D,3339,15.73,0.032,9.72,93.57,615,Y,5,0
CUST-16194,55,150554,RENT,11.9,DEBTCONSOLIDATION,C,11518,13.29,0.077,8.31,70.7,553,N,35,0
CUST-16195,21,36332,RENT,,HOMEIMPROVEMENT,D,3470,15.28,0.096,20.07,72.26,567,Y,1,1
CUST-16196,41,31853,MORTGAGE,11.7,MEDICAL,A,7648,5.84,0.24,25.17,23.31,770,N,21,0
CUST-16197,51,78439,RENT,11.6,EDUCATION,D,9893,14.87,0.126,20.68,52.26,683,N,30,0
CUST-16198,35,74978,RENT,1.1,EDUCATION,E,10799,19.01,0.144,18.15,61.11,585,N,16,0
CUST-16199,37,78073,MORTGAGE,2.4,HOMEIMPROVEMENT,D,5063,14.6,0.065,17.01,29.77,581,N,19,0
CUST-16200,24,152294,MORTGAGE,0.7,EDUCATION,C,12935,16.13,0.085,7.83,35.49,680,N,4,0
CUST-16201,55,49356,RENT,7.5,MEDICAL,A,5399,8.62,0.109,25.2,72.95,788,N,35,0
CUST-16202,49,63303,OWN,3.5,VENTURE,A,17335,8.36,0.274,25.57,74.82,724,N,31,0
CUST-16203,64,27221,RENT,13.2,EDUCATION,E,17132,18.44,0.629,36.38,66.29,540,Y,35,1
CUST-16204,38,176520,MORTGAGE,,EDUCATION,A,6675,6.48,0.038,8.93,40.91,806,N,19,0
CUST-16205,42,40057,RENT,5.8,EDUCATION,B,15125,8.8,0.378,35.23,87.7,662,N,22,1
CUST-16206,53,40744,MORTGAGE,22.7,VENTURE,A,11374,9.71,0.279,32.18,82.81,811,N,35,0
CUST-16207,32,39813,MORTGAGE,5.5,HOMEIMPROVEMENT,C,9491,15.11,0.238,9.97,45.26,670,N,12,1
CUST-16208,62,33291,RENT,0.4,MEDICAL,B,12598,11.31,0.378,9.3,76.49,745,N,35,0
CUST-16209,48,31645,MORTGAGE,4.4,PERSONAL,F,10176,21.85,0.322,18.76,81.5,565,N,29,1
CUST-16210,55,35802,MORTGAGE,1.0,MEDICAL,D,14580,16.03,0.407,29.51,98.9,647,N,35,1
CUST-16211,41,21601,RENT,0.2,PERSONAL,B,4483,11.11,0.208,12.58,40.73,660,N,20,1
CUST-16212,66,30601,MORTGAGE,2.0,PERSONAL,B,14244,12.42,0.465,11.6,99.28,725,N,35,0
CUST-16213,55,157846,OWN,1.5,MEDICAL,B,9934,11.27,0.063,3.86,50.78,744,N,35,0
CUST-16214,28,76221,MORTGAGE,7.8,DEBTCONSOLIDATION,A,5475,6.16,0.072,6.86,76.09,742,N,7,0
CUST-16215,58,85437,RENT,2.3,HOMEIMPROVEMENT,D,7513,15.58,0.088,13.74,50.98,540,N,35,0
CUST-16216,38,99342,RENT,6.6,HOMEIMPROVEMENT,B,11073,11.06,0.111,8.83,68.43,654,N,17,0
CUST-16217,57,147337,RENT,0.1,VENTURE,B,9993,9.46,0.068,13.01,29.65,645,N,35,0
CUST-16218,25,16935,RENT,0.1,HOMEIMPROVEMENT,A,4214,6.93,0.249,9.87,41.72,737,Y,3,0
CUST-16219,66,23436,MORTGAGE,0.1,VENTURE,C,3855,15.31,0.164,10.97,62.87,601,N,35,0
CUST-16220,34,30265,RENT,1.2,VENTURE,B,10862,10.12,0.359,13.19,44.13,678,Y,14,1
CUST-16221,39,36981,RENT,2.3,EDUCATION,A,6616,5.61,0.179,4.02,47.99,821,N,21,0
CUST-16222,28,40931,RENT,4.7,PERSONAL,D,14642,19.96,0.358,27.57,44.11,640,N,6,0
CUST-16223,51,37489,RENT,21.3,MEDICAL,A,12251,8.81,0.327,10.86,37.32,772,N,30,0
CUST-16224,23,55914,MORTGAGE,2.2,DEBTCONSOLIDATION,B,12993,10.42,0.232,11.8,50.64,740,Y,5,0
CUST-16225,69,50069,MORTGAGE,0.3,MEDICAL,C,4781,13.49,0.095,16.52,73.71,605,N,35,0
CUST-16226,37,31770,RENT,1.1,PERSONAL,D,23756,13.95,0.748,27.11,88.86,577,Y,16,1
CUST-16227,24,15000,RENT,6.0,VENTURE,D,13812,16.03,0.921,43.89,76.12,614,N,2,1
CUST-16228,39,27018,RENT,6.0,MEDICAL,D,18265,15.61,0.676,20.82,47.73,587,Y,17,1
CUST-16229,42,35258,RENT,7.8,DEBTCONSOLIDATION,A,5966,7.62,0.169,11.33,58.02,737,N,20,0
CUST-16230,30,42266,RENT,0.7,PERSONAL,E,19273,21.45,0.456,20.15,76.46,592,Y,10,1
CUST-16231,56,24889,MORTGAGE,0.7,VENTURE,A,6418,8.03,0.258,17.48,64.26,783,N,35,1
CUST-16232,41,36516,RENT,0.6,VENTURE,A,9105,9.94,0.249,22.79,24.38,769,N,22,0
CUST-16233,23,24869,OWN,5.0,DEBTCONSOLIDATION,A,8084,5.82,0.325,17.23,25.15,790,N,4,0
CUST-16234,48,45456,MORTGAGE,1.2,MEDICAL,E,3861,17.65,0.085,26.48,73.24,477,N,27,1
CUST-16235,63,25748,RENT,5.2,HOMEIMPROVEMENT,B,3331,11.99,0.129,7.79,54.91,771,N,35,0
CUST-16236,53,29456,MORTGAGE,3.6,PERSONAL,B,7931,10.62,0.269,29.84,58.67,729,N,32,0
CUST-16237,32,22354,MORTGAGE,3.9,PERSONAL,A,7851,8.06,0.351,15.08,59.2,738,N,14,0
CUST-16238,61,44707,MORTGAGE,1.1,EDUCATION,A,15147,7.47,0.339,17.6,21.7,698,N,35,0
CUST-16239,28,29147,OWN,5.0,VENTURE,B,8598,10.73,0.295,26.23,66.83,694,N,6,1
CUST-16240,61,84463,RENT,0.2,MEDICAL,A,5831,8.33,0.069,21.13,80.62,722,N,35,1
CUST-16241,50,62536,MORTGAGE,25.2,EDUCATION,B,20523,10.8,0.328,14.82,77.03,742,N,31,0
CUST-16242,26,47008,RENT,0.1,MEDICAL,C,26523,12.81,0.564,23.96,84.73,674,N,8,0
CUST-16243,23,30379,MORTGAGE,0.3,MEDICAL,B,3436,13.3,0.113,16.2,46.83,677,N,4,0
CUST-16244,38,61593,RENT,2.0,MEDICAL,D,11326,16.61,0.184,12.44,83.93,561,N,16,1
CUST-16245,61,74192,RENT,8.9,PERSONAL,A,2721,7.26,0.037,12.23,81.83,741,N,35,0
CUST-16246,49,53402,MORTGAGE,1.5,DEBTCONSOLIDATION,A,5964,7.09,0.112,26.47,40.04,785,N,30,0
CUST-16247,50,128312,RENT,3.2,MEDICAL,C,4793,13.91,0.037,17.3,62.24,669,N,29,0
CUST-16248,54,64587,RENT,0.1,EDUCATION,D,10010,16.21,0.155,34.99,88.72,561,N,35,1
CUST-16249,40,84809,RENT,,VENTURE,B,15751,8.07,0.186,11.06,62.71,682,N,20,1
CUST-16250,50,53110,MORTGAGE,4.7,EDUCATION,D,9053,16.2,0.17,31.76,75.26,644,N,30,0
CUST-16251,38,73526,OWN,,MEDICAL,B,3701,9.2,0.05,4.62,37.91,695,N,20,0
CUST-16252,50,30391,MORTGAGE,5.9,EDUCATION,A,4006,7.82,0.132,4.58,62.77,748,N,30,0
CUST-16253,51,37233,MORTGAGE,7.7,HOMEIMPROVEMENT,B,13682,10.46,0.367,27.14,41.6,766,N,32,1
CUST-16254,21,60452,MORTGAGE,3.0,DEBTCONSOLIDATION,A,12142,6.7,0.201,26.79,63.07,713,N,1,0
CUST-16255,29,60189,RENT,0.7,PERSONAL,B,3806,11.63,0.063,13.85,31.86,739,N,9,0
CUST-16256,21,66474,RENT,3.0,PERSONAL,A,3104,7.42,0.047,8.63,41.56,735,N,1,0
CUST-16257,21,94867,MORTGAGE,3.0,EDUCATION,A,4328,7.05,0.046,29.09,26.03,737,Y,2,1
CUST-16258,43,20848,RENT,7.4,MEDICAL,D,6697,16.07,0.321,30.17,33.6,616,N,23,1
CUST-16259,36,27318,RENT,0.6,PERSONAL,A,14458,7.04,0.529,19.41,87.75,761,N,18,0
CUST-16260,51,56260,RENT,3.5,HOMEIMPROVEMENT,A,6718,8.11,0.119,26.93,68.51,771,N,29,0
CUST-16261,35,31741,MORTGAGE,12.8,EDUCATION,G,11800,23.56,0.372,24.22,87.92,494,Y,13,1
CUST-16262,35,350000,RENT,2.9,VENTURE,B,12352,10.58,0.035,17.35,56.24,724,N,13,0
CUST-16263,65,66798,MORTGAGE,9.1,MEDICAL,B,9840,9.9,0.147,21.29,40.91,705,N,35,0
CUST-16264,58,46770,MORTGAGE,3.4,DEBTCONSOLIDATION,D,9751,15.73,0.208,13.82,100.0,591,Y,35,1
CUST-16265,50,35979,MORTGAGE,0.6,PERSONAL,B,8355,11.07,0.232,27.44,49.57,657,Y,30,1
CUST-16266,62,36750,OTHER,0.8,VENTURE,A,4614,6.38,0.126,9.87,55.41,772,N,35,0
CUST-16267,43,49915,RENT,0.2,VENTURE,B,5030,11.12,0.101,27.44,16.71,711,N,22,0
CUST-16268,20,52427,MORTGAGE,1.1,VENTURE,C,6232,13.87,0.119,17.38,33.31,627,N,1,0
CUST-16269,30,37271,MORTGAGE,11.2,EDUCATION,D,5372,18.09,0.144,12.44,95.31,560,Y,8,1
CUST-16270,40,41610,MORTGAGE,5.3,PERSONAL,A,10964,5.39,0.263,29.98,85.49,729,N,18,0
CUST-16271,23,109817,MORTGAGE,5.0,VENTURE,A,16897,8.72,0.154,33.62,49.53,682,N,2,0
CUST-16272,26,112499,RENT,4.9,HOMEIMPROVEMENT,B,15114,10.14,0.134,10.5,71.11,734,N,5,0
CUST-16273,45,57023,MORTGAGE,2.4,PERSONAL,B,6408,8.35,0.112,26.61,17.72,696,N,27,0
CUST-16274,66,21921,RENT,1.2,MEDICAL,A,3725,6.71,0.17,25.97,37.04,759,N,35,0
CUST-16275,69,67717,OTHER,13.0,PERSONAL,D,5936,17.11,0.088,24.82,81.42,596,N,35,0
CUST-16276,31,124563,MORTGAGE,3.6,VENTURE,F,8205,21.9,0.066,7.38,57.77,592,Y,12,1
CUST-16277,50,111509,MORTGAGE,3.3,HOMEIMPROVEMENT,C,4019,15.12,0.036,11.68,57.7,675,N,31,0
CUST-16278,36,76164,MORTGAGE,18.0,VENTURE,F,5021,21.59,0.066,31.15,100.0,517,Y,18,0
CUST-16279,52,115088,RENT,2.4,EDUCATION,A,1171,7.46,0.01,14.46,81.74,738,N,33,0
CUST-16280,30,50616,RENT,9.6,PERSONAL,D,7935,16.28,0.157,22.49,60.92,588,Y,9,1
CUST-16281,47,71457,MORTGAGE,9.9,HOMEIMPROVEMENT,C,8400,12.27,0.118,21.63,26.91,645,N,26,0
CUST-16282,51,32582,RENT,1.3,EDUCATION,A,9837,7.47,0.302,12.3,58.63,763,N,29,0
CUST-16283,20,58416,RENT,0.5,PERSONAL,B,5748,10.24,0.098,17.37,81.99,712,N,1,0
CUST-16284,66,108849,MORTGAGE,18.6,MEDICAL,B,4400,10.61,0.04,9.89,56.9,691,N,35,0
CUST-16285,47,34418,RENT,2.8,EDUCATION,C,3439,13.57,0.1,12.84,49.08,701,N,25,0
CUST-16286,61,29235,MORTGAGE,0.0,HOMEIMPROVEMENT,D,4623,16.5,0.158,29.26,50.7,540,Y,35,1
CUST-16287,26,51973,MORTGAGE,3.5,PERSONAL,C,18578,13.62,0.357,7.54,73.58,629,N,8,1
CUST-16288,21,42787,MORTGAGE,3.0,MEDICAL,C,15370,14.82,0.359,10.48,75.14,674,N,1,1
CUST-16289,61,72365,MORTGAGE,7.5,EDUCATION,A,12326,6.33,0.17,6.32,26.9,799,N,35,0
CUST-16290,43,37348,RENT,14.3,VENTURE,C,15107,12.63,0.404,34.59,44.02,657,N,22,0
CUST-16291,23,137456,RENT,5.0,MEDICAL,B,9295,12.2,0.068,16.38,21.58,752,N,5,0
CUST-16292,63,22611,RENT,14.1,HOMEIMPROVEMENT,A,13083,9.02,0.579,13.54,32.72,810,N,35,0
CUST-16293,38,104009,OWN,0.2,MEDICAL,E,8971,19.81,0.086,17.65,68.21,558,N,16,0
CUST-16294,45,30979,RENT,6.2,PERSONAL,B,7342,12.93,0.237,7.36,40.22,670,N,23,1
CUST-16295,30,16687,RENT,1.3,EDUCATION,C,6554,14.09,0.393,22.09,48.82,620,N,9,1
CUST-16296,59,56541,MORTGAGE,1.0,DEBTCONSOLIDATION,B,16113,12.75,0.285,28.54,51.17,650,N,35,0
CUST-16297,69,42076,RENT,8.1,EDUCATION,E,3200,,0.076,20.22,76.79,527,Y,35,1
CUST-16298,62,25190,OWN,2.7,VENTURE,A,1644,9.45,0.065,30.49,43.05,717,N,35,0
CUST-16299,30,17875,OWN,12.0,DEBTCONSOLIDATION,B,5849,9.12,0.327,41.09,31.39,659,Y,8,0
CUST-16300,64,48775,MORTGAGE,0.2,PERSONAL,A,8250,8.3,0.169,10.96,33.34,786,Y,35,0
CUST-16301,22,88036,MORTGAGE,4.0,VENTURE,A,5839,7.4,0.066,3.19,65.87,734,N,1,0
CUST-16302,31,69631,RENT,0.7,EDUCATION,A,10472,5.89,0.15,32.89,53.77,701,N,9,1
CUST-16303,22,50717,MORTGAGE,1.0,EDUCATION,B,19266,12.1,0.38,12.04,39.98,686,N,3,0
CUST-16304,61,65336,MORTGAGE,3.2,EDUCATION,D,10064,17.93,0.154,31.23,45.66,619,Y,35,0
CUST-16305,46,48226,RENT,2.5,HOMEIMPROVEMENT,B,7929,10.33,0.164,23.1,37.46,691,N,26,0
CUST-16306,68,20788,RENT,3.3,EDUCATION,B,2289,9.76,0.11,45.13,39.78,692,Y,35,0
CUST-16307,21,20899,OWN,3.0,PERSONAL,E,1801,19.57,0.086,7.19,54.12,506,Y,3,0
CUST-16308,68,43394,RENT,5.4,PERSONAL,C,7498,11.32,0.173,8.58,69.96,682,N,35,0
CUST-16309,35,44516,MORTGAGE,1.7,PERSONAL,A,9863,5.88,0.222,26.81,55.69,738,N,17,0
CUST-16310,21,81682,RENT,,HOMEIMPROVEMENT,A,16401,,0.201,36.22,65.65,704,N,1,0
CUST-16311,49,77217,RENT,2.7,MEDICAL,A,13474,8.24,0.174,5.64,47.65,746,N,30,0
CUST-16312,39,70479,MORTGAGE,3.0,DEBTCONSOLIDATION,A,12807,7.28,0.182,7.51,87.26,733,N,18,1
CUST-16313,57,41432,RENT,4.6,HOMEIMPROVEMENT,B,3632,9.83,0.088,12.26,42.72,704,N,35,1
CUST-16314,47,21409,MORTGAGE,1.5,HOMEIMPROVEMENT,C,10773,12.51,0.503,19.5,25.8,739,N,29,0
CUST-16315,44,62770,RENT,7.3,EDUCATION,A,11927,10.43,0.19,41.27,31.81,724,N,26,0
CUST-16316,51,67178,RENT,,EDUCATION,B,5312,,0.079,32.7,51.47,726,N,30,0
CUST-16317,29,15000,OWN,4.1,MEDICAL,B,2544,8.31,0.17,11.06,58.52,689,N,11,0
CUST-16318,61,29714,MORTGAGE,4.9,EDUCATION,B,13109,9.81,0.441,11.48,60.12,686,N,35,0
CUST-16319,59,32382,OWN,1.2,MEDICAL,D,9049,17.12,0.279,20.82,93.54,654,N,35,1
CUST-16320,52,52628,OWN,8.7,PERSONAL,F,7139,22.13,0.136,11.22,68.93,536,N,30,1
CUST-16321,32,30272,OWN,4.8,DEBTCONSOLIDATION,B,8747,9.6,0.289,10.44,49.87,756,N,12,0
CUST-16322,60,47911,OWN,5.2,PERSONAL,B,13072,10.73,0.273,13.78,56.54,698,N,35,0
CUST-16323,61,43203,RENT,3.4,PERSONAL,C,26949,14.83,0.624,34.69,30.1,698,N,35,1
CUST-16324,66,44556,OWN,12.0,VENTURE,C,1698,13.74,0.038,44.73,73.27,638,N,35,0
CUST-16325,56,31893,RENT,5.9,PERSONAL,B,14043,10.68,0.44,38.88,40.29,676,N,34,0
CUST-16326,35,33409,RENT,2.4,PERSONAL,C,9819,13.69,0.294,30.27,54.66,665,N,17,0
CUST-16327,64,25638,RENT,1.4,PERSONAL,B,6542,9.61,0.255,32.87,79.27,704,N,35,1
CUST-16328,41,61576,RENT,0.4,PERSONAL,G,17509,25.04,0.284,19.03,59.66,453,Y,23,1
CUST-16329,39,69055,MORTGAGE,0.9,EDUCATION,A,4628,8.75,0.067,3.58,69.39,757,N,20,0
CUST-16330,69,30872,RENT,24.6,EDUCATION,B,10339,12.12,0.335,21.93,100.0,673,N,35,1
CUST-16331,62,122074,RENT,2.6,MEDICAL,B,7658,11.02,0.063,23.22,62.1,729,N,35,1
CUST-16332,46,40588,RENT,11.4,MEDICAL,C,3212,13.52,0.079,12.13,40.87,627,N,27,0
CUST-16333,60,122775,RENT,0.9,MEDICAL,A,3407,9.75,0.028,11.13,31.18,737,N,35,0
CUST-16334,35,33347,MORTGAGE,2.8,VENTURE,B,4420,10.64,0.133,11.01,32.21,664,N,14,0
CUST-16335,53,15000,RENT,16.2,EDUCATION,C,16729,12.92,1.115,42.3,42.28,685,N,35,1
CUST-16336,51,62399,RENT,0.5,PERSONAL,B,7503,9.67,0.12,37.36,66.45,715,N,30,1
CUST-16337,45,56904,RENT,4.5,HOMEIMPROVEMENT,B,5275,9.54,0.093,8.95,16.68,780,N,23,0
CUST-16338,44,50042,RENT,12.6,VENTURE,B,8030,9.9,0.16,7.86,41.34,744,N,24,0
CUST-16339,21,33344,MORTGAGE,3.0,PERSONAL,C,4840,15.81,0.145,9.75,87.89,635,N,1,0
CUST-16340,31,48014,RENT,9.4,DEBTCONSOLIDATION,C,7946,12.59,0.165,12.69,50.66,596,N,11,0
CUST-16341,59,36070,RENT,9.7,VENTURE,D,5123,18.33,0.142,15.23,43.79,588,N,35,1
CUST-16342,28,40887,RENT,5.3,PERSONAL,C,3061,13.25,0.075,25.44,100.0,644,N,10,0
CUST-16343,31,81225,RENT,1.2,DEBTCONSOLIDATION,A,19668,8.75,0.242,8.15,90.92,687,N,13,0
CUST-16344,45,54749,OWN,6.6,EDUCATION,B,2773,9.21,0.051,6.85,58.32,670,N,24,0
CUST-16345,28,70683,RENT,10.0,DEBTCONSOLIDATION,A,17922,7.48,0.254,14.87,92.03,786,N,6,0
CUST-16346,29,42654,MORTGAGE,3.7,PERSONAL,B,1648,8.56,0.039,10.56,63.7,670,N,11,0
CUST-16347,51,39926,MORTGAGE,1.5,PERSONAL,B,12538,10.53,0.314,9.02,38.91,669,N,32,0
CUST-16348,53,24536,RENT,4.3,VENTURE,D,3002,17.44,0.122,19.21,62.21,628,N,31,1
CUST-16349,67,39260,OTHER,5.9,PERSONAL,A,7516,8.66,0.191,25.5,21.46,731,N,35,0
CUST-16350,39,15000,MORTGAGE,1.2,PERSONAL,C,15994,13.49,1.066,39.3,86.21,650,Y,20,1
CUST-16351,58,34401,MORTGAGE,6.4,HOMEIMPROVEMENT,A,13960,7.07,0.406,30.3,48.54,764,Y,35,0
CUST-16352,21,46670,RENT,3.0,PERSONAL,E,15308,19.6,0.328,28.39,66.52,548,Y,3,1
CUST-16353,20,68748,MORTGAGE,2.0,DEBTCONSOLIDATION,B,23950,9.81,0.348,25.07,58.57,727,N,1,0
CUST-16354,55,41722,RENT,1.8,MEDICAL,C,6881,12.81,0.165,11.55,29.52,674,N,35,0
CUST-16355,43,60391,RENT,0.8,HOMEIMPROVEMENT,C,14502,13.01,0.24,31.0,28.67,661,N,23,0
CUST-16356,46,15000,MORTGAGE,4.9,EDUCATION,B,12060,10.77,0.804,28.0,23.47,753,N,27,1
CUST-16357,21,47377,OWN,3.0,MEDICAL,D,9289,18.22,0.196,20.85,60.07,641,N,1,0
CUST-16358,50,17895,RENT,2.1,EDUCATION,C,7323,15.06,0.409,37.59,72.04,640,N,28,1
CUST-16359,33,23742,MORTGAGE,1.8,VENTURE,B,6129,10.12,0.258,9.76,99.54,673,N,12,0
CUST-16360,21,43813,MORTGAGE,2.1,EDUCATION,B,8351,9.52,0.191,35.79,38.42,705,Y,1,0
CUST-16361,48,105425,RENT,3.4,EDUCATION,D,7759,,0.074,5.87,62.01,608,Y,28,1
CUST-16362,34,61250,RENT,16.0,PERSONAL,A,2790,5.73,0.046,10.63,46.91,748,N,15,0
CUST-16363,31,49559,RENT,7.2,PERSONAL,B,21006,11.37,0.424,16.35,62.28,680,N,10,1
CUST-16364,56,48449,MORTGAGE,9.5,EDUCATION,D,7241,14.83,0.149,27.16,95.97,611,N,35,1
CUST-16365,47,31946,MORTGAGE,3.5,VENTURE,A,9414,5.0,0.295,17.27,54.85,805,N,28,0
CUST-16366,39,35369,RENT,,EDUCATION,C,23844,,0.674,40.31,38.31,674,N,17,0
CUST-16367,58,63349,MORTGAGE,1.1,EDUCATION,B,4760,11.32,0.075,19.59,42.43,705,N,35,1
CUST-16368,43,21349,MORTGAGE,6.4,DEBTCONSOLIDATION,A,6476,6.2,0.303,20.47,27.97,793,N,22,0
CUST-16369,40,69970,MORTGAGE,2.7,VENTURE,B,3350,10.86,0.048,4.87,61.53,725,N,21,0
CUST-16370,29,38827,RENT,6.8,DEBTCONSOLIDATION,D,13783,14.92,0.355,22.75,71.9,599,N,10,1
CUST-16371,65,80445,MORTGAGE,2.6,DEBTCONSOLIDATION,B,3980,10.38,0.049,23.28,22.67,698,N,35,0
CUST-16372,33,87260,MORTGAGE,0.6,PERSONAL,A,21952,,0.252,9.04,58.06,782,N,15,1
CUST-16373,56,17964,RENT,1.0,DEBTCONSOLIDATION,B,4038,11.33,0.225,16.33,88.61,708,N,35,0
CUST-16374,37,34580,RENT,8.3,PERSONAL,F,8175,22.48,0.236,15.59,71.05,545,Y,18,1
CUST-16375,43,29339,MORTGAGE,,DEBTCONSOLIDATION,A,4752,5.23,0.162,18.63,70.37,706,N,25,0
CUST-16376,33,16520,RENT,1.5,MEDICAL,A,18643,7.86,1.129,36.77,73.18,732,N,15,0
CUST-16377,53,26383,MORTGAGE,13.3,MEDICAL,G,8027,27.12,0.304,16.6,100.0,498,N,31,1
CUST-16378,31,212087,RENT,5.4,VENTURE,D,5972,16.97,0.028,27.83,46.26,650,N,11,0
CUST-16379,41,70665,RENT,0.6,HOMEIMPROVEMENT,C,8859,11.84,0.125,16.55,52.93,716,N,19,0
CUST-16380,25,154874,RENT,0.8,VENTURE,A,8427,6.65,0.054,12.86,24.32,718,N,5,1
CUST-16381,55,80616,RENT,1.6,MEDICAL,A,24799,6.89,0.308,12.0,36.77,728,N,33,0
CUST-16382,64,31410,RENT,4.5,PERSONAL,A,17991,5.0,0.573,23.24,36.75,766,N,35,0
CUST-16383,55,38985,MORTGAGE,7.0,HOMEIMPROVEMENT,C,6933,13.62,0.178,24.56,69.48,724,N,35,0
CUST-16384,41,69777,RENT,1.6,PERSONAL,B,8758,10.08,0.126,10.92,43.44,665,N,22,0
CUST-16385,33,63735,OWN,10.2,VENTURE,A,17990,7.14,0.282,16.53,82.82,681,N,13,0
CUST-16386,35,34668,MORTGAGE,0.6,MEDICAL,A,9148,7.35,0.264,16.63,78.63,756,N,16,1
CUST-16387,55,19811,RENT,1.2,EDUCATION,D,15207,15.63,0.768,22.14,100.0,563,N,33,1
CUST-16388,44,350000,RENT,17.6,VENTURE,C,7777,14.53,0.022,24.53,86.25,670,N,22,0
CUST-16389,51,45040,MORTGAGE,0.7,HOMEIMPROVEMENT,C,7234,13.72,0.161,23.86,83.02,677,N,30,0
CUST-16390,52,40318,RENT,11.0,DEBTCONSOLIDATION,A,3528,6.86,0.088,5.8,39.31,742,N,31,0
CUST-16391,64,52470,RENT,6.1,EDUCATION,D,6224,17.03,0.119,17.57,68.27,594,N,35,0
CUST-16392,55,42377,OWN,0.4,DEBTCONSOLIDATION,B,9213,10.93,0.217,13.08,39.43,675,N,35,0
CUST-16393,39,52766,RENT,3.3,DEBTCONSOLIDATION,B,7494,9.35,0.142,32.89,86.75,702,Y,21,1
CUST-16394,37,106103,RENT,3.7,HOMEIMPROVEMENT,E,8027,19.29,0.076,7.03,68.75,524,Y,15,0
CUST-16395,57,45491,MORTGAGE,13.5,HOMEIMPROVEMENT,A,6029,7.29,0.133,27.32,21.99,734,N,35,0
CUST-16396,22,24400,MORTGAGE,2.7,VENTURE,B,6397,9.8,0.262,34.12,54.8,674,N,2,0
CUST-16397,42,44489,RENT,3.0,PERSONAL,C,7654,11.87,0.172,8.64,21.1,660,N,24,0
CUST-16398,51,37099,MORTGAGE,0.6,MEDICAL,A,11306,,0.305,11.87,27.15,762,N,33,0
CUST-16399,64,115190,MORTGAGE,5.1,VENTURE,B,14122,12.02,0.123,27.42,24.27,749,N,35,0
CUST-16400,35,98979,MORTGAGE,1.2,DEBTCONSOLIDATION,F,3877,21.22,0.039,12.73,99.26,496,Y,17,1
CUST-16401,24,52287,RENT,0.4,MEDICAL,A,6817,8.58,0.13,12.26,31.15,738,Y,3,0
CUST-16402,23,22759,OWN,5.0,HOMEIMPROVEMENT,B,8401,10.46,0.369,20.01,25.79,733,N,4,0
CUST-16403,40,23493,RENT,1.6,VENTURE,C,10744,13.7,0.457,40.1,74.52,667,Y,18,1
CUST-16404,59,49467,MORTGAGE,0.8,EDUCATION,B,9282,9.03,0.188,15.92,74.51,677,N,35,0
CUST-16405,33,59981,RENT,6.0,PERSONAL,B,7477,11.9,0.125,10.0,54.2,654,N,12,0
CUST-16406,58,39152,MORTGAGE,8.6,VENTURE,A,12249,9.97,0.313,10.71,20.77,815,N,35,0
CUST-16407,50,36750,RENT,0.3,EDUCATION,A,2268,6.66,0.062,19.21,22.33,694,N,31,0
CUST-16408,33,34348,RENT,0.6,EDUCATION,D,12110,18.06,0.353,36.83,52.81,566,N,14,1
CUST-16409,25,48337,MORTGAGE,0.5,VENTURE,D,6736,14.98,0.139,13.55,57.64,617,Y,7,0
CUST-16410,31,15000,RENT,0.2,HOMEIMPROVEMENT,B,10129,10.44,0.675,34.38,14.6,734,N,13,0
CUST-16411,35,25316,RENT,5.4,MEDICAL,B,16325,9.09,0.645,27.25,74.6,669,N,17,0
CUST-16412,36,33650,MORTGAGE,4.4,HOMEIMPROVEMENT,B,3636,10.95,0.108,19.61,46.48,724,N,15,0
CUST-16413,64,101164,MORTGAGE,5.4,EDUCATION,B,11931,10.26,0.118,10.66,51.4,665,N,35,0
CUST-16414,42,30082,RENT,3.5,EDUCATION,C,5607,13.44,0.186,33.71,69.05,678,N,23,0
CUST-16415,33,54626,RENT,8.5,VENTURE,A,4878,9.07,0.089,15.36,20.15,778,N,13,0
CUST-16416,26,56158,OWN,4.0,HOMEIMPROVEMENT,D,10821,17.99,0.193,13.31,88.6,579,N,5,0
CUST-16417,65,106803,MORTGAGE,12.6,MEDICAL,B,3749,10.29,0.035,11.41,41.42,731,N,35,0
CUST-16418,51,104563,RENT,3.3,PERSONAL,D,7254,17.83,0.069,4.25,72.88,576,Y,31,0
CUST-16419,34,47358,MORTGAGE,7.8,VENTURE,B,3735,11.88,0.079,20.56,81.1,613,Y,13,0
CUST-16420,63,36853,MORTGAGE,2.6,HOMEIMPROVEMENT,C,15075,14.83,0.409,11.22,34.65,645,N,35,0
CUST-16421,36,32915,RENT,2.9,EDUCATION,D,7370,16.68,0.224,12.12,55.08,623,N,15,0
CUST-16422,60,42419,RENT,9.5,PERSONAL,B,15119,10.9,0.356,12.97,73.32,727,N,35,0
CUST-16423,66,37781,RENT,0.6,MEDICAL,C,10672,13.16,0.282,11.22,40.0,688,N,35,0
CUST-16424,63,68334,MORTGAGE,4.2,PERSONAL,B,2222,13.3,0.033,12.14,84.08,664,N,35,0
CUST-16425,53,63081,RENT,6.5,EDUCATION,B,1625,10.98,0.026,13.92,88.09,700,N,33,1
CUST-16426,24,69918,RENT,6.0,PERSONAL,B,5120,10.4,0.073,22.49,50.22,685,N,4,0
CUST-16427,64,104356,OWN,4.5,EDUCATION,B,12216,11.1,0.117,12.73,58.01,700,N,35,0
CUST-16428,46,149899,RENT,3.0,EDUCATION,B,4716,10.83,0.031,18.19,47.66,781,Y,25,0
CUST-16429,42,52828,MORTGAGE,1.5,PERSONAL,B,10734,12.97,0.203,11.09,53.17,693,N,21,0
CUST-16430,59,94814,RENT,12.0,PERSONAL,A,9467,7.47,0.1,17.39,38.35,716,N,35,0
CUST-16431,33,39695,MORTGAGE,2.3,HOMEIMPROVEMENT,E,5793,20.42,0.146,21.05,66.18,561,N,13,1
CUST-16432,34,99808,RENT,8.0,PERSONAL,C,4991,13.36,0.05,21.61,44.99,680,N,14,1
CUST-16433,62,92679,RENT,0.2,VENTURE,B,5089,8.48,0.055,7.99,41.23,717,N,35,0
CUST-16434,52,89773,MORTGAGE,1.3,HOMEIMPROVEMENT,A,22182,7.5,0.247,8.9,41.79,786,N,34,0
CUST-16435,50,51867,MORTGAGE,2.1,PERSONAL,C,11979,14.52,0.231,31.81,39.46,715,N,31,0
CUST-16436,54,32826,MORTGAGE,5.6,PERSONAL,A,10891,7.66,0.332,26.05,46.44,813,N,34,0
CUST-16437,36,21232,MORTGAGE,1.9,VENTURE,C,8888,12.11,0.419,17.25,72.49,622,N,14,1
CUST-16438,47,47857,MORTGAGE,0.2,EDUCATION,A,5344,9.4,0.112,8.03,50.64,776,N,26,0
CUST-16439,38,122983,MORTGAGE,1.0,MEDICAL,C,3503,,0.028,7.89,100.0,589,N,20,0
CUST-16440,65,40704,MORTGAGE,1.5,HOMEIMPROVEMENT,B,10255,9.57,0.252,30.98,66.18,738,N,35,1
CUST-16441,42,78517,MORTGAGE,1.0,PERSONAL,C,8764,12.15,0.112,19.01,66.92,596,N,24,1
CUST-16442,51,81338,MORTGAGE,1.1,VENTURE,A,3125,6.26,0.038,2.24,35.28,696,N,29,0
CUST-16443,59,41348,MORTGAGE,7.3,DEBTCONSOLIDATION,A,5975,7.55,0.145,26.31,88.9,743,N,35,0
CUST-16444,32,107991,RENT,2.7,PERSONAL,A,3363,8.23,0.031,25.2,21.11,783,N,11,0
CUST-16445,39,15000,RENT,2.6,PERSONAL,B,7721,9.8,0.515,18.62,39.84,667,N,20,1
CUST-16446,54,23537,RENT,17.0,MEDICAL,A,12512,8.18,0.532,25.7,84.4,731,N,35,0
CUST-16447,24,28300,OWN,3.0,DEBTCONSOLIDATION,A,1770,8.42,0.063,18.58,52.65,721,Y,5,0
CUST-16448,28,29976,MORTGAGE,10.0,EDUCATION,B,4195,10.11,0.14,20.84,96.4,705,N,10,0
CUST-16449,48,59979,MORTGAGE,1.8,EDUCATION,C,4999,11.68,0.083,9.27,32.46,682,N,28,0
CUST-16450,25,58338,RENT,2.6,PERSONAL,B,11020,12.32,0.189,6.42,20.57,701,N,5,0
CUST-16451,44,62093,RENT,2.5,EDUCATION,F,12201,21.2,0.196,25.7,63.61,508,Y,24,1
CUST-16452,50,70097,OWN,3.9,PERSONAL,B,28262,7.85,0.403,17.31,100.0,754,N,28,0
CUST-16453,41,27720,OWN,4.4,EDUCATION,B,4547,10.03,0.164,13.99,50.96,736,N,21,0
CUST-16454,21,23602,RENT,1.4,MEDICAL,C,9665,14.2,0.409,23.43,48.75,623,N,1,1
CUST-16455,64,62180,MORTGAGE,7.9,DEBTCONSOLIDATION,B,6232,11.38,0.1,10.33,58.8,669,N,35,1
CUST-16456,24,33585,RENT,3.4,HOMEIMPROVEMENT,B,5707,9.14,0.17,12.35,43.09,686,N,3,1
CUST-16457,46,19105,RENT,0.0,HOMEIMPROVEMENT,E,8861,17.28,0.464,36.71,45.96,604,N,27,0
CUST-16458,44,87799,MORTGAGE,4.5,EDUCATION,B,7799,10.87,0.089,8.63,90.19,609,N,23,0
CUST-16459,27,113216,MORTGAGE,8.0,PERSONAL,B,3682,11.12,0.033,10.38,57.63,746,N,6,0
CUST-16460,20,124778,MORTGAGE,1.4,VENTURE,C,11514,14.84,0.092,15.51,66.29,637,N,1,0
CUST-16461,39,54841,RENT,,MEDICAL,C,6449,14.7,0.118,31.92,83.69,607,N,17,0
CUST-16462,63,71364,RENT,8.2,MEDICAL,B,6494,10.68,0.091,8.33,37.01,705,N,35,0
CUST-16463,42,111515,RENT,18.7,PERSONAL,A,9396,6.4,0.084,14.72,45.41,760,N,22,0
CUST-16464,51,33361,RENT,0.4,MEDICAL,F,23482,21.42,0.704,24.29,52.95,560,Y,30,1
CUST-16465,30,95454,MORTGAGE,12.0,PERSONAL,B,9203,10.21,0.096,15.23,32.01,740,N,11,0
CUST-16466,58,57828,RENT,2.2,MEDICAL,B,5742,9.4,0.099,18.6,80.18,712,N,35,1
CUST-16467,66,84814,RENT,14.2,PERSONAL,F,5751,23.3,0.068,18.15,100.0,548,N,35,1
CUST-16468,43,54811,RENT,5.2,HOMEIMPROVEMENT,D,4390,17.73,0.08,8.42,64.98,612,N,22,1
CUST-16469,30,106697,MORTGAGE,11.0,PERSONAL,B,13154,8.82,0.123,14.36,48.36,723,Y,12,0
CUST-16470,48,56056,MORTGAGE,7.7,DEBTCONSOLIDATION,B,7053,10.11,0.126,25.31,67.73,679,N,30,0
CUST-16471,45,20122,MORTGAGE,0.1,HOMEIMPROVEMENT,C,6944,15.97,0.345,25.75,70.15,636,N,27,0
CUST-16472,35,117143,RENT,0.3,VENTURE,B,2376,11.9,0.02,10.4,100.0,645,N,17,1
CUST-16473,54,27763,RENT,3.7,DEBTCONSOLIDATION,A,6411,7.73,0.231,7.48,54.54,808,N,35,0
CUST-16474,39,103967,RENT,0.7,PERSONAL,F,10550,23.32,0.101,29.18,89.59,508,Y,20,1
CUST-16475,65,46437,RENT,3.1,VENTURE,B,3795,12.48,0.082,11.05,57.11,738,N,35,0
CUST-16476,22,99270,RENT,4.0,HOMEIMPROVEMENT,C,6650,13.61,0.067,5.88,78.47,694,N,2,0
CUST-16477,20,96844,RENT,1.7,PERSONAL,C,1192,11.87,0.012,16.59,58.0,596,Y,1,0
CUST-16478,66,63454,MORTGAGE,3.4,MEDICAL,C,2292,14.53,0.036,12.69,48.54,655,N,35,0
CUST-16479,20,66510,OTHER,2.0,EDUCATION,D,6065,17.59,0.091,15.0,55.69,633,N,1,1
CUST-16480,36,63169,RENT,5.0,MEDICAL,B,11618,9.29,0.184,19.32,45.85,681,N,18,0
CUST-16481,21,15000,MORTGAGE,1.1,DEBTCONSOLIDATION,C,8411,13.81,0.561,21.52,63.82,602,N,2,1
CUST-16482,48,52627,RENT,1.5,MEDICAL,C,11184,12.55,0.213,24.53,77.19,702,N,27,0
CUST-16483,39,25093,MORTGAGE,9.8,PERSONAL,E,13330,17.53,0.531,33.33,32.68,593,Y,21,1
CUST-16484,25,54323,MORTGAGE,7.0,DEBTCONSOLIDATION,C,5349,13.76,0.098,8.13,32.09,651,N,4,0
CUST-16485,27,24691,OWN,7.8,PERSONAL,D,10603,18.24,0.429,22.52,77.29,573,Y,5,1
CUST-16486,48,24077,RENT,7.4,HOMEIMPROVEMENT,A,11281,7.89,0.469,16.93,37.75,714,N,30,0
CUST-16487,67,128407,RENT,3.1,DEBTCONSOLIDATION,A,2220,7.71,0.017,6.59,37.28,756,N,35,0
CUST-16488,52,93122,RENT,6.5,HOMEIMPROVEMENT,A,4856,5.9,0.052,5.16,50.92,734,N,32,0
CUST-16489,22,48899,RENT,2.4,VENTURE,A,17157,8.25,0.351,13.83,41.57,758,N,4,0
CUST-16490,54,54767,OWN,0.5,VENTURE,A,3525,6.84,0.064,18.34,36.19,763,N,33,0
CUST-16491,24,42245,MORTGAGE,2.5,VENTURE,A,8662,6.57,0.205,5.45,43.71,734,N,2,0
CUST-16492,46,69004,MORTGAGE,0.9,MEDICAL,G,7023,25.56,0.102,11.02,44.81,559,Y,24,1
CUST-16493,63,32675,MORTGAGE,2.5,EDUCATION,A,14542,6.04,0.445,24.66,50.84,724,N,35,0
CUST-16494,31,88986,OWN,1.8,EDUCATION,B,8358,10.25,0.094,10.86,77.81,667,N,12,0
CUST-16495,39,42114,RENT,4.6,VENTURE,D,14974,15.12,0.356,20.95,68.32,625,N,18,0
CUST-16496,64,38104,RENT,2.2,VENTURE,A,7555,7.14,0.198,21.84,46.36,767,N,35,0
CUST-16497,39,49663,MORTGAGE,6.1,MEDICAL,B,12030,7.87,0.242,15.38,35.35,665,N,17,0
CUST-16498,28,34382,RENT,3.6,VENTURE,A,13016,8.15,0.379,36.09,42.68,738,N,6,1
CUST-16499,58,59707,RENT,12.6,HOMEIMPROVEMENT,A,3823,7.97,0.064,21.46,71.98,696,N,35,0
CUST-16500,23,35510,RENT,0.5,VENTURE,F,10311,24.61,0.29,14.9,45.99,510,N,5,1
CUST-16501,38,64933,MORTGAGE,5.8,PERSONAL,D,3231,16.79,0.05,19.05,59.77,638,N,20,0
CUST-16502,57,101681,MORTGAGE,5.6,EDUCATION,D,10695,15.42,0.105,9.95,61.34,565,Y,35,0
CUST-16503,46,31837,RENT,15.0,EDUCATION,D,11187,17.69,0.351,28.04,56.45,572,Y,25,1
CUST-16504,64,45326,MORTGAGE,2.3,MEDICAL,A,13509,8.66,0.298,11.97,61.22,721,N,35,0
CUST-16505,62,64653,MORTGAGE,1.8,PERSONAL,C,17982,15.07,0.278,21.82,71.81,690,N,35,0
CUST-16506,32,37740,OWN,0.9,VENTURE,C,4314,11.15,0.114,11.1,41.32,685,N,10,0
CUST-16507,32,64769,MORTGAGE,1.5,PERSONAL,E,7661,18.66,0.118,14.65,55.19,497,N,13,0
CUST-16508,41,68407,MORTGAGE,3.5,EDUCATION,A,2928,6.41,0.043,15.01,53.76,687,N,20,0
CUST-16509,47,93897,MORTGAGE,9.1,HOMEIMPROVEMENT,B,13170,12.33,0.14,10.73,30.89,703,N,27,0
CUST-16510,66,34077,RENT,1.7,PERSONAL,A,25817,8.47,0.758,35.3,74.34,694,N,35,1
CUST-16511,64,27842,RENT,0.9,VENTURE,A,6377,8.86,0.229,23.18,40.86,792,N,35,0
CUST-16512,41,40759,RENT,1.6,DEBTCONSOLIDATION,C,4082,12.2,0.1,6.19,63.18,573,Y,20,1
CUST-16513,62,27428,RENT,0.5,VENTURE,A,6893,7.66,0.251,24.17,42.35,724,N,35,0
CUST-16514,38,68782,RENT,,VENTURE,B,10689,8.55,0.155,7.4,43.71,707,N,17,0
CUST-16515,27,24414,RENT,,HOMEIMPROVEMENT,C,7542,12.18,0.309,25.06,47.64,702,N,8,0
CUST-16516,27,198751,RENT,1.8,EDUCATION,A,5467,,0.028,16.81,18.63,750,N,6,0
CUST-16517,61,106676,RENT,1.4,MEDICAL,A,4575,,0.043,16.84,61.39,761,Y,35,0
CUST-16518,45,49392,RENT,11.8,EDUCATION,F,3955,22.47,0.08,14.58,60.09,536,N,27,0
CUST-16519,67,82490,MORTGAGE,0.0,EDUCATION,C,6878,12.72,0.083,28.02,78.61,683,N,35,0
CUST-16520,45,18359,MORTGAGE,4.6,PERSONAL,C,3626,14.01,0.198,14.95,44.9,661,N,24,0
CUST-16521,42,222798,MORTGAGE,12.4,MEDICAL,D,3366,16.51,0.015,3.83,93.46,636,N,24,0
CUST-16522,62,34402,RENT,3.6,HOMEIMPROVEMENT,A,3323,9.38,0.097,18.23,35.86,777,N,35,1
CUST-16523,32,45601,RENT,0.0,HOMEIMPROVEMENT,A,5105,6.99,0.112,7.25,31.38,788,N,14,0
CUST-16524,47,16097,RENT,1.2,MEDICAL,A,11054,5.3,0.687,21.66,74.25,674,N,25,1
CUST-16525,28,65628,RENT,10.0,EDUCATION,B,4807,11.24,0.073,24.82,34.01,647,Y,6,1
CUST-16526,39,25240,MORTGAGE,0.1,VENTURE,B,7569,10.9,0.3,31.73,100.0,724,Y,19,0
CUST-16527,38,52103,RENT,2.5,HOMEIMPROVEMENT,A,2160,6.43,0.041,2.26,27.05,819,N,16,0
CUST-16528,67,35363,MORTGAGE,7.8,EDUCATION,A,14804,7.11,0.419,23.92,41.44,761,N,35,0
CUST-16529,58,25677,MORTGAGE,9.1,EDUCATION,D,2138,16.73,0.083,25.27,100.0,601,N,35,1
CUST-16530,31,30253,RENT,3.2,MEDICAL,B,12671,10.04,0.419,25.84,38.97,734,N,12,0
CUST-16531,34,56132,MORTGAGE,1.3,MEDICAL,G,11775,,0.21,21.06,56.29,546,Y,12,1
CUST-16532,50,22722,RENT,4.6,VENTURE,A,11151,7.26,0.491,31.84,31.14,774,N,28,0
CUST-16533,33,31279,RENT,,MEDICAL,C,31233,14.56,0.999,25.75,46.03,649,N,14,1
CUST-16534,30,72981,MORTGAGE,1.5,PERSONAL,D,22453,16.07,0.308,21.58,100.0,612,N,8,1
CUST-16535,45,233628,OTHER,8.2,PERSONAL,D,3475,16.75,0.015,13.39,68.5,619,N,24,0
CUST-16536,61,65287,MORTGAGE,0.8,DEBTCONSOLIDATION,B,5370,10.28,0.082,16.42,36.35,746,N,35,1
CUST-16537,46,28272,OWN,0.0,EDUCATION,A,10906,6.02,0.386,13.38,60.93,765,N,28,0
CUST-16538,30,39329,RENT,2.1,PERSONAL,A,2184,7.37,0.056,10.1,31.13,765,N,10,0
CUST-16539,57,49958,RENT,3.4,VENTURE,C,7823,12.97,0.157,11.28,56.6,683,N,35,0
CUST-16540,53,39749,RENT,6.1,VENTURE,B,10812,11.41,0.272,15.37,70.6,698,N,32,0
CUST-16541,62,84274,RENT,7.6,VENTURE,B,13605,11.98,0.161,12.55,35.42,709,N,35,0
CUST-16542,38,55853,RENT,5.4,MEDICAL,A,10286,8.56,0.184,12.23,26.81,819,N,16,0
CUST-16543,25,84517,MORTGAGE,4.9,DEBTCONSOLIDATION,B,9407,9.62,0.111,10.49,100.0,678,N,4,0
CUST-16544,65,40592,MORTGAGE,5.5,PERSONAL,B,28516,9.1,0.703,32.97,69.85,680,N,35,1
CUST-16545,57,108586,OWN,1.6,MEDICAL,D,15489,14.68,0.143,17.33,40.48,580,N,35,0
CUST-16546,68,44360,OWN,2.4,MEDICAL,C,9923,13.7,0.224,28.79,33.09,661,N,35,0
CUST-16547,61,27372,RENT,4.8,PERSONAL,B,8352,9.65,0.305,8.7,94.73,713,N,35,1
CUST-16548,47,181025,MORTGAGE,0.3,EDUCATION,C,13617,12.16,0.075,25.08,67.3,583,Y,27,0
CUST-16549,20,16399,MORTGAGE,1.8,HOMEIMPROVEMENT,A,2990,9.85,0.182,9.2,15.32,784,N,1,0
CUST-16550,54,31468,RENT,2.6,MEDICAL,C,12437,14.08,0.395,36.22,81.05,612,N,34,1
CUST-16551,59,33650,MORTGAGE,3.8,HOMEIMPROVEMENT,A,6906,7.9,0.205,7.24,31.64,766,N,35,0
CUST-16552,27,220793,RENT,3.3,VENTURE,C,7785,13.84,0.035,14.75,39.3,654,N,9,0
CUST-16553,66,144945,OWN,6.3,VENTURE,B,14227,12.44,0.098,6.66,74.81,601,Y,35,1
CUST-16554,26,120133,MORTGAGE,3.2,HOMEIMPROVEMENT,B,2828,10.3,0.024,15.11,62.26,617,Y,6,0
CUST-16555,30,40199,MORTGAGE,11.7,VENTURE,B,3071,11.24,0.076,6.35,73.27,661,N,9,0
CUST-16556,58,210177,OTHER,2.4,VENTURE,A,13397,8.58,0.064,12.68,74.3,791,Y,35,0
CUST-16557,23,61145,MORTGAGE,3.7,VENTURE,B,6725,12.73,0.11,25.81,52.57,634,N,4,1
CUST-16558,44,88111,RENT,0.0,MEDICAL,F,11988,22.0,0.136,9.25,63.2,569,N,23,1
CUST-16559,31,54601,RENT,1.9,MEDICAL,B,3768,11.98,0.069,13.44,45.29,638,Y,10,0
CUST-16560,45,47587,RENT,10.1,PERSONAL,B,5606,8.31,0.118,12.05,69.41,623,N,27,0
CUST-16561,57,42147,RENT,2.0,HOMEIMPROVEMENT,C,12098,16.04,0.287,16.32,65.5,660,N,35,1
CUST-16562,65,43226,MORTGAGE,1.5,EDUCATION,B,5246,11.01,0.121,24.02,43.0,699,N,35,0
CUST-16563,31,70621,RENT,3.9,MEDICAL,B,12737,11.41,0.18,17.46,80.98,638,N,12,0
CUST-16564,62,61103,OWN,0.4,EDUCATION,A,8524,5.96,0.14,35.03,51.49,708,N,35,0
CUST-16565,56,48103,MORTGAGE,3.8,VENTURE,C,2772,11.88,0.058,21.57,97.62,661,N,35,0
CUST-16566,65,121262,RENT,1.8,DEBTCONSOLIDATION,C,2980,12.72,0.025,5.44,63.21,637,N,35,0
CUST-16567,43,15000,RENT,2.4,HOMEIMPROVEMENT,E,11546,19.52,0.77,28.07,66.15,592,N,22,1
CUST-16568,35,66564,RENT,7.8,VENTURE,A,12199,7.19,0.183,13.21,80.06,738,N,14,0
CUST-16569,32,75406,MORTGAGE,5.4,MEDICAL,A,5550,7.01,0.074,10.24,72.74,785,N,13,0
CUST-16570,44,97555,MORTGAGE,3.0,MEDICAL,D,6173,16.26,0.063,21.28,44.8,570,N,22,0
CUST-16571,23,47149,RENT,4.3,EDUCATION,C,7526,10.7,0.16,16.69,82.45,671,N,2,1
CUST-16572,30,55534,MORTGAGE,7.3,EDUCATION,E,11867,20.01,0.214,11.59,66.4,526,Y,8,0
CUST-16573,51,88571,MORTGAGE,6.8,EDUCATION,B,6348,10.3,0.072,7.3,59.95,711,N,30,0
CUST-16574,68,119934,MORTGAGE,1.0,DEBTCONSOLIDATION,B,4720,11.64,0.039,5.66,44.12,722,Y,35,0
CUST-16575,26,40932,MORTGAGE,1.8,MEDICAL,B,5243,9.93,0.128,33.02,31.25,663,N,5,0
CUST-16576,65,57537,RENT,2.1,MEDICAL,A,5659,,0.098,14.87,52.59,763,Y,35,0
CUST-16577,30,134207,RENT,1.0,DEBTCONSOLIDATION,B,12599,10.69,0.094,34.78,26.39,720,N,9,0
CUST-16578,47,15000,MORTGAGE,0.1,MEDICAL,A,3957,8.32,0.264,26.41,54.68,767,N,26,0
CUST-16579,60,32402,OWN,1.0,EDUCATION,B,4129,11.88,0.127,10.33,61.43,674,N,35,0
CUST-16580,42,118125,RENT,8.3,EDUCATION,D,5451,16.45,0.046,3.97,53.37,597,Y,24,1
CUST-16581,64,94421,RENT,3.9,EDUCATION,B,8362,11.01,0.089,5.13,51.34,760,N,35,0
CUST-16582,42,67068,RENT,2.1,VENTURE,A,15143,7.54,0.226,20.55,60.66,719,N,24,0
CUST-16583,69,37452,RENT,4.7,EDUCATION,F,13028,21.65,0.348,21.73,77.94,535,N,35,1
CUST-16584,47,28880,RENT,6.7,VENTURE,A,7759,5.19,0.269,22.29,43.84,743,N,28,0
CUST-16585,62,34381,RENT,2.2,HOMEIMPROVEMENT,B,16768,10.75,0.488,20.77,18.32,712,N,35,1
CUST-16586,66,124095,MORTGAGE,3.1,EDUCATION,D,7545,15.41,0.061,26.35,58.35,659,N,35,0
CUST-16587,45,33621,RENT,0.3,PERSONAL,A,14915,8.54,0.444,15.78,73.12,729,N,26,0
CUST-16588,44,52096,RENT,4.5,VENTURE,D,16833,15.46,0.323,15.5,93.75,623,N,26,1
CUST-16589,48,31187,RENT,2.2,EDUCATION,B,11213,9.82,0.36,33.67,81.62,725,N,26,0
CUST-16590,38,81280,MORTGAGE,2.8,MEDICAL,B,6379,9.51,0.078,14.77,57.83,688,N,19,0
CUST-16591,52,35481,MORTGAGE,2.7,VENTURE,D,2290,17.14,0.065,8.42,98.69,580,N,31,1
CUST-16592,55,46232,OWN,5.0,EDUCATION,C,21747,13.14,0.47,15.18,81.06,654,N,35,0
CUST-16593,33,17853,MORTGAGE,4.2,DEBTCONSOLIDATION,B,8971,11.18,0.502,13.96,43.91,701,N,12,0
CUST-16594,33,18619,RENT,,EDUCATION,B,6966,7.3,0.374,12.71,31.73,643,N,13,1
CUST-16595,54,49247,RENT,0.1,EDUCATION,A,11888,9.89,0.241,28.15,24.69,722,N,33,0
CUST-16596,49,22134,MORTGAGE,4.9,HOMEIMPROVEMENT,B,6221,9.29,0.281,27.88,94.34,725,N,27,0
CUST-16597,47,173347,MORTGAGE,10.6,PERSONAL,A,13087,8.42,0.075,11.15,23.69,734,N,28,0
CUST-16598,36,15000,MORTGAGE,7.3,PERSONAL,A,5605,8.1,0.374,13.43,21.95,766,N,18,0
CUST-16599,22,30330,MORTGAGE,4.0,DEBTCONSOLIDATION,A,18809,8.35,0.62,23.34,61.26,713,N,1,1
CUST-16600,35,49514,MORTGAGE,0.7,EDUCATION,A,17430,6.52,0.352,30.22,67.0,754,N,15,1
CUST-16601,65,39376,RENT,1.3,PERSONAL,A,8107,7.09,0.206,28.78,28.7,754,N,35,0
CUST-16602,49,25273,MORTGAGE,3.9,MEDICAL,A,5384,7.98,0.213,18.71,15.3,760,N,31,0
CUST-16603,48,27590,MORTGAGE,1.3,PERSONAL,C,17391,13.5,0.63,25.72,71.89,637,N,28,1
CUST-16604,64,27054,RENT,0.2,VENTURE,A,11173,6.41,0.413,42.47,41.14,756,N,35,1
CUST-16605,34,41273,MORTGAGE,2.6,MEDICAL,B,5251,11.19,0.127,21.29,62.57,766,N,15,1
CUST-16606,65,158127,MORTGAGE,1.7,VENTURE,B,6062,13.24,0.038,14.68,52.29,715,N,35,0
CUST-16607,44,51367,RENT,1.5,EDUCATION,D,3288,15.99,0.064,34.59,39.69,662,N,22,0
CUST-16608,57,99681,RENT,15.3,DEBTCONSOLIDATION,B,9604,11.09,0.096,17.06,61.44,694,N,35,0
CUST-16609,61,66448,RENT,1.4,EDUCATION,E,7160,19.77,0.108,12.82,86.02,479,Y,35,1
CUST-16610,66,95637,RENT,0.7,VENTURE,C,9631,13.06,0.101,8.84,36.11,676,N,35,0
CUST-16611,57,15000,RENT,0.7,DEBTCONSOLIDATION,A,2223,8.47,0.148,29.47,38.17,819,N,35,0
CUST-16612,42,40836,RENT,8.2,EDUCATION,B,5698,11.45,0.14,25.09,57.05,705,N,20,0
CUST-16613,44,107396,RENT,6.3,PERSONAL,C,4088,12.84,0.038,21.0,38.12,630,N,23,0
CUST-16614,61,34785,RENT,0.7,PERSONAL,B,10666,12.22,0.307,31.42,84.22,703,N,35,1
CUST-16615,26,141136,OWN,1.2,DEBTCONSOLIDATION,B,5399,10.51,0.038,12.22,81.05,741,N,5,0
CUST-16616,41,119411,RENT,6.9,VENTURE,C,18902,14.79,0.158,18.41,45.63,655,N,19,1
CUST-16617,36,36994,RENT,1.6,DEBTCONSOLIDATION,A,8255,7.91,0.223,11.05,55.13,726,N,17,0
CUST-16618,37,36246,RENT,19.0,VENTURE,D,13426,16.55,0.37,20.21,54.96,575,N,18,1
CUST-16619,68,26684,MORTGAGE,3.9,EDUCATION,B,4779,10.49,0.179,24.93,94.11,725,Y,35,0
CUST-16620,60,33598,RENT,1.1,PERSONAL,C,7796,14.31,0.232,9.49,80.73,760,N,35,0
CUST-16621,29,23398,RENT,9.8,DEBTCONSOLIDATION,F,5931,,0.253,29.3,77.6,489,N,8,1
CUST-16622,29,63404,RENT,1.9,MEDICAL,C,23031,,0.363,25.76,96.12,672,N,7,1
CUST-16623,26,20462,OTHER,1.7,EDUCATION,B,2979,12.07,0.146,6.19,16.85,724,N,5,0
CUST-16624,67,70420,MORTGAGE,2.0,MEDICAL,D,12174,17.11,0.173,11.89,68.09,571,N,35,1
CUST-16625,69,71456,RENT,7.3,PERSONAL,B,5323,8.4,0.074,9.1,72.5,728,N,35,0
CUST-16626,57,18092,RENT,1.0,EDUCATION,B,4582,8.84,0.253,20.19,26.29,771,N,35,0
CUST-16627,46,124230,RENT,2.4,VENTURE,D,8403,16.53,0.068,13.7,43.02,643,N,27,0
CUST-16628,52,66713,RENT,0.2,PERSONAL,A,6125,6.56,0.092,11.04,69.2,737,N,34,0
CUST-16629,20,76865,MORTGAGE,2.0,PERSONAL,B,11138,11.57,0.145,24.98,55.82,652,N,1,0
CUST-16630,63,31094,MORTGAGE,2.1,MEDICAL,B,4015,9.93,0.129,17.41,20.05,716,N,35,0
CUST-16631,53,71212,MORTGAGE,1.4,VENTURE,C,10545,14.16,0.148,5.89,44.88,645,N,34,1
CUST-16632,23,96358,RENT,4.3,PERSONAL,A,3111,9.83,0.032,10.01,89.66,773,N,2,0
CUST-16633,36,46204,MORTGAGE,6.1,PERSONAL,C,19841,13.53,0.429,12.73,63.22,640,N,15,0
CUST-16634,23,162942,RENT,5.0,DEBTCONSOLIDATION,B,10671,9.29,0.065,13.63,58.76,668,N,1,0
CUST-16635,62,50334,RENT,2.1,PERSONAL,A,2278,7.97,0.045,26.41,38.1,753,Y,35,1
CUST-16636,45,97194,MORTGAGE,8.4,PERSONAL,F,12754,22.34,0.131,36.92,71.02,571,N,27,0
CUST-16637,23,58442,RENT,3.1,EDUCATION,A,4023,7.8,0.069,20.64,16.32,778,N,4,0
CUST-16638,20,69655,MORTGAGE,0.5,EDUCATION,B,7299,12.14,0.105,8.61,76.29,690,Y,1,0
CUST-16639,26,17983,MORTGAGE,,MEDICAL,A,6231,6.08,0.346,23.6,64.68,709,N,8,0
CUST-16640,49,61244,RENT,4.0,HOMEIMPROVEMENT,C,12345,14.7,0.202,7.61,69.06,640,N,29,1
CUST-16641,69,31540,OWN,4.6,MEDICAL,C,8116,12.77,0.257,30.54,76.44,639,N,35,0
CUST-16642,28,29500,RENT,10.0,HOMEIMPROVEMENT,D,5835,18.16,0.198,38.75,56.0,608,N,9,1
CUST-16643,54,139589,RENT,4.1,DEBTCONSOLIDATION,B,5480,7.95,0.039,3.56,51.48,769,Y,33,0
CUST-16644,27,43119,MORTGAGE,0.0,PERSONAL,B,13520,13.18,0.314,22.36,56.4,689,Y,9,0
CUST-16645,43,26849,MORTGAGE,10.2,MEDICAL,C,12617,13.18,0.47,26.18,62.24,655,N,22,1
CUST-16646,38,39518,RENT,1.7,VENTURE,C,1000,12.05,0.025,18.54,28.4,677,N,16,1
CUST-16647,55,22465,MORTGAGE,3.5,EDUCATION,C,4571,14.59,0.203,12.44,83.75,668,N,34,0
CUST-16648,69,115882,OWN,1.1,VENTURE,C,27499,14.11,0.237,9.52,74.52,701,N,35,0
CUST-16649,62,32292,RENT,1.8,VENTURE,A,10213,8.04,0.316,24.27,65.99,731,N,35,0
CUST-16650,46,67344,OWN,5.8,MEDICAL,A,12184,8.62,0.181,22.32,29.78,727,N,25,0
CUST-16651,51,110598,MORTGAGE,2.8,PERSONAL,C,6614,13.54,0.06,28.8,57.28,637,N,33,1
CUST-16652,33,36312,OWN,4.9,PERSONAL,B,14674,10.15,0.404,21.5,26.08,667,N,13,1
CUST-16653,37,67454,RENT,8.7,EDUCATION,B,7946,9.11,0.118,14.03,42.28,702,N,18,0
CUST-16654,47,26421,MORTGAGE,2.1,PERSONAL,B,5769,10.36,0.218,23.89,62.91,705,N,25,0
CUST-16655,48,212662,RENT,4.2,HOMEIMPROVEMENT,B,8638,9.89,0.041,16.28,47.84,688,N,30,0
CUST-16656,35,85976,OWN,7.5,EDUCATION,B,10633,10.49,0.124,7.09,63.01,719,N,16,0
CUST-16657,54,43670,MORTGAGE,6.3,VENTURE,B,23475,10.64,0.538,39.58,51.77,720,N,35,0
CUST-16658,66,30831,RENT,3.9,EDUCATION,C,10591,15.58,0.344,25.58,67.19,624,N,35,1
CUST-16659,50,45779,RENT,2.4,HOMEIMPROVEMENT,A,4039,6.6,0.088,18.41,58.35,770,N,32,0
CUST-16660,23,39975,MORTGAGE,2.6,HOMEIMPROVEMENT,C,6080,13.33,0.152,10.97,47.25,610,Y,4,1
CUST-16661,56,158223,MORTGAGE,2.8,HOMEIMPROVEMENT,C,2799,12.98,0.018,10.59,74.82,618,N,35,0
CUST-16662,36,23498,RENT,2.1,MEDICAL,B,11192,8.82,0.476,12.45,62.18,750,N,16,0
CUST-16663,58,53150,RENT,6.0,PERSONAL,B,4574,13.99,0.086,13.32,53.1,692,N,35,0
CUST-16664,67,48484,MORTGAGE,0.7,EDUCATION,A,3256,6.38,0.067,10.01,57.31,743,N,35,0
CUST-16665,65,45686,RENT,17.1,MEDICAL,A,4781,7.94,0.105,6.19,91.45,808,N,35,0
CUST-16666,45,45927,RENT,7.5,DEBTCONSOLIDATION,A,7935,9.54,0.173,12.38,30.29,756,N,25,0
CUST-16667,67,45723,OWN,1.8,MEDICAL,A,4321,6.01,0.095,21.0,64.68,741,N,35,1
CUST-16668,58,82771,RENT,0.2,VENTURE,C,6498,14.55,0.079,27.87,62.68,619,N,35,1
CUST-16669,60,70642,RENT,6.2,HOMEIMPROVEMENT,E,27513,17.65,0.389,8.88,46.37,586,N,35,0
CUST-16670,23,63028,RENT,5.0,MEDICAL,A,9793,6.54,0.155,3.47,75.32,801,N,1,0
CUST-16671,49,15000,OWN,16.6,MEDICAL,A,3377,8.17,0.225,7.77,30.89,748,N,28,0
CUST-16672,49,58681,RENT,1.5,EDUCATION,D,15476,16.17,0.264,26.92,77.18,655,N,28,0
CUST-16673,41,18153,MORTGAGE,0.4,PERSONAL,C,11691,15.25,0.644,18.35,38.7,645,N,19,0
CUST-16674,30,72243,OWN,12.0,VENTURE,B,15201,10.65,0.21,19.84,37.24,674,N,10,0
CUST-16675,21,118740,RENT,1.5,HOMEIMPROVEMENT,G,6229,25.13,0.052,17.65,75.64,483,Y,1,1
CUST-16676,63,28120,MORTGAGE,6.4,EDUCATION,B,12613,9.67,0.449,16.03,42.05,674,N,35,0
CUST-16677,31,41895,RENT,0.3,MEDICAL,C,6349,12.25,0.152,25.51,82.93,698,N,12,0
CUST-16678,49,34213,MORTGAGE,7.1,EDUCATION,C,4782,12.11,0.14,16.7,35.87,690,N,30,0
CUST-16679,55,102873,RENT,0.7,MEDICAL,A,11520,6.38,0.112,19.66,88.27,764,N,35,0
CUST-16680,37,51897,MORTGAGE,5.9,EDUCATION,B,8820,9.67,0.17,12.57,33.05,617,Y,15,0
CUST-16681,45,138274,RENT,3.8,VENTURE,A,7369,8.89,0.053,22.41,33.98,802,N,27,0
CUST-16682,26,62834,RENT,8.0,MEDICAL,B,4368,10.98,0.07,16.38,100.0,687,N,5,0
CUST-16683,20,56696,OWN,0.2,MEDICAL,A,9929,5.97,0.175,8.34,50.84,728,N,1,0
CUST-16684,45,51068,RENT,1.7,PERSONAL,B,10578,10.01,0.207,26.93,44.81,688,N,26,0
CUST-16685,42,80081,MORTGAGE,0.4,VENTURE,B,9173,10.46,0.115,8.15,55.51,701,N,20,0
CUST-16686,45,17281,RENT,10.6,EDUCATION,A,4564,11.02,0.264,16.18,23.51,765,N,23,0
CUST-16687,64,51596,RENT,4.5,EDUCATION,A,2218,7.51,0.043,4.6,18.64,788,N,35,0
CUST-16688,25,47003,MORTGAGE,3.8,EDUCATION,C,6770,14.04,0.144,8.55,90.85,668,N,4,0
CUST-16689,25,75754,RENT,0.7,MEDICAL,B,4152,9.31,0.055,5.98,48.03,701,N,5,0
CUST-16690,63,43799,MORTGAGE,3.4,EDUCATION,D,31214,17.36,0.713,29.51,77.32,597,Y,35,1
CUST-16691,27,26285,MORTGAGE,2.5,HOMEIMPROVEMENT,D,5531,18.16,0.21,14.69,67.03,579,N,8,1
CUST-16692,43,49237,RENT,1.9,MEDICAL,A,12447,7.32,0.253,10.53,42.78,763,N,23,0
CUST-16693,41,25598,MORTGAGE,7.4,VENTURE,B,1960,11.24,0.077,7.14,70.9,719,N,20,0
CUST-16694,38,15441,RENT,0.3,VENTURE,C,11153,14.19,0.722,18.17,52.98,623,N,19,1
CUST-16695,56,75831,RENT,5.2,VENTURE,B,11624,10.58,0.153,7.39,100.0,663,N,35,0
CUST-16696,37,69385,MORTGAGE,8.7,MEDICAL,D,9799,18.05,0.141,7.15,51.09,637,N,18,0
CUST-16697,50,64877,RENT,11.9,HOMEIMPROVEMENT,B,12445,9.54,0.192,32.86,41.07,685,N,28,0
CUST-16698,56,107125,RENT,6.9,HOMEIMPROVEMENT,C,7515,12.45,0.07,15.39,84.14,609,N,35,0
CUST-16699,49,32891,MORTGAGE,1.7,EDUCATION,C,7355,13.51,0.224,22.38,42.39,617,Y,31,1
CUST-16700,61,20771,MORTGAGE,4.6,VENTURE,A,9957,7.05,0.479,20.08,73.12,768,N,35,0
CUST-16701,52,47003,MORTGAGE,0.8,PERSONAL,B,7766,7.01,0.165,12.19,29.21,755,N,34,0
CUST-16702,29,39795,MORTGAGE,0.6,PERSONAL,A,6305,6.62,0.158,17.0,21.93,786,Y,7,1
CUST-16703,56,29573,MORTGAGE,5.1,MEDICAL,A,3420,5.0,0.116,6.15,67.1,684,N,35,0
CUST-16704,31,46727,MORTGAGE,9.5,DEBTCONSOLIDATION,A,11891,7.12,0.254,8.33,46.5,747,Y,9,0
CUST-16705,49,33963,RENT,0.3,VENTURE,B,12882,11.36,0.379,34.08,15.6,729,N,31,0
CUST-16706,46,16291,OTHER,0.6,VENTURE,D,4873,16.56,0.299,31.52,32.66,558,N,26,0
CUST-16707,58,37620,RENT,4.2,PERSONAL,A,10516,7.66,0.28,26.3,82.71,807,N,35,1
CUST-16708,28,24789,MORTGAGE,1.2,MEDICAL,C,6762,13.31,0.273,11.97,35.41,587,Y,8,0
CUST-16709,40,56330,OWN,4.7,EDUCATION,A,8311,7.75,0.148,27.32,35.45,771,N,22,0
CUST-16710,31,33069,MORTGAGE,1.2,HOMEIMPROVEMENT,A,5110,10.89,0.155,27.11,21.89,738,N,10,0
CUST-16711,48,95509,OWN,0.6,PERSONAL,E,5264,19.08,0.055,16.69,37.19,578,N,30,0
CUST-16712,52,128324,RENT,3.9,MEDICAL,A,16117,7.48,0.126,21.96,77.59,753,Y,34,1
CUST-16713,62,73690,RENT,9.9,DEBTCONSOLIDATION,A,3640,6.46,0.049,8.3,54.38,719,N,35,0
CUST-16714,34,19329,MORTGAGE,5.8,HOMEIMPROVEMENT,A,16377,,0.847,21.34,37.29,769,N,14,0
CUST-16715,21,120948,RENT,3.0,HOMEIMPROVEMENT,A,9754,7.82,0.081,17.35,18.36,742,Y,2,0
CUST-16716,58,126175,MORTGAGE,1.5,EDUCATION,B,5052,11.86,0.04,24.53,85.74,720,N,35,0
CUST-16717,63,49576,RENT,10.9,DEBTCONSOLIDATION,A,15672,10.28,0.316,16.96,38.46,727,N,35,0
CUST-16718,37,108418,MORTGAGE,2.4,HOMEIMPROVEMENT,B,1662,10.27,0.015,12.89,100.0,691,N,19,0
CUST-16719,22,35206,MORTGAGE,4.0,HOMEIMPROVEMENT,B,10005,10.19,0.284,11.13,63.82,719,N,3,0
CUST-16720,26,15998,RENT,3.2,DEBTCONSOLIDATION,C,5821,14.62,0.364,34.92,83.03,625,N,7,0
CUST-16721,62,31064,MORTGAGE,1.6,DEBTCONSOLIDATION,D,2994,18.55,0.096,31.32,67.65,651,N,35,0
CUST-16722,37,138355,MORTGAGE,1.5,EDUCATION,A,6931,6.02,0.05,9.72,50.82,760,N,16,0
CUST-16723,63,20037,RENT,4.2,PERSONAL,B,11474,11.3,0.573,15.33,56.72,769,N,35,0
CUST-16724,57,49006,MORTGAGE,0.4,VENTURE,B,3335,12.69,0.068,16.14,59.9,694,N,35,0
CUST-16725,56,50035,MORTGAGE,13.3,MEDICAL,A,17472,7.2,0.349,13.82,18.82,760,N,35,0
CUST-16726,52,36033,RENT,1.6,EDUCATION,D,17148,15.11,0.476,19.06,89.82,602,N,33,1
CUST-16727,63,37567,MORTGAGE,2.0,VENTURE,C,23544,14.44,0.627,27.3,100.0,650,N,35,1
CUST-16728,50,51192,RENT,1.3,PERSONAL,A,4407,5.89,0.086,9.79,56.11,769,N,32,0
CUST-16729,30,34985,RENT,0.0,PERSONAL,A,12815,,0.366,11.81,44.01,807,N,10,0
CUST-16730,23,20884,RENT,5.0,EDUCATION,B,4735,12.89,0.227,13.37,44.23,750,N,3,0
CUST-16731,37,55771,MORTGAGE,4.5,PERSONAL,D,6990,15.9,0.125,6.48,77.28,637,N,15,1
CUST-16732,23,93341,OWN,5.0,VENTURE,C,19181,15.49,0.205,21.0,63.64,613,N,5,0
CUST-16733,68,82598,RENT,0.2,DEBTCONSOLIDATION,B,5096,11.26,0.062,31.52,100.0,687,N,35,0
CUST-16734,53,30156,RENT,13.2,VENTURE,A,14103,9.16,0.468,33.46,56.09,770,N,31,0
CUST-16735,48,23138,RENT,2.0,VENTURE,B,2683,9.72,0.116,8.81,62.13,672,N,27,0
CUST-16736,43,41335,MORTGAGE,12.2,PERSONAL,D,14166,17.25,0.343,11.96,98.63,609,Y,25,1
CUST-16737,41,125577,RENT,0.6,MEDICAL,B,13914,10.79,0.111,24.01,29.03,706,N,19,0
CUST-16738,21,72211,MORTGAGE,3.0,HOMEIMPROVEMENT,A,2719,6.56,0.038,14.85,43.22,814,N,1,0
CUST-16739,63,74785,RENT,4.3,VENTURE,A,5892,7.08,0.079,14.35,65.79,744,Y,35,0
CUST-16740,25,83609,MORTGAGE,2.2,EDUCATION,B,15187,11.19,0.182,18.22,47.77,645,N,5,0
CUST-16741,61,63098,MORTGAGE,0.4,HOMEIMPROVEMENT,A,7141,6.15,0.113,20.42,32.34,777,N,35,0
CUST-16742,44,52699,OWN,4.6,DEBTCONSOLIDATION,C,1738,12.06,0.033,13.03,29.45,687,N,23,0
CUST-16743,40,72939,RENT,0.1,EDUCATION,A,7160,5.97,0.098,8.65,67.55,830,N,21,0
CUST-16744,35,35323,MORTGAGE,3.5,EDUCATION,D,16796,15.57,0.475,20.57,76.87,595,Y,16,1
CUST-16745,50,20979,MORTGAGE,4.6,EDUCATION,B,4318,10.84,0.206,20.96,45.48,652,N,28,0
CUST-16746,33,75644,MORTGAGE,6.6,PERSONAL,B,4359,9.89,0.058,11.47,74.87,712,N,12,0
CUST-16747,58,103016,RENT,23.7,HOMEIMPROVEMENT,B,14768,12.03,0.143,16.82,71.22,718,N,35,1
CUST-16748,47,25060,OWN,1.5,DEBTCONSOLIDATION,A,6492,5.77,0.259,18.75,61.61,770,N,29,1
CUST-16749,51,80270,RENT,1.9,VENTURE,A,15385,8.12,0.192,15.16,49.51,736,N,32,0
CUST-16750,47,134384,RENT,2.1,VENTURE,F,18788,21.56,0.14,13.76,98.42,545,N,29,1
CUST-16751,68,48954,MORTGAGE,6.6,VENTURE,B,3627,10.37,0.074,8.04,71.96,704,N,35,0
CUST-16752,28,30007,MORTGAGE,10.0,EDUCATION,A,6953,8.32,0.232,25.96,37.73,730,N,7,0
CUST-16753,64,52775,MORTGAGE,18.3,VENTURE,B,9945,7.34,0.188,17.59,49.11,662,N,35,1
CUST-16754,41,35230,RENT,14.6,HOMEIMPROVEMENT,A,5995,5.0,0.17,5.04,73.2,739,N,19,0
CUST-16755,51,33859,RENT,10.6,HOMEIMPROVEMENT,A,12465,7.42,0.368,33.89,44.14,748,N,33,0
CUST-16756,24,63570,MORTGAGE,6.0,PERSONAL,A,8149,7.23,0.128,19.35,26.4,774,N,5,0
CUST-16757,42,18727,RENT,2.4,MEDICAL,A,3067,5.79,0.164,26.39,36.07,749,N,22,0
CUST-16758,24,20612,OWN,6.0,EDUCATION,C,3356,15.91,0.163,7.67,84.62,632,N,5,0
CUST-16759,61,49591,MORTGAGE,7.2,VENTURE,D,2117,15.11,0.043,12.31,46.76,629,N,35,0
CUST-16760,51,48369,RENT,0.9,MEDICAL,B,7297,9.86,0.151,25.07,38.22,697,N,30,0
CUST-16761,29,60242,RENT,0.2,EDUCATION,B,2252,11.88,0.037,17.35,96.97,676,N,8,0
CUST-16762,58,151015,OWN,1.2,VENTURE,A,8725,6.69,0.058,6.55,67.09,762,N,35,0
CUST-16763,34,52193,RENT,7.5,MEDICAL,A,3803,6.46,0.073,13.13,24.23,773,N,13,0
CUST-16764,26,70185,RENT,5.0,EDUCATION,B,12510,10.97,0.178,16.4,26.66,697,N,6,0
CUST-16765,48,27301,RENT,1.3,HOMEIMPROVEMENT,D,5993,15.61,0.22,15.96,97.95,668,N,26,0
CUST-16766,66,77711,RENT,6.8,PERSONAL,A,9010,7.97,0.116,13.69,69.88,793,N,35,0
CUST-16767,22,35744,MORTGAGE,0.8,PERSONAL,B,5855,11.12,0.164,13.13,49.87,718,N,1,0
CUST-16768,38,51167,MORTGAGE,8.6,PERSONAL,F,5751,22.46,0.112,21.33,98.94,517,N,17,1
CUST-16769,29,45921,OWN,7.9,PERSONAL,C,9348,14.91,0.204,10.52,77.85,586,Y,7,0
CUST-16770,47,91106,RENT,18.0,MEDICAL,A,1628,7.04,0.018,23.91,82.35,707,N,25,1
CUST-16771,48,22337,MORTGAGE,,VENTURE,A,9426,6.9,0.422,18.93,14.65,781,N,29,0
CUST-16772,34,15000,OWN,11.9,MEDICAL,E,18711,19.4,1.247,46.27,67.04,538,N,15,1
CUST-16773,54,43128,MORTGAGE,2.1,EDUCATION,A,16325,5.0,0.379,14.91,31.88,764,N,35,0
CUST-16774,25,64933,MORTGAGE,2.7,PERSONAL,B,7648,10.76,0.118,6.02,68.55,669,N,3,0
CUST-16775,31,53710,RENT,3.2,MEDICAL,B,10948,10.1,0.204,15.04,72.29,694,N,10,1
CUST-16776,66,102674,MORTGAGE,4.9,MEDICAL,B,13642,10.96,0.133,14.07,77.45,683,N,35,0
CUST-16777,57,63730,RENT,26.3,EDUCATION,A,7573,6.42,0.119,20.41,38.59,779,N,35,0
CUST-16778,32,34950,MORTGAGE,4.6,EDUCATION,C,6384,15.11,0.183,14.24,74.98,682,N,14,0
CUST-16779,48,15000,MORTGAGE,13.1,PERSONAL,A,9306,7.25,0.62,18.52,20.46,693,N,28,0
CUST-16780,38,42515,MORTGAGE,1.5,PERSONAL,B,4711,11.5,0.111,10.76,16.64,747,N,17,0
CUST-16781,22,90832,MORTGAGE,2.5,PERSONAL,B,10058,9.89,0.111,10.25,78.56,691,N,2,0
CUST-16782,27,38745,MORTGAGE,3.5,VENTURE,A,6073,8.06,0.157,9.85,74.34,788,N,5,0
CUST-16783,27,49860,RENT,1.9,EDUCATION,C,16818,11.63,0.337,18.54,57.36,696,N,5,0
CUST-16784,39,63121,RENT,18.8,PERSONAL,F,4614,19.36,0.073,4.81,63.84,510,N,20,0
CUST-16785,66,26657,MORTGAGE,6.5,MEDICAL,D,8264,16.25,0.31,24.81,55.89,667,N,35,1
CUST-16786,23,71249,RENT,3.3,MEDICAL,A,15944,7.48,0.224,13.37,86.05,687,N,3,0
CUST-16787,40,130911,RENT,7.0,MEDICAL,B,1229,10.38,0.009,19.13,100.0,664,N,18,0
CUST-16788,22,44192,RENT,3.2,PERSONAL,C,5834,13.15,0.132,14.24,95.16,635,N,2,1
CUST-16789,64,24898,RENT,0.1,VENTURE,B,20634,10.02,0.829,27.67,28.44,664,N,35,0
CUST-16790,27,47100,OTHER,3.9,VENTURE,C,29816,14.31,0.633,27.37,52.56,599,Y,9,1
CUST-16791,42,15000,RENT,4.9,EDUCATION,F,9029,24.14,0.602,38.01,100.0,566,N,23,1
CUST-16792,35,60002,MORTGAGE,17.0,EDUCATION,B,9816,13.6,0.164,26.98,54.05,684,N,15,0
CUST-16793,32,64303,MORTGAGE,0.2,PERSONAL,C,2989,14.81,0.046,17.89,97.05,653,N,12,0
CUST-16794,22,133971,RENT,3.6,VENTURE,A,15709,5.0,0.117,16.3,96.65,774,N,3,0
CUST-16795,67,43634,OWN,0.5,MEDICAL,D,15671,17.76,0.359,9.28,91.14,648,N,35,1
CUST-16796,28,62635,RENT,0.8,PERSONAL,C,2811,14.75,0.045,10.58,68.48,704,N,9,1
CUST-16797,33,29238,MORTGAGE,4.7,EDUCATION,B,10304,10.38,0.352,39.31,49.33,669,N,11,0
CUST-16798,32,39582,RENT,1.3,DEBTCONSOLIDATION,D,7223,17.61,0.182,19.27,28.4,664,N,11,0
CUST-16799,26,19631,RENT,6.9,MEDICAL,C,15469,13.93,0.788,18.3,81.6,656,N,5,1
CUST-16800,34,43613,RENT,3.6,EDUCATION,B,12515,10.48,0.287,20.98,50.64,706,N,14,1
CUST-16801,26,40815,RENT,1.2,VENTURE,E,5846,19.8,0.143,13.13,83.1,560,N,7,1
CUST-16802,57,58660,MORTGAGE,3.4,EDUCATION,A,4331,6.84,0.074,27.81,64.9,761,N,35,0
CUST-16803,53,33719,RENT,0.0,MEDICAL,G,6312,22.29,0.187,22.98,49.25,554,N,31,0
CUST-16804,60,51534,MORTGAGE,9.9,VENTURE,A,11310,5.25,0.219,14.17,40.05,773,N,35,0
CUST-16805,41,40133,RENT,0.1,HOMEIMPROVEMENT,B,11951,11.6,0.298,11.26,72.2,738,N,19,1
CUST-16806,43,40179,MORTGAGE,0.0,VENTURE,A,1686,6.27,0.042,2.0,44.12,720,N,22,0
CUST-16807,68,51442,MORTGAGE,4.7,EDUCATION,A,29501,5.66,0.573,37.85,54.75,735,N,35,1
CUST-16808,56,50227,MORTGAGE,18.2,VENTURE,C,4513,11.64,0.09,17.89,44.54,653,N,35,0
CUST-16809,63,77397,RENT,9.7,HOMEIMPROVEMENT,A,1000,6.93,0.013,25.36,56.74,768,N,35,0
CUST-16810,20,45597,MORTGAGE,1.5,MEDICAL,E,20248,21.32,0.444,27.12,89.25,582,Y,1,1
CUST-16811,29,39738,RENT,1.1,PERSONAL,A,12220,7.33,0.308,19.23,39.04,813,N,9,0
CUST-16812,62,43981,RENT,4.9,HOMEIMPROVEMENT,A,2685,5.78,0.061,14.14,71.33,727,N,35,1
CUST-16813,35,31926,MORTGAGE,8.6,PERSONAL,D,7359,18.28,0.231,7.26,95.43,626,N,13,1
CUST-16814,65,39499,OTHER,2.2,PERSONAL,C,5420,13.89,0.137,12.8,30.44,668,N,35,1
CUST-16815,27,165826,OWN,2.8,EDUCATION,C,12732,13.08,0.077,18.65,50.79,636,N,6,0
CUST-16816,68,28350,MORTGAGE,0.6,EDUCATION,A,8041,8.08,0.284,24.49,31.63,748,N,35,0
CUST-16817,44,41473,MORTGAGE,0.8,HOMEIMPROVEMENT,C,4117,13.51,0.099,29.69,63.21,627,N,23,1
CUST-16818,69,38851,OTHER,4.2,EDUCATION,B,7722,9.64,0.199,18.76,89.97,710,N,35,0
CUST-16819,31,42264,MORTGAGE,0.5,PERSONAL,G,6159,23.84,0.146,10.17,76.04,454,Y,11,1
CUST-16820,44,40185,RENT,1.1,VENTURE,C,12497,12.02,0.311,19.27,30.48,709,N,25,0
CUST-16821,36,57962,OWN,1.3,VENTURE,D,15612,15.94,0.269,5.83,67.97,601,N,15,0
CUST-16822,45,17569,RENT,2.9,HOMEIMPROVEMENT,C,7265,14.62,0.414,14.16,47.61,625,N,26,1
CUST-16823,65,91336,RENT,,EDUCATION,B,3571,11.58,0.039,16.75,74.71,639,N,35,0
CUST-16824,67,71650,MORTGAGE,3.5,PERSONAL,C,5814,13.29,0.081,20.36,74.14,638,Y,35,1
CUST-16825,33,23255,RENT,13.2,MEDICAL,B,13426,10.3,0.577,37.53,29.89,692,Y,11,1
CUST-16826,60,15000,RENT,0.1,PERSONAL,A,7809,6.26,0.521,18.16,33.04,761,N,35,0
CUST-16827,55,27275,RENT,5.0,PERSONAL,B,14482,10.98,0.531,18.4,42.24,693,N,35,0
CUST-16828,42,42378,MORTGAGE,9.0,HOMEIMPROVEMENT,B,3662,8.84,0.086,9.45,40.08,801,N,20,0
CUST-16829,62,230538,OTHER,1.9,EDUCATION,C,8444,14.5,0.037,4.85,100.0,606,N,35,1
CUST-16830,25,67911,RENT,0.7,MEDICAL,B,5100,11.0,0.075,15.9,46.13,721,N,3,0
CUST-16831,66,16571,RENT,0.2,VENTURE,B,5353,10.18,0.323,9.14,31.6,714,N,35,1
CUST-16832,24,32409,RENT,5.2,EDUCATION,D,9539,17.02,0.294,15.56,68.6,563,Y,2,0
CUST-16833,62,47480,MORTGAGE,4.0,PERSONAL,B,6905,10.09,0.145,16.21,44.7,689,N,35,0
CUST-16834,44,57080,MORTGAGE,1.3,EDUCATION,A,2670,7.73,0.047,22.37,38.23,832,N,26,0
CUST-16835,37,22273,MORTGAGE,8.9,PERSONAL,A,8121,7.76,0.365,43.42,45.43,732,N,17,0
CUST-16836,32,45206,RENT,6.6,DEBTCONSOLIDATION,A,14589,8.9,0.323,18.91,44.92,821,N,13,0
CUST-16837,62,31869,MORTGAGE,1.6,VENTURE,A,5026,8.09,0.158,8.84,39.85,746,N,35,0
CUST-16838,33,25279,MORTGAGE,7.0,MEDICAL,A,4022,8.76,0.159,29.58,35.7,751,N,12,0
CUST-16839,47,57282,RENT,1.4,PERSONAL,C,3981,13.97,0.069,16.66,63.62,637,N,28,0
CUST-16840,37,77989,RENT,5.6,PERSONAL,A,9190,7.43,0.118,10.46,75.04,715,N,18,0
CUST-16841,47,81196,RENT,0.6,HOMEIMPROVEMENT,A,4184,8.12,0.052,17.7,48.2,708,N,26,0
CUST-16842,46,69191,OTHER,5.9,DEBTCONSOLIDATION,F,10902,22.41,0.158,5.25,65.04,509,Y,28,1
CUST-16843,51,36372,MORTGAGE,1.4,PERSONAL,G,6193,24.07,0.17,4.93,93.55,526,Y,32,1
CUST-16844,66,75261,MORTGAGE,4.2,DEBTCONSOLIDATION,C,4071,11.81,0.054,5.41,35.79,669,N,35,0
CUST-16845,28,59008,OWN,0.9,EDUCATION,A,5651,6.87,0.096,23.76,55.36,737,N,8,0
CUST-16846,59,53122,MORTGAGE,6.5,EDUCATION,D,2655,15.86,0.05,11.72,36.76,676,N,35,0
CUST-16847,51,33961,OWN,0.3,PERSONAL,B,13307,11.17,0.392,17.62,85.69,670,N,31,0
CUST-16848,39,36383,RENT,0.9,HOMEIMPROVEMENT,A,9068,7.42,0.249,15.3,32.12,766,N,21,0
CUST-16849,47,51242,RENT,1.0,MEDICAL,B,10644,9.52,0.208,10.3,72.58,654,N,27,0
CUST-16850,52,211911,MORTGAGE,0.2,HOMEIMPROVEMENT,A,15316,7.3,0.072,6.6,32.07,761,N,30,0
CUST-16851,23,58732,MORTGAGE,5.0,EDUCATION,F,12125,21.62,0.206,13.79,97.2,548,Y,5,1
CUST-16852,65,33971,RENT,19.8,VENTURE,D,13099,15.4,0.386,33.29,92.65,603,N,35,0
CUST-16853,53,29749,RENT,7.5,PERSONAL,A,18261,9.26,0.614,16.33,85.23,752,N,33,1
CUST-16854,67,36495,RENT,9.9,PERSONAL,B,12163,10.28,0.333,17.09,62.39,683,N,35,0
CUST-16855,22,181022,RENT,0.0,PERSONAL,B,2923,9.55,0.016,30.03,39.19,733,N,4,0
CUST-16856,45,38578,RENT,0.6,HOMEIMPROVEMENT,D,11712,14.51,0.304,41.47,87.76,641,N,25,0
CUST-16857,27,84467,MORTGAGE,4.1,VENTURE,B,11103,10.6,0.131,32.46,45.05,715,N,5,0
CUST-16858,25,39122,MORTGAGE,7.0,PERSONAL,A,5229,8.12,0.134,9.15,43.82,775,N,5,0
CUST-16859,35,57337,MORTGAGE,5.4,EDUCATION,A,4402,6.72,0.077,12.26,87.87,769,N,16,0
CUST-16860,43,78829,MORTGAGE,2.3,VENTURE,A,6871,7.67,0.087,19.35,38.06,736,N,21,0
CUST-16861,67,34782,OWN,0.8,EDUCATION,E,9612,18.19,0.276,28.77,84.78,582,N,35,0
CUST-16862,58,33367,RENT,0.8,DEBTCONSOLIDATION,E,9666,19.22,0.29,10.47,78.24,596,N,35,0
CUST-16863,49,132630,RENT,2.3,DEBTCONSOLIDATION,B,13609,,0.103,26.48,67.62,693,N,29,0
CUST-16864,64,88499,RENT,6.3,MEDICAL,A,9089,7.22,0.103,29.61,51.92,770,N,35,0
CUST-16865,32,78779,OWN,0.2,VENTURE,B,9162,9.73,0.116,16.98,42.84,654,N,13,0
CUST-16866,24,78618,RENT,6.0,VENTURE,C,15107,15.11,0.192,24.86,25.58,609,N,2,1
CUST-16867,44,64585,MORTGAGE,14.2,EDUCATION,A,13532,7.74,0.21,9.74,37.91,753,N,26,0
CUST-16868,39,164499,RENT,11.0,EDUCATION,B,11359,9.9,0.069,14.48,83.77,689,N,18,0
CUST-16869,37,50329,OWN,12.2,PERSONAL,A,9449,,0.188,32.17,49.55,789,N,16,0
CUST-16870,66,69310,RENT,0.1,DEBTCONSOLIDATION,B,7952,9.12,0.115,28.05,39.57,694,N,35,0
CUST-16871,37,20526,MORTGAGE,19.0,VENTURE,C,5478,14.01,0.267,23.37,24.5,690,N,18,0
CUST-16872,21,29882,RENT,2.3,PERSONAL,B,4155,11.42,0.139,12.79,67.62,699,N,1,0
CUST-16873,29,23849,RENT,10.2,MEDICAL,B,8711,,0.365,11.29,62.75,712,N,7,0
CUST-16874,64,105286,MORTGAGE,1.0,EDUCATION,C,3056,13.26,0.029,7.44,48.67,635,N,35,0
CUST-16875,69,15000,OTHER,3.0,HOMEIMPROVEMENT,C,1959,14.21,0.131,15.15,95.83,646,Y,35,1
CUST-16876,66,38507,MORTGAGE,0.2,EDUCATION,A,9660,,0.251,24.3,79.32,724,N,35,0
CUST-16877,31,15000,OWN,0.2,VENTURE,B,6046,10.59,0.403,30.63,46.95,663,N,11,1
CUST-16878,66,29769,MORTGAGE,14.3,PERSONAL,D,3892,16.52,0.131,18.78,100.0,643,N,35,0
CUST-16879,32,36513,MORTGAGE,8.3,MEDICAL,B,14491,11.0,0.397,23.44,63.82,738,N,10,1
CUST-16880,69,112524,RENT,3.8,EDUCATION,C,8706,14.07,0.077,30.64,100.0,683,N,35,0
CUST-16881,66,62191,RENT,3.7,PERSONAL,B,17628,10.01,0.283,11.96,74.94,739,N,35,0
CUST-16882,30,29736,RENT,6.9,VENTURE,A,9636,9.73,0.324,22.71,44.04,758,N,8,0
CUST-16883,38,92927,OWN,2.1,VENTURE,A,3011,6.2,0.032,22.73,56.09,735,N,18,0
CUST-16884,54,49548,OWN,7.2,DEBTCONSOLIDATION,B,2695,9.93,0.054,18.34,52.68,676,N,32,0
CUST-16885,58,50138,MORTGAGE,3.3,VENTURE,B,5807,11.53,0.116,20.11,35.11,639,N,35,0
CUST-16886,45,23822,RENT,5.1,MEDICAL,D,4528,15.74,0.19,17.58,79.65,629,N,26,1
CUST-16887,65,27064,RENT,16.7,DEBTCONSOLIDATION,B,9126,10.63,0.337,11.78,31.72,704,N,35,0
CUST-16888,33,29879,OTHER,3.2,HOMEIMPROVEMENT,C,11943,12.86,0.4,11.25,36.85,663,N,14,0
CUST-16889,64,50406,RENT,2.7,MEDICAL,C,10501,13.03,0.208,22.94,26.04,671,N,35,1
CUST-16890,63,51365,MORTGAGE,11.8,MEDICAL,B,10269,8.95,0.2,15.07,62.78,749,N,35,0
CUST-16891,43,123804,RENT,11.6,DEBTCONSOLIDATION,C,18490,14.41,0.149,13.8,42.23,639,N,24,0
CUST-16892,60,61761,RENT,24.4,VENTURE,C,1788,14.44,0.029,21.7,67.96,667,N,35,0
CUST-16893,20,15000,MORTGAGE,2.0,VENTURE,B,17055,11.44,1.137,39.51,75.35,683,N,2,1
CUST-16894,62,57387,RENT,2.1,PERSONAL,A,8328,6.98,0.145,26.52,33.04,690,N,35,0
CUST-16895,41,20537,RENT,1.4,VENTURE,F,9431,22.4,0.459,34.89,71.76,524,Y,20,1
CUST-16896,42,27458,OWN,0.2,EDUCATION,C,8588,15.89,0.313,25.72,51.08,701,N,23,0
CUST-16897,38,30112,MORTGAGE,6.5,PERSONAL,C,9075,13.85,0.301,13.14,60.92,644,N,19,0
CUST-16898,37,32925,MORTGAGE,1.3,HOMEIMPROVEMENT,C,19088,12.11,0.58,21.41,90.7,619,N,18,1
CUST-16899,31,21480,MORTGAGE,4.7,VENTURE,B,15739,9.48,0.733,27.23,52.73,713,N,13,0
CUST-16900,47,55386,RENT,12.4,EDUCATION,B,18715,9.42,0.338,15.18,48.1,731,N,25,0
CUST-16901,47,21026,RENT,15.0,MEDICAL,F,12247,23.59,0.582,40.58,91.75,548,Y,29,1
CUST-16902,52,60718,MORTGAGE,0.0,PERSONAL,C,3682,13.97,0.061,2.54,84.74,697,N,32,1
CUST-16903,38,187621,RENT,1.9,PERSONAL,D,8009,14.61,0.043,3.8,54.2,577,Y,17,1
CUST-16904,47,22079,RENT,9.1,EDUCATION,B,11586,12.06,0.525,41.94,78.7,749,N,28,1
CUST-16905,68,41327,MORTGAGE,3.8,PERSONAL,D,7103,17.18,0.172,15.75,97.53,538,N,35,0
CUST-16906,56,15000,RENT,8.2,MEDICAL,C,28717,13.71,1.914,47.63,86.23,579,Y,35,1
CUST-16907,45,40922,MORTGAGE,9.6,HOMEIMPROVEMENT,C,11405,15.32,0.279,25.48,85.9,599,N,26,1
CUST-16908,54,72087,RENT,2.9,PERSONAL,A,6149,7.23,0.085,2.74,40.0,767,N,33,0
CUST-16909,53,75537,RENT,2.2,PERSONAL,B,12867,12.13,0.17,14.72,47.4,647,N,31,1
CUST-16910,54,51349,RENT,3.0,DEBTCONSOLIDATION,B,4690,7.85,0.091,12.67,71.0,678,N,34,0
CUST-16911,59,83579,MORTGAGE,5.3,VENTURE,C,9687,12.62,0.116,14.04,84.18,635,N,35,1
CUST-16912,35,225851,RENT,2.3,PERSONAL,B,11135,11.45,0.049,37.33,50.33,726,N,16,1
CUST-16913,57,136951,MORTGAGE,,PERSONAL,A,18680,9.51,0.136,43.81,39.58,795,N,35,0
CUST-16914,32,35828,MORTGAGE,11.7,VENTURE,B,18083,9.04,0.505,19.84,45.68,732,N,13,0
CUST-16915,42,20523,RENT,1.7,EDUCATION,B,11677,10.0,0.569,31.18,65.73,650,N,21,1
CUST-16916,41,38419,MORTGAGE,16.8,VENTURE,C,2849,13.7,0.074,18.1,70.67,656,N,22,0
CUST-16917,35,27772,OWN,4.9,EDUCATION,B,7442,9.37,0.268,21.75,74.44,687,N,16,0
CUST-16918,47,64267,MORTGAGE,10.5,DEBTCONSOLIDATION,B,7044,10.18,0.11,10.81,46.25,694,N,25,0
CUST-16919,67,24131,RENT,0.5,VENTURE,C,5456,15.4,0.226,8.46,66.21,648,N,35,1
CUST-16920,54,46925,MORTGAGE,1.4,PERSONAL,C,5651,12.26,0.12,10.24,47.41,634,N,35,0
CUST-16921,64,81048,MORTGAGE,1.9,EDUCATION,G,13175,24.21,0.163,14.35,47.39,475,Y,35,1
CUST-16922,65,46146,RENT,1.8,MEDICAL,B,15455,10.83,0.335,8.78,67.09,684,N,35,1
CUST-16923,27,27783,RENT,0.9,PERSONAL,C,10364,14.06,0.373,42.7,52.82,626,N,5,1
CUST-16924,63,99199,RENT,10.1,PERSONAL,A,8669,6.46,0.087,10.18,49.38,786,Y,35,0
CUST-16925,41,15876,RENT,2.7,PERSONAL,D,21079,16.29,1.328,57.77,65.38,608,Y,19,1
CUST-16926,40,40268,RENT,16.5,MEDICAL,C,9723,13.15,0.241,22.91,43.13,685,N,18,0
CUST-16927,45,47810,RENT,,VENTURE,C,3358,,0.07,9.2,42.28,688,N,26,0
CUST-16928,59,49490,RENT,0.7,PERSONAL,A,6972,6.09,0.141,15.92,32.83,798,N,35,0
CUST-16929,40,54627,OWN,3.9,VENTURE,F,9240,23.53,0.169,16.08,54.06,486,Y,21,1
CUST-16930,44,70704,MORTGAGE,25.2,VENTURE,E,3200,19.81,0.045,12.69,69.1,579,N,23,0
CUST-16931,60,47990,MORTGAGE,4.2,DEBTCONSOLIDATION,B,9242,11.78,0.193,22.41,60.07,657,N,35,0
CUST-16932,20,39307,MORTGAGE,0.0,HOMEIMPROVEMENT,B,3179,9.81,0.081,7.2,33.57,764,N,1,0
CUST-16933,25,38385,RENT,7.0,DEBTCONSOLIDATION,D,9482,15.04,0.247,32.54,71.39,631,N,4,1
CUST-16934,42,33965,RENT,1.3,DEBTCONSOLIDATION,B,7181,9.35,0.211,16.53,28.95,684,Y,22,1
CUST-16935,42,78631,MORTGAGE,5.8,MEDICAL,B,12253,11.34,0.156,14.64,95.31,689,N,22,1
CUST-16936,62,33259,RENT,3.6,MEDICAL,B,7272,9.97,0.219,8.69,40.75,729,N,35,0
CUST-16937,62,81475,RENT,2.0,EDUCATION,C,11917,11.56,0.146,22.78,81.14,637,N,35,0
CUST-16938,42,49582,RENT,1.7,MEDICAL,B,7469,10.72,0.151,22.79,31.68,652,N,24,1
CUST-16939,51,35855,RENT,13.2,PERSONAL,B,3788,10.12,0.106,13.06,50.65,716,N,31,0
CUST-16940,49,71043,RENT,12.1,VENTURE,B,11608,10.15,0.163,7.68,45.26,743,N,28,0
CUST-16941,32,31682,RENT,3.6,PERSONAL,D,8353,14.45,0.264,13.42,91.05,607,N,11,0
CUST-16942,62,71891,RENT,1.5,EDUCATION,D,1493,14.69,0.021,15.09,60.47,636,Y,35,0
CUST-16943,37,55694,MORTGAGE,0.5,EDUCATION,C,4393,12.84,0.079,9.11,33.01,629,N,18,0
CUST-16944,42,34276,RENT,0.9,DEBTCONSOLIDATION,B,16070,9.39,0.469,23.22,42.83,704,N,22,0
CUST-16945,34,67317,MORTGAGE,3.7,PERSONAL,C,24308,12.82,0.361,19.66,78.77,653,N,12,1
CUST-16946,52,68046,MORTGAGE,1.8,HOMEIMPROVEMENT,B,6169,11.5,0.091,25.83,42.45,688,N,32,0
CUST-16947,40,98175,MORTGAGE,0.2,PERSONAL,C,8263,12.22,0.084,17.83,58.49,617,Y,22,0
CUST-16948,58,87525,RENT,3.0,VENTURE,B,8676,9.41,0.099,13.28,85.71,674,N,35,0
CUST-16949,42,65825,MORTGAGE,6.9,EDUCATION,B,6836,9.87,0.104,20.64,51.09,676,N,24,0
CUST-16950,46,24920,RENT,11.1,EDUCATION,B,3053,9.34,0.123,11.9,93.36,684,N,28,0
CUST-16951,64,213022,RENT,4.4,DEBTCONSOLIDATION,D,4480,16.24,0.021,10.54,72.07,605,Y,35,1
CUST-16952,63,21116,MORTGAGE,6.4,EDUCATION,E,3250,20.73,0.154,30.24,56.21,575,N,35,1
CUST-16953,37,86643,RENT,2.3,EDUCATION,A,3980,7.16,0.046,10.61,85.83,755,N,15,1
CUST-16954,43,63498,RENT,3.4,MEDICAL,B,3585,10.81,0.056,18.99,45.66,696,N,24,1
CUST-16955,66,24234,RENT,6.5,VENTURE,B,7746,7.71,0.32,10.06,29.9,701,N,35,0
CUST-16956,59,45497,RENT,6.5,DEBTCONSOLIDATION,B,3753,10.6,0.082,11.88,69.73,670,N,35,0
CUST-16957,61,46758,RENT,2.8,VENTURE,F,13808,23.77,0.295,39.49,69.88,537,N,35,1
CUST-16958,26,107296,OWN,3.9,MEDICAL,B,7138,10.62,0.067,12.4,73.9,645,N,7,0
CUST-16959,69,31952,RENT,12.9,EDUCATION,D,4869,16.65,0.152,21.1,52.48,575,Y,35,0
CUST-16960,67,41891,RENT,5.0,MEDICAL,C,4971,13.84,0.119,23.83,48.34,614,Y,35,1
CUST-16961,39,15000,MORTGAGE,5.1,VENTURE,A,2824,9.38,0.188,25.93,54.99,730,N,21,0
CUST-16962,46,138809,MORTGAGE,7.7,EDUCATION,C,4757,15.12,0.034,4.4,44.3,660,N,26,0
CUST-16963,25,25789,OWN,0.6,VENTURE,C,15728,12.27,0.61,31.07,81.92,656,N,4,1
CUST-16964,46,59643,MORTGAGE,3.7,EDUCATION,C,16067,14.94,0.269,13.07,42.11,660,N,25,0
CUST-16965,28,46127,MORTGAGE,10.0,MEDICAL,A,3019,9.15,0.065,28.15,79.38,778,N,6,0
CUST-16966,64,46221,OWN,2.2,EDUCATION,A,8349,5.45,0.181,39.89,20.2,756,N,35,0
CUST-16967,50,79691,RENT,1.7,EDUCATION,C,11358,13.53,0.143,24.17,46.4,615,N,28,1
CUST-16968,40,133620,MORTGAGE,4.6,VENTURE,B,9622,11.13,0.072,9.25,73.57,701,N,19,0
CUST-16969,45,57005,OWN,1.2,PERSONAL,E,8180,16.14,0.143,24.26,80.9,537,Y,24,0
CUST-16970,59,72623,MORTGAGE,4.1,PERSONAL,B,3328,9.68,0.046,22.18,72.38,688,N,35,1
CUST-16971,67,59714,OWN,0.8,PERSONAL,A,12408,6.64,0.208,17.0,57.57,764,N,35,0
CUST-16972,64,90266,RENT,4.3,PERSONAL,C,6543,12.73,0.072,35.25,27.67,644,N,35,0
CUST-16973,32,37132,RENT,4.6,PERSONAL,B,8111,11.75,0.218,16.16,77.32,722,N,11,0
CUST-16974,68,93454,OWN,2.7,HOMEIMPROVEMENT,B,14170,10.43,0.152,9.61,27.36,700,N,35,0
CUST-16975,42,95444,RENT,2.4,MEDICAL,A,7679,8.01,0.08,5.99,37.92,697,N,23,0
CUST-16976,39,93856,MORTGAGE,1.4,MEDICAL,A,17531,7.61,0.187,14.01,40.89,736,N,21,0
CUST-16977,56,32988,RENT,2.0,VENTURE,A,3889,10.46,0.118,4.79,47.68,772,N,35,0
CUST-16978,47,44311,MORTGAGE,3.4,VENTURE,B,17781,11.7,0.401,19.08,40.56,716,N,29,0
CUST-16979,36,56595,OWN,1.4,PERSONAL,C,5310,13.48,0.094,6.22,92.15,612,N,14,1
CUST-16980,47,21536,RENT,7.6,HOMEIMPROVEMENT,A,8607,7.18,0.4,23.33,65.98,734,Y,25,0
CUST-16981,60,127637,RENT,6.2,DEBTCONSOLIDATION,C,20016,12.66,0.157,25.48,54.19,657,N,35,0
CUST-16982,21,48661,RENT,1.6,PERSONAL,D,6307,15.33,0.13,23.64,71.15,592,Y,2,1
CUST-16983,44,58125,OWN,0.5,VENTURE,C,5202,12.06,0.089,18.67,52.2,638,Y,25,0
CUST-16984,69,34675,MORTGAGE,0.0,PERSONAL,C,6166,14.68,0.178,21.87,41.97,659,N,35,0
CUST-16985,60,22111,RENT,4.5,PERSONAL,A,6310,6.43,0.285,15.22,65.53,814,N,35,0
CUST-16986,25,34118,RENT,1.2,EDUCATION,A,11117,8.27,0.326,15.22,50.59,761,N,4,0
CUST-16987,30,55911,MORTGAGE,0.1,HOMEIMPROVEMENT,B,9196,9.9,0.164,11.32,51.19,724,N,10,0
CUST-16988,57,73427,MORTGAGE,2.2,VENTURE,C,22883,12.6,0.312,12.19,44.83,619,Y,35,1
CUST-16989,25,54018,RENT,7.0,MEDICAL,C,3259,13.1,0.06,18.97,84.55,606,N,6,1
CUST-16990,64,60357,RENT,5.9,MEDICAL,E,1000,21.65,0.017,14.81,61.93,539,Y,35,1
CUST-16991,30,40046,MORTGAGE,9.8,MEDICAL,C,10372,17.15,0.259,21.36,41.71,644,N,9,0
CUST-16992,33,66022,MORTGAGE,0.8,EDUCATION,B,1692,10.06,0.026,9.12,37.33,708,N,14,0
CUST-16993,21,119336,OWN,0.4,HOMEIMPROVEMENT,C,12238,12.95,0.103,7.52,62.45,667,N,1,0
CUST-16994,59,74822,MORTGAGE,0.1,MEDICAL,A,4102,8.65,0.055,3.81,48.58,781,N,35,0
CUST-16995,22,79676,MORTGAGE,4.0,MEDICAL,D,2423,16.68,0.03,3.5,90.54,654,Y,3,0
CUST-16996,54,58478,MORTGAGE,1.8,MEDICAL,B,3091,9.72,0.053,16.37,66.8,627,N,33,0
CUST-16997,52,19892,OWN,3.1,DEBTCONSOLIDATION,A,26239,8.09,1.319,35.79,30.66,716,Y,32,1
CUST-16998,43,26191,RENT,2.5,VENTURE,A,5668,8.42,0.216,22.33,36.33,808,N,24,0
CUST-16999,38,64403,RENT,6.6,PERSONAL,F,8256,21.71,0.128,4.67,42.75,542,N,19,0
CUST-17000,37,48700,RENT,1.9,MEDICAL,C,18283,13.25,0.375,14.77,32.72,646,N,18,1
CUST-17001,68,63825,MORTGAGE,3.8,EDUCATION,A,11799,9.56,0.185,36.41,50.33,672,N,35,0
CUST-17002,43,134034,MORTGAGE,25.0,DEBTCONSOLIDATION,A,14306,6.51,0.107,19.14,52.82,705,N,21,0
CUST-17003,64,75782,RENT,2.9,EDUCATION,B,10651,9.85,0.141,15.22,23.11,731,N,35,0
CUST-17004,54,104331,MORTGAGE,4.0,PERSONAL,A,4782,6.94,0.046,4.66,62.46,734,N,34,0
CUST-17005,20,51886,RENT,2.0,EDUCATION,A,31335,9.54,0.604,16.22,33.95,769,N,1,0
CUST-17006,55,30202,RENT,8.1,EDUCATION,C,11822,11.13,0.391,13.16,41.91,636,N,35,0
CUST-17007,44,47348,RENT,1.6,MEDICAL,C,9510,14.49,0.201,28.58,47.98,726,N,22,0
CUST-17008,64,30246,MORTGAGE,0.9,EDUCATION,F,4540,21.96,0.15,14.77,76.34,528,N,35,1
CUST-17009,68,124863,MORTGAGE,7.0,PERSONAL,A,12860,9.68,0.103,22.17,78.74,698,N,35,0
CUST-17010,62,78765,MORTGAGE,,PERSONAL,D,6598,16.93,0.084,28.7,66.1,630,N,35,1
CUST-17011,53,66990,OWN,12.3,EDUCATION,B,10517,7.92,0.157,10.14,59.46,703,N,34,0
CUST-17012,44,102905,RENT,5.2,EDUCATION,B,8184,12.43,0.08,14.73,22.53,678,N,25,0
CUST-17013,35,15000,MORTGAGE,4.2,HOMEIMPROVEMENT,A,6676,7.22,0.445,42.26,43.94,757,N,16,0
CUST-17014,53,69764,RENT,0.4,EDUCATION,F,1840,19.55,0.026,7.3,81.62,567,N,32,1
CUST-17015,48,22328,RENT,6.6,PERSONAL,F,9610,21.51,0.43,13.42,39.24,522,N,30,0
CUST-17016,38,48807,RENT,5.8,HOMEIMPROVEMENT,D,5180,16.54,0.106,15.91,65.65,577,N,19,1
CUST-17017,42,40658,RENT,5.1,HOMEIMPROVEMENT,A,8955,,0.22,9.42,57.03,757,N,22,0
CUST-17018,38,72914,RENT,1.6,MEDICAL,D,7973,14.66,0.109,2.94,85.8,588,Y,19,1
CUST-17019,44,56213,RENT,14.7,EDUCATION,C,3063,13.86,0.054,25.08,65.12,661,N,22,0
CUST-17020,35,109871,MORTGAGE,1.9,HOMEIMPROVEMENT,A,10305,6.01,0.094,12.33,30.67,794,N,16,0
CUST-17021,28,34161,RENT,0.8,PERSONAL,A,5267,6.27,0.154,16.92,36.79,710,N,9,0
CUST-17022,20,75016,MORTGAGE,2.0,DEBTCONSOLIDATION,C,8247,15.13,0.11,16.56,41.2,585,Y,2,1
CUST-17023,61,54032,RENT,6.9,HOMEIMPROVEMENT,D,3530,16.1,0.065,34.92,74.49,690,N,35,0
CUST-17024,38,18376,RENT,2.7,MEDICAL,D,7135,15.04,0.388,14.36,84.67,615,Y,16,1
CUST-17025,52,28249,RENT,13.7,EDUCATION,B,15982,9.43,0.566,22.52,28.85,656,N,32,0
CUST-17026,53,44804,RENT,0.5,PERSONAL,B,10544,10.96,0.235,20.84,53.27,665,N,33,1
CUST-17027,35,95547,RENT,0.5,DEBTCONSOLIDATION,C,4283,14.01,0.045,3.12,90.3,633,Y,14,0
CUST-17028,63,64746,MORTGAGE,5.7,VENTURE,C,4569,,0.071,6.66,43.9,661,N,35,0
CUST-17029,59,24330,MORTGAGE,1.0,EDUCATION,A,9411,8.47,0.387,22.54,27.43,665,N,35,0
CUST-17030,37,45062,RENT,12.5,PERSONAL,C,21667,13.9,0.481,19.67,82.19,674,N,18,1
CUST-17031,53,164502,RENT,,VENTURE,B,7982,11.23,0.049,23.14,68.36,676,N,33,0
CUST-17032,44,52403,MORTGAGE,1.8,DEBTCONSOLIDATION,B,2235,9.93,0.043,26.06,68.94,752,N,23,0
CUST-17033,64,40279,RENT,11.0,VENTURE,A,10440,6.16,0.259,15.46,21.31,764,N,35,0
CUST-17034,25,65844,RENT,0.2,PERSONAL,B,8824,12.13,0.134,14.51,88.42,731,N,6,1
CUST-17035,40,77500,MORTGAGE,4.0,EDUCATION,A,2590,8.56,0.033,7.2,21.69,742,N,19,0
CUST-17036,25,37283,MORTGAGE,7.0,PERSONAL,E,7270,19.16,0.195,12.07,100.0,579,Y,7,1
CUST-17037,51,66273,MORTGAGE,9.7,DEBTCONSOLIDATION,C,7317,12.7,0.11,7.5,66.35,698,N,29,0
CUST-17038,60,40241,MORTGAGE,2.2,EDUCATION,G,13034,27.24,0.324,8.16,61.84,470,Y,35,1
CUST-17039,67,75478,RENT,1.0,VENTURE,A,6885,6.41,0.091,4.38,23.15,765,N,35,0
CUST-17040,62,54274,RENT,1.2,PERSONAL,C,25065,13.77,0.462,19.7,54.56,669,N,35,0
CUST-17041,58,65459,RENT,3.6,PERSONAL,F,7092,21.2,0.108,8.05,37.14,578,Y,35,0
CUST-17042,50,31085,MORTGAGE,4.5,VENTURE,A,11329,7.01,0.364,12.97,79.12,728,N,31,0
CUST-17043,61,29948,MORTGAGE,0.2,HOMEIMPROVEMENT,A,17933,6.6,0.599,31.97,56.42,720,N,35,1
CUST-17044,29,86448,RENT,2.7,EDUCATION,C,8094,10.9,0.094,3.37,50.18,692,N,8,0
CUST-17045,49,46740,RENT,8.9,EDUCATION,B,4793,10.97,0.103,4.05,35.02,692,N,27,0
CUST-17046,37,58163,RENT,2.9,VENTURE,A,9807,8.29,0.169,4.31,69.8,719,N,16,0
CUST-17047,43,40788,RENT,0.9,HOMEIMPROVEMENT,G,6114,,0.15,8.33,76.97,483,Y,24,1
CUST-17048,28,84055,RENT,10.0,VENTURE,C,6044,16.63,0.072,11.44,68.46,602,Y,7,1
CUST-17049,50,34040,MORTGAGE,1.5,PERSONAL,B,13765,10.84,0.404,30.68,40.92,699,Y,28,0
CUST-17050,34,45190,OWN,8.0,MEDICAL,A,4057,7.7,0.09,19.18,92.57,649,N,15,0
CUST-17051,23,78558,RENT,1.1,HOMEIMPROVEMENT,A,14189,7.96,0.181,26.12,23.88,759,N,1,0
CUST-17052,59,99089,RENT,2.8,HOMEIMPROVEMENT,A,5029,6.79,0.051,9.63,60.12,696,N,35,0
CUST-17053,28,35801,RENT,3.4,MEDICAL,B,11482,9.33,0.321,37.81,24.8,744,N,6,0
CUST-17054,64,158865,RENT,3.5,DEBTCONSOLIDATION,B,24054,9.59,0.151,25.34,61.68,675,N,35,1
CUST-17055,28,59156,RENT,3.6,PERSONAL,A,4881,6.85,0.083,26.45,31.05,721,N,10,0
CUST-17056,45,26219,MORTGAGE,1.3,MEDICAL,E,6591,20.17,0.251,23.47,82.15,571,N,26,1
CUST-17057,23,61171,RENT,3.6,HOMEIMPROVEMENT,B,4668,10.05,0.076,20.99,52.05,714,N,3,1
CUST-17058,36,38956,OTHER,3.3,PERSONAL,A,10900,8.24,0.28,20.9,35.8,751,N,18,0
CUST-17059,35,63604,MORTGAGE,1.2,DEBTCONSOLIDATION,C,10525,11.99,0.165,13.38,77.22,593,N,17,0
CUST-17060,34,47776,MORTGAGE,16.0,EDUCATION,A,12117,6.73,0.254,37.59,73.64,754,N,16,0
CUST-17061,54,51254,RENT,10.0,EDUCATION,C,6253,12.65,0.122,22.78,61.54,647,N,35,0
CUST-17062,24,28368,MORTGAGE,6.0,EDUCATION,C,3687,8.92,0.13,35.15,28.43,646,N,5,0
CUST-17063,24,88790,RENT,5.8,EDUCATION,F,12959,21.45,0.146,12.12,41.84,550,Y,6,1
CUST-17064,39,24497,RENT,0.9,MEDICAL,B,5935,9.25,0.242,16.73,43.03,673,N,17,0
CUST-17065,34,25203,RENT,4.2,MEDICAL,A,9609,8.05,0.381,29.59,88.18,710,N,12,1
CUST-17066,37,61109,OWN,8.6,PERSONAL,A,5156,8.38,0.084,15.07,27.03,772,N,19,0
CUST-17067,66,128246,RENT,0.2,HOMEIMPROVEMENT,A,13184,5.82,0.103,18.22,75.12,682,N,35,1
CUST-17068,21,39673,RENT,3.0,PERSONAL,D,7360,16.21,0.186,9.03,51.47,620,N,3,0
CUST-17069,48,74651,RENT,2.5,HOMEIMPROVEMENT,C,5244,11.96,0.07,15.72,65.65,608,N,29,0
CUST-17070,32,93340,RENT,1.2,EDUCATION,F,5271,22.39,0.056,10.06,89.67,579,Y,10,1
CUST-17071,23,79922,RENT,2.4,MEDICAL,B,3665,9.68,0.046,3.24,64.1,649,N,3,0
CUST-17072,61,40671,RENT,20.5,EDUCATION,D,12271,15.86,0.302,37.41,44.81,560,Y,35,1
CUST-17073,64,25472,MORTGAGE,6.4,MEDICAL,A,10647,7.24,0.418,30.18,37.67,832,N,35,0
CUST-17074,29,15000,RENT,1.8,HOMEIMPROVEMENT,D,4524,16.84,0.302,13.1,80.51,654,N,9,1
CUST-17075,50,41868,MORTGAGE,4.6,DEBTCONSOLIDATION,A,3495,7.57,0.083,18.94,33.05,722,N,30,0
CUST-17076,60,99394,MORTGAGE,1.4,EDUCATION,C,11659,13.97,0.117,11.33,42.24,607,N,35,0
CUST-17077,27,24971,RENT,4.7,MEDICAL,B,13113,11.36,0.525,23.55,45.12,668,N,7,0
CUST-17078,22,74617,MORTGAGE,4.0,MEDICAL,A,12002,7.34,0.161,11.96,40.78,763,N,1,0
CUST-17079,67,27719,MORTGAGE,4.1,DEBTCONSOLIDATION,C,3562,12.26,0.129,27.84,70.24,660,N,35,1
CUST-17080,65,52242,MORTGAGE,6.6,HOMEIMPROVEMENT,D,8928,14.58,0.171,14.12,66.98,596,Y,35,0
CUST-17081,28,74957,MORTGAGE,3.0,EDUCATION,C,12623,12.58,0.168,9.27,46.6,710,N,7,0
CUST-17082,49,33001,MORTGAGE,3.7,MEDICAL,B,22977,10.77,0.696,17.14,66.46,672,N,29,0
CUST-17083,30,54300,RENT,5.9,EDUCATION,B,12359,8.84,0.228,26.05,67.76,634,N,10,1
CUST-17084,54,38213,MORTGAGE,8.4,VENTURE,A,5885,8.79,0.154,12.72,73.3,843,N,32,0
CUST-17085,56,74838,RENT,5.4,HOMEIMPROVEMENT,D,9326,15.24,0.125,25.39,89.49,642,N,35,1
CUST-17086,61,56454,MORTGAGE,19.0,DEBTCONSOLIDATION,A,7008,7.36,0.124,10.55,90.79,743,N,35,0
CUST-17087,32,50711,RENT,8.6,MEDICAL,D,5679,18.27,0.112,12.2,54.25,617,N,13,0
CUST-17088,55,124867,MORTGAGE,,VENTURE,B,7952,10.28,0.064,18.88,47.88,704,N,34,0
CUST-17089,32,72939,MORTGAGE,9.3,MEDICAL,B,6321,9.19,0.087,4.81,56.39,643,N,12,0
CUST-17090,31,32395,MORTGAGE,1.7,VENTURE,D,5485,13.49,0.169,20.64,48.82,609,N,13,0
CUST-17091,56,46559,MORTGAGE,2.8,EDUCATION,C,3651,13.99,0.078,12.75,50.08,665,N,35,0
CUST-17092,29,46838,OWN,4.2,VENTURE,B,4672,10.87,0.1,24.77,43.05,713,N,7,0
CUST-17093,28,51441,MORTGAGE,3.1,PERSONAL,B,3323,11.19,0.065,10.28,61.13,617,N,8,0
CUST-17094,26,222950,RENT,8.0,PERSONAL,A,15438,7.64,0.069,36.05,40.82,757,N,7,0
CUST-17095,21,61237,MORTGAGE,0.1,VENTURE,B,3391,9.86,0.055,19.78,83.75,716,N,2,0
CUST-17096,42,15000,MORTGAGE,1.2,DEBTCONSOLIDATION,A,7003,6.56,0.467,19.89,94.6,748,N,20,0
CUST-17097,58,35394,MORTGAGE,,VENTURE,C,3551,13.55,0.1,25.21,83.02,607,N,35,0
CUST-17098,59,15376,OWN,0.3,VENTURE,A,12372,8.69,0.805,22.9,27.49,796,N,35,0
CUST-17099,58,40220,RENT,1.3,HOMEIMPROVEMENT,D,7935,12.95,0.197,5.49,65.24,609,N,35,0
CUST-17100,40,15000,RENT,2.2,EDUCATION,C,12276,14.63,0.818,47.45,29.71,643,N,18,1
CUST-17101,42,29057,MORTGAGE,6.9,PERSONAL,D,15304,16.15,0.527,26.12,70.85,605,N,21,1
CUST-17102,48,19684,MORTGAGE,4.1,DEBTCONSOLIDATION,A,8501,7.3,0.432,41.44,48.62,699,N,28,0
CUST-17103,33,61728,RENT,15.0,DEBTCONSOLIDATION,C,5209,14.33,0.084,30.4,58.56,718,N,15,0
CUST-17104,45,49036,MORTGAGE,1.3,MEDICAL,D,12213,16.3,0.249,28.12,54.09,650,N,27,0
CUST-17105,24,58792,RENT,6.0,EDUCATION,A,10921,7.77,0.186,9.03,41.77,726,N,6,0
CUST-17106,50,46040,MORTGAGE,1.7,HOMEIMPROVEMENT,G,8832,22.54,0.192,20.52,64.96,433,Y,30,1
CUST-17107,44,21235,MORTGAGE,1.4,VENTURE,B,20144,10.17,0.949,20.37,33.59,718,N,22,1
CUST-17108,50,66710,RENT,3.4,PERSONAL,A,9706,8.11,0.145,20.58,75.14,776,N,28,0
CUST-17109,69,155334,MORTGAGE,0.4,PERSONAL,B,1000,10.03,0.006,8.79,72.72,702,N,35,0
CUST-17110,39,62663,MORTGAGE,2.4,DEBTCONSOLIDATION,A,8346,7.1,0.133,8.35,52.71,738,N,18,0
CUST-17111,63,37965,RENT,2.2,PERSONAL,D,8219,16.7,0.216,11.89,62.83,552,N,35,1
CUST-17112,36,20809,RENT,0.9,EDUCATION,A,1969,8.02,0.095,27.65,59.43,771,N,16,0
CUST-17113,64,28428,RENT,9.9,MEDICAL,B,3381,12.33,0.119,7.87,59.04,641,N,35,0
CUST-17114,21,64332,MORTGAGE,2.4,PERSONAL,C,2788,14.03,0.043,8.45,93.92,660,N,1,0
CUST-17115,44,93327,RENT,20.1,EDUCATION,C,17013,15.12,0.182,19.48,99.8,675,N,22,0
CUST-17116,32,57326,RENT,11.5,EDUCATION,A,3110,7.38,0.054,16.97,87.12,739,N,12,0
CUST-17117,58,79215,RENT,1.1,EDUCATION,C,4347,10.66,0.055,4.51,88.46,641,N,35,0
CUST-17118,47,74952,MORTGAGE,3.5,HOMEIMPROVEMENT,A,10527,6.99,0.14,17.34,29.24,662,N,29,0
CUST-17119,61,66431,MORTGAGE,4.6,MEDICAL,C,3289,12.53,0.05,20.79,74.3,618,Y,35,1
CUST-17120,25,33021,MORTGAGE,7.0,EDUCATION,E,8641,19.42,0.262,38.19,100.0,553,Y,6,1
CUST-17121,22,54412,RENT,4.0,EDUCATION,A,9827,,0.181,5.27,88.93,693,N,2,0
CUST-17122,54,29465,MORTGAGE,4.9,PERSONAL,A,5127,7.82,0.174,14.01,36.55,795,N,35,0
CUST-17123,37,49536,MORTGAGE,0.2,PERSONAL,B,1404,9.7,0.028,20.71,39.39,673,N,19,0
CUST-17124,30,59785,RENT,3.3,VENTURE,A,22423,7.76,0.375,32.03,82.68,734,N,10,0
CUST-17125,39,134224,RENT,10.8,PERSONAL,A,12582,7.94,0.094,4.72,28.34,812,N,21,0
CUST-17126,24,22340,OWN,6.0,MEDICAL,A,4449,7.54,0.199,15.94,68.23,786,N,5,0
CUST-17127,38,65441,MORTGAGE,10.2,HOMEIMPROVEMENT,B,3724,8.74,0.057,13.1,49.36,762,N,16,0
CUST-17128,41,119221,MORTGAGE,5.6,EDUCATION,A,5823,8.57,0.049,25.24,39.66,795,N,21,0
CUST-17129,38,77289,RENT,0.2,EDUCATION,B,9048,11.24,0.117,6.57,73.53,724,N,20,0
CUST-17130,66,80802,MORTGAGE,17.2,HOMEIMPROVEMENT,B,15222,10.27,0.188,22.67,55.3,672,N,35,0
CUST-17131,35,69746,MORTGAGE,12.5,HOMEIMPROVEMENT,C,10185,11.33,0.146,11.76,63.01,598,N,15,0
CUST-17132,43,106830,MORTGAGE,0.7,HOMEIMPROVEMENT,E,10247,19.86,0.096,16.26,80.41,598,N,24,0
CUST-17133,60,25527,OWN,0.6,MEDICAL,B,3758,9.87,0.147,18.89,30.41,681,N,35,0
CUST-17134,23,21342,OWN,3.9,DEBTCONSOLIDATION,B,1879,9.84,0.088,15.02,63.55,618,N,3,0
CUST-17135,34,48834,MORTGAGE,7.1,HOMEIMPROVEMENT,A,10203,7.41,0.209,14.25,53.97,765,N,16,0
CUST-17136,44,15000,RENT,2.4,EDUCATION,C,5524,15.25,0.368,31.4,78.15,658,N,26,0
CUST-17137,63,102578,OWN,0.7,VENTURE,E,7486,19.68,0.073,12.95,74.9,524,Y,35,0
CUST-17138,54,101969,RENT,3.6,PERSONAL,C,5059,13.37,0.05,8.81,81.13,699,N,35,1
CUST-17139,33,37797,MORTGAGE,2.1,MEDICAL,A,12095,6.87,0.32,24.02,58.35,720,N,13,0
CUST-17140,68,39243,RENT,2.2,EDUCATION,D,8154,16.54,0.208,39.18,77.31,688,N,35,0
CUST-17141,38,46938,MORTGAGE,5.2,EDUCATION,C,8815,13.5,0.188,13.73,78.32,696,N,16,0
CUST-17142,57,50574,RENT,10.8,PERSONAL,A,2169,8.22,0.043,9.95,60.53,785,N,35,0
CUST-17143,55,52907,MORTGAGE,4.1,EDUCATION,C,6184,12.86,0.117,13.08,100.0,629,N,35,0
CUST-17144,26,68523,RENT,,MEDICAL,A,8856,6.53,0.129,5.51,60.68,756,Y,8,0
CUST-17145,49,44197,RENT,5.4,VENTURE,B,14337,9.97,0.324,20.02,75.82,709,N,31,0
CUST-17146,38,86328,MORTGAGE,4.0,EDUCATION,B,4404,10.4,0.051,7.89,36.69,690,N,18,0
CUST-17147,68,64059,MORTGAGE,1.9,HOMEIMPROVEMENT,A,3536,7.47,0.055,5.2,74.01,751,N,35,0
CUST-17148,44,34058,RENT,2.4,MEDICAL,C,9617,13.49,0.282,26.49,68.72,711,N,23,1
CUST-17149,35,109214,RENT,1.9,VENTURE,D,22818,15.31,0.209,11.87,53.93,586,N,14,1
CUST-17150,66,21699,RENT,12.5,EDUCATION,A,5804,7.4,0.267,9.86,43.01,766,N,35,0
CUST-17151,59,46383,MORTGAGE,8.8,HOMEIMPROVEMENT,A,9059,8.32,0.195,12.57,27.87,730,N,35,0
CUST-17152,27,87566,OWN,4.3,VENTURE,B,5658,12.03,0.065,13.13,53.88,645,N,6,0
CUST-17153,37,31766,MORTGAGE,12.2,HOMEIMPROVEMENT,D,17873,17.68,0.563,25.05,84.69,647,N,17,0
CUST-17154,47,59026,RENT,10.9,PERSONAL,A,2332,7.43,0.04,28.21,74.8,764,Y,29,1
CUST-17155,35,67914,RENT,13.1,EDUCATION,D,6060,16.31,0.089,14.95,34.17,644,N,13,0
CUST-17156,38,29251,OWN,1.3,PERSONAL,E,10254,20.99,0.351,45.45,58.7,536,Y,16,1
CUST-17157,61,46934,RENT,6.3,EDUCATION,B,1000,10.37,0.021,28.77,63.72,678,N,35,1
CUST-17158,36,44627,MORTGAGE,4.7,EDUCATION,A,9750,8.54,0.218,12.51,52.7,764,N,16,0
CUST-17159,64,35205,RENT,6.6,HOMEIMPROVEMENT,A,3906,7.47,0.111,23.41,17.33,777,N,35,0
CUST-17160,32,195048,MORTGAGE,1.5,MEDICAL,A,3964,5.0,0.02,6.51,50.27,792,N,13,0
CUST-17161,26,31012,MORTGAGE,5.9,EDUCATION,A,6662,8.3,0.215,29.49,29.01,746,N,7,0
CUST-17162,46,89586,RENT,2.6,VENTURE,D,11080,17.66,0.124,5.08,70.0,628,N,27,1
CUST-17163,29,38728,MORTGAGE,9.0,PERSONAL,A,2568,7.11,0.066,7.5,79.15,813,N,9,0
CUST-17164,53,25540,MORTGAGE,7.9,EDUCATION,A,10386,6.11,0.407,19.66,60.98,737,N,34,0
CUST-17165,55,52140,RENT,1.2,VENTURE,B,7584,12.33,0.145,9.72,100.0,710,N,35,0
CUST-17166,44,72363,RENT,1.0,MEDICAL,D,8263,16.32,0.114,12.39,58.6,605,Y,25,1
CUST-17167,25,85161,MORTGAGE,6.3,VENTURE,A,6729,7.09,0.079,10.69,52.02,757,N,4,0
CUST-17168,43,125161,RENT,4.0,EDUCATION,C,3042,14.04,0.024,6.01,68.27,699,N,21,0
CUST-17169,37,286974,MORTGAGE,4.1,EDUCATION,B,2691,,0.009,4.61,84.16,679,N,17,1
CUST-17170,42,56971,RENT,7.0,DEBTCONSOLIDATION,C,6878,14.08,0.121,24.38,55.47,621,N,24,1
CUST-17171,25,32930,RENT,7.0,DEBTCONSOLIDATION,D,15360,16.71,0.466,21.71,31.84,641,N,7,0
CUST-17172,48,64326,RENT,1.4,EDUCATION,A,4390,7.58,0.068,12.84,25.38,803,N,29,0
CUST-17173,44,41784,RENT,4.1,VENTURE,B,18295,12.48,0.438,15.17,31.85,649,N,25,0
CUST-17174,36,85440,RENT,8.8,EDUCATION,C,9164,14.13,0.107,12.17,72.26,638,N,16,0
CUST-17175,65,22509,RENT,10.3,EDUCATION,D,7869,17.54,0.35,25.93,75.24,621,N,35,1
CUST-17176,43,203008,MORTGAGE,1.7,HOMEIMPROVEMENT,A,7219,7.86,0.036,14.77,23.08,752,N,25,0
CUST-17177,30,81930,OWN,0.5,MEDICAL,B,12363,11.14,0.151,8.26,58.69,705,N,10,1
CUST-17178,45,17847,MORTGAGE,1.3,HOMEIMPROVEMENT,A,5999,7.17,0.336,12.28,31.42,752,N,27,1
CUST-17179,53,32034,RENT,14.5,VENTURE,D,9683,16.7,0.302,18.02,100.0,584,Y,31,1
CUST-17180,47,79989,OWN,3.1,VENTURE,D,6245,15.68,0.078,22.89,75.74,520,Y,28,1
CUST-17181,22,99290,RENT,2.7,PERSONAL,B,18633,9.89,0.188,27.5,59.64,699,N,2,0
CUST-17182,30,22848,RENT,0.1,VENTURE,A,3540,8.09,0.155,14.8,52.69,742,N,11,0
CUST-17183,57,75193,RENT,0.3,DEBTCONSOLIDATION,A,5092,6.66,0.068,16.54,38.43,698,N,35,0
CUST-17184,33,15238,RENT,5.5,MEDICAL,C,12930,13.66,0.849,27.82,28.02,626,N,14,0
CUST-17185,45,46462,OWN,4.5,PERSONAL,F,11689,21.56,0.252,13.23,45.96,561,N,26,0
CUST-17186,67,95533,RENT,4.3,DEBTCONSOLIDATION,D,4481,15.15,0.047,29.36,29.73,603,N,35,0
CUST-17187,40,35210,MORTGAGE,0.6,EDUCATION,C,9886,13.77,0.281,27.83,31.25,657,N,18,0
CUST-17188,58,19847,RENT,2.2,EDUCATION,B,8849,11.43,0.446,12.28,20.33,663,N,35,1
CUST-17189,49,53515,MORTGAGE,8.4,PERSONAL,F,5562,20.42,0.104,17.16,74.81,551,N,29,0
CUST-17190,27,34103,MORTGAGE,1.0,PERSONAL,D,7084,17.23,0.208,11.73,55.12,688,N,5,0
CUST-17191,39,71520,RENT,10.7,EDUCATION,B,6643,9.16,0.093,12.06,54.52,718,N,18,0
CUST-17192,67,28819,MORTGAGE,0.6,MEDICAL,C,8414,15.13,0.292,19.02,50.58,665,N,35,0
CUST-17193,51,30835,MORTGAGE,0.9,MEDICAL,B,4938,11.18,0.16,24.55,100.0,709,N,32,1
CUST-17194,41,15000,MORTGAGE,3.2,VENTURE,C,2843,,0.19,12.58,72.96,627,N,23,0
CUST-17195,26,54283,MORTGAGE,8.0,MEDICAL,F,1325,23.02,0.024,7.82,53.54,564,Y,8,1
CUST-17196,28,44509,MORTGAGE,2.0,MEDICAL,A,12681,6.76,0.285,20.91,39.72,746,N,9,0
CUST-17197,64,24027,RENT,5.4,HOMEIMPROVEMENT,C,3078,12.34,0.128,17.83,80.26,710,N,35,0
CUST-17198,20,55065,MORTGAGE,2.0,DEBTCONSOLIDATION,B,9897,11.37,0.18,36.05,20.63,763,N,1,0
CUST-17199,48,90784,RENT,0.8,EDUCATION,E,9330,20.95,0.103,12.88,52.03,551,Y,30,1
CUST-17200,27,43073,RENT,1.4,PERSONAL,A,7603,8.07,0.177,10.22,75.75,777,N,7,0
CUST-17201,23,57578,MORTGAGE,5.0,MEDICAL,C,10980,13.05,0.191,13.18,33.1,629,N,3,0
CUST-17202,54,57756,RENT,1.0,PERSONAL,A,16904,7.7,0.293,22.2,28.22,791,N,35,0
CUST-17203,22,23799,RENT,4.0,HOMEIMPROVEMENT,A,6796,6.8,0.286,15.26,49.7,719,N,4,0
CUST-17204,64,168375,RENT,16.7,EDUCATION,B,6426,10.29,0.038,18.33,51.86,708,Y,35,0
CUST-17205,59,36956,RENT,0.6,MEDICAL,B,8656,10.99,0.234,17.66,30.01,718,N,35,0
CUST-17206,26,72668,RENT,2.5,PERSONAL,F,8107,20.29,0.112,24.67,63.71,557,N,6,0
CUST-17207,46,77771,OTHER,1.3,MEDICAL,A,10311,8.04,0.133,11.77,20.35,714,N,26,0
CUST-17208,20,45082,RENT,1.3,PERSONAL,A,10703,5.81,0.237,11.43,46.17,766,N,1,0
CUST-17209,46,70550,MORTGAGE,0.6,VENTURE,A,6975,5.97,0.099,28.92,50.84,758,N,25,0
CUST-17210,35,56811,RENT,5.2,DEBTCONSOLIDATION,B,19222,11.28,0.338,20.61,49.04,660,N,17,0
CUST-17211,57,20939,MORTGAGE,6.9,EDUCATION,A,16092,6.49,0.769,19.88,34.03,790,N,35,1
CUST-17212,26,40160,OTHER,5.6,EDUCATION,F,14214,20.81,0.354,25.55,56.45,586,Y,8,0
CUST-17213,63,33944,RENT,12.9,MEDICAL,B,13253,,0.39,20.5,63.5,702,N,35,0
CUST-17214,42,37158,MORTGAGE,0.8,VENTURE,D,2781,15.79,0.075,21.44,77.22,605,Y,22,1
CUST-17215,60,22417,OTHER,1.9,PERSONAL,C,5835,13.78,0.26,13.73,53.53,637,N,35,1
CUST-17216,30,96361,MORTGAGE,2.1,HOMEIMPROVEMENT,C,5011,13.71,0.052,11.91,42.64,739,N,8,0
CUST-17217,61,128180,RENT,1.3,PERSONAL,D,27355,15.32,0.213,17.41,64.67,643,N,35,1
CUST-17218,52,88150,MORTGAGE,0.8,PERSONAL,D,6999,14.45,0.079,20.09,40.69,585,N,34,0
CUST-17219,69,105063,MORTGAGE,3.3,MEDICAL,A,15816,7.26,0.151,12.54,67.28,694,N,35,0
CUST-17220,55,39863,RENT,9.0,PERSONAL,D,22129,17.82,0.555,16.94,100.0,595,Y,33,1
CUST-17221,56,33464,RENT,15.5,VENTURE,B,10069,10.42,0.301,24.61,37.14,685,N,34,1
CUST-17222,60,30725,RENT,0.7,PERSONAL,A,19352,7.08,0.63,18.28,89.15,759,N,35,0
CUST-17223,36,72145,RENT,8.7,HOMEIMPROVEMENT,B,8011,12.58,0.111,16.79,53.59,702,N,15,0
CUST-17224,54,56175,MORTGAGE,8.7,MEDICAL,A,9851,8.4,0.175,27.64,85.98,790,N,32,0
CUST-17225,67,46801,RENT,2.5,MEDICAL,B,4102,8.43,0.088,15.88,46.49,605,N,35,0
CUST-17226,24,106626,RENT,0.6,PERSONAL,D,4701,16.17,0.044,21.16,80.18,629,N,3,0
CUST-17227,67,62502,MORTGAGE,23.0,PERSONAL,A,6437,7.77,0.103,30.8,64.81,781,N,35,0
CUST-17228,51,29637,RENT,5.3,VENTURE,A,8849,6.22,0.299,18.28,25.07,687,N,31,0
CUST-17229,22,32580,RENT,4.0,EDUCATION,E,14780,19.15,0.454,24.57,97.0,540,Y,2,1
CUST-17230,66,73806,MORTGAGE,3.3,EDUCATION,B,6031,10.53,0.082,11.81,44.3,683,N,35,0
CUST-17231,54,91586,RENT,2.5,MEDICAL,B,11244,10.23,0.123,18.37,61.5,718,N,33,0
CUST-17232,33,68255,RENT,1.4,EDUCATION,E,9847,18.05,0.144,18.47,66.32,556,Y,15,1
CUST-17233,67,152990,RENT,20.5,HOMEIMPROVEMENT,E,5457,21.26,0.036,35.86,66.5,569,N,35,1
CUST-17234,50,130745,MORTGAGE,1.5,DEBTCONSOLIDATION,A,2385,7.82,0.018,9.39,37.24,722,N,28,0
CUST-17235,50,63871,MORTGAGE,0.1,MEDICAL,B,11147,9.47,0.175,15.32,41.98,702,N,28,0
CUST-17236,36,29639,MORTGAGE,3.6,DEBTCONSOLIDATION,E,2363,20.55,0.08,18.96,71.95,548,N,17,1
CUST-17237,43,22337,RENT,2.4,HOMEIMPROVEMENT,A,5835,7.4,0.261,19.63,49.61,719,N,22,0
CUST-17238,42,38854,MORTGAGE,1.5,PERSONAL,B,26402,11.69,0.68,23.23,41.54,705,N,23,0
CUST-17239,37,77028,MORTGAGE,5.0,PERSONAL,B,8375,10.37,0.109,13.19,17.0,730,N,15,0
CUST-17240,69,146677,RENT,2.3,MEDICAL,C,4270,11.73,0.029,25.36,54.27,659,N,35,0
CUST-17241,33,62973,OWN,2.6,MEDICAL,A,7000,6.22,0.111,7.72,100.0,742,N,14,0
CUST-17242,69,98837,OWN,0.1,EDUCATION,B,12190,11.87,0.123,15.0,25.1,735,N,35,0
CUST-17243,34,42311,RENT,4.4,EDUCATION,A,3555,8.74,0.084,4.94,71.45,734,N,15,0
CUST-17244,34,71229,RENT,0.7,MEDICAL,A,9403,5.9,0.132,10.09,64.5,747,N,16,0
CUST-17245,25,80339,RENT,1.2,VENTURE,A,3881,9.17,0.048,22.52,54.0,791,N,4,0
CUST-17246,46,15000,RENT,6.3,PERSONAL,A,11314,8.73,0.754,37.23,87.15,735,N,24,0
CUST-17247,34,38251,OWN,1.9,VENTURE,D,19416,15.74,0.508,12.62,59.48,591,Y,14,1
CUST-17248,69,86666,OWN,0.9,DEBTCONSOLIDATION,E,9288,19.41,0.107,9.67,91.88,596,N,35,1
CUST-17249,55,57796,RENT,4.3,VENTURE,C,3330,10.86,0.058,13.31,82.01,615,Y,33,1
CUST-17250,27,23910,MORTGAGE,1.2,PERSONAL,B,3836,9.66,0.16,32.92,55.0,742,N,8,0
CUST-17251,34,15000,MORTGAGE,1.6,PERSONAL,A,15866,7.25,1.058,43.94,44.63,682,N,12,1
CUST-17252,22,39361,RENT,4.0,MEDICAL,A,10023,7.87,0.255,29.62,66.06,753,N,3,0
CUST-17253,66,46959,MORTGAGE,6.7,DEBTCONSOLIDATION,B,8464,10.36,0.18,28.13,87.4,677,Y,35,0
CUST-17254,32,28843,OWN,6.7,HOMEIMPROVEMENT,C,6626,13.67,0.23,17.9,50.29,662,N,10,0
CUST-17255,60,53415,RENT,3.3,MEDICAL,A,2693,6.34,0.05,22.67,57.74,801,N,35,0
CUST-17256,53,66425,RENT,3.0,PERSONAL,F,8863,22.39,0.133,14.78,46.7,489,Y,31,1
CUST-17257,43,73307,RENT,7.7,VENTURE,C,6610,15.52,0.09,3.18,78.33,601,Y,24,0
CUST-17258,59,15000,RENT,1.1,HOMEIMPROVEMENT,G,15068,25.03,1.005,32.68,91.56,540,Y,35,1
CUST-17259,51,22279,RENT,0.8,DEBTCONSOLIDATION,B,10903,10.54,0.489,16.69,62.09,692,Y,31,0
CUST-17260,51,40832,RENT,5.5,VENTURE,B,12815,9.61,0.314,22.07,77.65,697,N,32,0
CUST-17261,49,69099,MORTGAGE,2.6,MEDICAL,A,7149,7.07,0.103,9.86,32.4,741,N,29,0
CUST-17262,68,65745,MORTGAGE,6.2,VENTURE,B,5673,8.93,0.086,6.85,44.81,687,N,35,1
CUST-17263,32,65063,RENT,1.5,DEBTCONSOLIDATION,F,6004,20.27,0.092,5.68,70.64,498,Y,10,1
CUST-17264,20,38946,RENT,2.0,VENTURE,A,10789,7.42,0.277,24.74,68.26,742,N,1,0
CUST-17265,53,40272,MORTGAGE,11.3,EDUCATION,A,9454,8.17,0.235,9.09,69.55,720,N,33,0
CUST-17266,34,31666,MORTGAGE,2.7,VENTURE,A,2218,6.47,0.07,18.21,57.67,785,N,16,0
CUST-17267,63,77723,RENT,4.5,HOMEIMPROVEMENT,F,24801,23.43,0.319,14.93,85.02,511,Y,35,1
CUST-17268,33,28217,RENT,0.6,MEDICAL,A,13291,6.83,0.471,22.5,47.44,796,N,12,0
CUST-17269,48,81635,MORTGAGE,1.0,MEDICAL,D,8563,16.39,0.105,6.41,34.67,633,N,27,0
CUST-17270,53,55531,RENT,0.2,VENTURE,A,15381,8.63,0.277,17.62,81.75,715,N,33,0
CUST-17271,37,47713,RENT,2.8,VENTURE,D,10565,16.12,0.221,8.83,50.44,573,N,18,1
CUST-17272,26,33056,RENT,8.0,PERSONAL,B,14636,11.25,0.443,17.54,31.25,692,N,4,1
CUST-17273,48,21734,RENT,10.4,VENTURE,A,14987,8.19,0.69,25.28,24.27,724,N,30,0
CUST-17274,50,33236,RENT,5.0,EDUCATION,C,10690,12.69,0.322,17.95,53.25,624,N,32,1
CUST-17275,44,40215,RENT,9.9,DEBTCONSOLIDATION,D,4865,15.72,0.121,13.63,79.63,639,N,23,0
CUST-17276,57,15000,MORTGAGE,4.5,DEBTCONSOLIDATION,B,7618,11.97,0.508,20.78,56.53,710,N,35,1
CUST-17277,33,43546,MORTGAGE,2.3,MEDICAL,C,16330,15.08,0.375,19.2,65.92,693,N,15,0
CUST-17278,27,85358,OWN,1.0,DEBTCONSOLIDATION,A,5181,8.25,0.061,19.4,39.35,712,N,5,0
CUST-17279,46,68894,RENT,5.3,EDUCATION,E,1447,18.46,0.021,21.1,38.81,506,Y,28,1
CUST-17280,21,36398,RENT,,VENTURE,A,8474,8.54,0.233,6.13,39.89,724,N,1,0
CUST-17281,36,50420,MORTGAGE,2.7,PERSONAL,A,4725,7.17,0.094,7.75,60.78,788,N,15,0
CUST-17282,56,35112,MORTGAGE,8.7,PERSONAL,A,11129,5.98,0.317,24.66,50.96,728,N,35,0
CUST-17283,33,53597,RENT,0.7,HOMEIMPROVEMENT,A,7054,6.74,0.132,7.8,9.06,807,N,12,0
CUST-17284,44,123508,RENT,0.7,HOMEIMPROVEMENT,B,20558,10.23,0.166,22.43,52.21,681,N,24,1
CUST-17285,49,87649,RENT,1.3,MEDICAL,B,7713,11.8,0.088,27.6,34.78,720,N,27,0
CUST-17286,48,67001,RENT,4.0,EDUCATION,B,18258,9.54,0.273,17.39,96.78,699,N,27,1
CUST-17287,39,36470,RENT,1.4,MEDICAL,A,4973,6.34,0.136,21.57,49.56,681,N,18,0
CUST-17288,40,76877,OWN,3.5,HOMEIMPROVEMENT,A,11069,6.92,0.144,29.16,36.18,727,N,22,0
CUST-17289,41,17816,RENT,1.8,EDUCATION,D,11742,16.35,0.659,17.71,36.08,627,N,20,1
CUST-17290,54,42133,OTHER,3.5,EDUCATION,D,10077,17.31,0.239,15.68,52.36,608,N,32,0
CUST-17291,56,69579,MORTGAGE,1.6,HOMEIMPROVEMENT,B,6575,11.18,0.094,39.94,58.96,685,N,35,1
CUST-17292,35,76439,RENT,17.0,DEBTCONSOLIDATION,B,9523,7.8,0.125,5.88,33.4,694,N,17,0
CUST-17293,69,73271,MORTGAGE,3.4,PERSONAL,A,14554,7.07,0.199,9.93,82.0,755,N,35,0
CUST-17294,68,58506,MORTGAGE,6.8,HOMEIMPROVEMENT,D,7743,16.65,0.132,12.59,67.19,515,N,35,0
CUST-17295,62,43589,RENT,6.0,VENTURE,E,5250,18.46,0.12,24.65,79.6,550,Y,35,1
CUST-17296,36,67696,RENT,3.4,EDUCATION,A,4958,6.56,0.073,37.65,71.96,722,N,15,1
CUST-17297,35,27674,MORTGAGE,1.4,VENTURE,C,5749,14.25,0.208,18.59,76.75,674,N,17,0
CUST-17298,21,29530,MORTGAGE,3.0,VENTURE,B,3185,11.32,0.108,15.67,64.27,727,N,1,0
CUST-17299,23,50870,MORTGAGE,5.0,PERSONAL,A,4755,,0.093,5.89,29.68,756,N,4,0
CUST-17300,40,54389,RENT,3.1,MEDICAL,B,2006,10.98,0.037,20.48,58.75,704,N,19,1
CUST-17301,58,16393,RENT,0.4,VENTURE,B,3901,11.06,0.238,25.93,75.34,630,N,35,0
CUST-17302,53,64414,MORTGAGE,,PERSONAL,C,3941,12.18,0.061,17.4,67.62,618,N,34,1
CUST-17303,49,77935,RENT,2.0,MEDICAL,C,3032,12.2,0.039,10.71,90.18,638,N,29,0
CUST-17304,25,46799,MORTGAGE,0.8,PERSONAL,E,9563,19.03,0.204,27.73,55.21,566,N,6,0
CUST-17305,36,203756,OWN,11.8,EDUCATION,B,17003,9.67,0.083,2.0,43.19,700,N,14,0
CUST-17306,58,32540,MORTGAGE,1.0,EDUCATION,B,14081,9.78,0.433,21.46,100.0,632,N,35,1
CUST-17307,44,39472,MORTGAGE,2.5,MEDICAL,B,6545,10.39,0.166,18.56,47.44,734,N,26,0
CUST-17308,24,38675,MORTGAGE,6.0,PERSONAL,A,17158,7.39,0.444,14.25,33.34,714,N,5,0
CUST-17309,24,46830,MORTGAGE,6.0,EDUCATION,C,10292,10.43,0.22,15.85,40.14,571,Y,6,1
CUST-17310,39,40245,MORTGAGE,3.2,EDUCATION,D,4670,16.61,0.116,18.27,79.52,637,Y,18,1
CUST-17311,35,21076,RENT,1.0,VENTURE,A,7338,7.2,0.348,11.07,79.66,718,N,15,1
CUST-17312,60,35315,OTHER,1.6,VENTURE,F,15554,22.27,0.44,33.29,53.31,554,Y,35,1
CUST-17313,56,46232,RENT,2.7,PERSONAL,C,7167,12.73,0.155,12.4,84.32,589,N,34,1
CUST-17314,59,102451,RENT,,DEBTCONSOLIDATION,C,4704,12.74,0.046,24.17,69.74,636,Y,35,0
CUST-17315,28,183752,RENT,2.1,VENTURE,G,4736,24.03,0.026,7.97,66.29,466,Y,6,1
CUST-17316,24,109238,RENT,0.7,VENTURE,B,17660,11.78,0.162,5.72,17.25,714,N,2,0
CUST-17317,61,30784,MORTGAGE,12.2,MEDICAL,A,13702,7.0,0.445,30.92,54.76,719,N,35,0
CUST-17318,21,32290,RENT,0.2,PERSONAL,C,5589,,0.173,11.48,68.45,664,N,2,1
CUST-17319,28,44551,MORTGAGE,2.9,DEBTCONSOLIDATION,D,5864,17.67,0.132,32.31,88.23,595,Y,6,1
CUST-17320,62,143019,RENT,19.6,PERSONAL,A,3745,7.09,0.026,18.68,79.21,727,N,35,0
CUST-17321,55,44388,RENT,5.4,VENTURE,A,4105,6.89,0.092,26.54,26.76,781,N,35,0
CUST-17322,41,22103,RENT,2.2,MEDICAL,A,12935,6.93,0.585,31.87,5.79,818,N,21,0
CUST-17323,41,36289,MORTGAGE,0.8,DEBTCONSOLIDATION,B,5445,10.33,0.15,22.99,31.7,687,N,20,0
CUST-17324,41,77206,MORTGAGE,16.6,EDUCATION,E,5165,18.83,0.067,11.55,98.75,543,Y,20,1
CUST-17325,53,74158,RENT,0.1,MEDICAL,A,9050,8.38,0.122,23.43,68.01,745,N,32,1
CUST-17326,48,43471,RENT,5.7,VENTURE,D,9407,,0.216,28.06,89.89,614,N,28,1
CUST-17327,57,73869,OWN,10.6,PERSONAL,D,16467,17.54,0.223,16.99,50.19,547,Y,35,0
CUST-17328,65,15000,RENT,0.1,PERSONAL,D,6095,15.38,0.406,30.34,36.62,575,Y,35,0
CUST-17329,52,52171,MORTGAGE,6.5,EDUCATION,A,7487,5.5,0.144,17.22,91.65,697,N,30,1
CUST-17330,37,82158,RENT,19.0,PERSONAL,C,7173,11.34,0.087,6.82,94.27,610,N,16,1
CUST-17331,26,29741,RENT,5.1,PERSONAL,E,8502,18.85,0.286,31.83,37.96,621,N,7,1
CUST-17332,20,29679,RENT,2.0,VENTURE,A,2417,6.53,0.081,34.8,72.15,670,N,1,0
CUST-17333,52,15996,RENT,10.4,HOMEIMPROVEMENT,A,9135,6.48,0.571,36.76,66.38,763,N,34,1
CUST-17334,20,127253,MORTGAGE,2.0,DEBTCONSOLIDATION,D,12251,17.68,0.096,17.53,100.0,597,N,1,0
CUST-17335,43,31821,MORTGAGE,6.9,MEDICAL,C,8968,12.62,0.282,22.75,58.67,659,N,24,1
CUST-17336,23,56648,MORTGAGE,4.4,EDUCATION,C,2431,11.14,0.043,16.85,67.43,609,N,5,1
CUST-17337,23,70428,MORTGAGE,0.2,HOMEIMPROVEMENT,F,15553,22.68,0.221,13.59,86.63,514,Y,3,1
CUST-17338,37,121447,MORTGAGE,1.2,HOMEIMPROVEMENT,C,12056,15.1,0.099,16.54,96.74,693,N,16,1
CUST-17339,46,44696,MORTGAGE,0.4,VENTURE,B,16538,11.04,0.37,9.86,36.35,684,N,25,0
CUST-17340,62,35466,OWN,0.6,EDUCATION,B,10553,9.7,0.298,18.29,63.16,749,N,35,0
CUST-17341,51,54384,RENT,0.1,DEBTCONSOLIDATION,A,6718,7.71,0.124,15.99,51.22,655,N,33,0
CUST-17342,52,105920,RENT,2.7,PERSONAL,B,33333,9.54,0.315,39.84,55.44,719,N,34,1
CUST-17343,47,44262,MORTGAGE,1.0,PERSONAL,B,7808,9.33,0.176,12.96,95.6,701,N,29,1
CUST-17344,61,27641,OWN,9.7,HOMEIMPROVEMENT,A,12951,7.26,0.469,33.17,44.1,700,N,35,0
CUST-17345,60,19448,OTHER,6.9,MEDICAL,E,8074,19.43,0.415,31.65,41.84,602,N,35,1
CUST-17346,55,23558,MORTGAGE,4.3,EDUCATION,A,12424,7.26,0.527,39.91,83.9,724,N,33,0
CUST-17347,25,82341,RENT,3.4,VENTURE,B,6056,12.51,0.074,10.08,56.53,708,N,4,0
CUST-17348,35,40442,RENT,1.5,VENTURE,C,16035,13.55,0.396,30.84,80.53,615,Y,14,1
CUST-17349,53,34046,OWN,3.2,HOMEIMPROVEMENT,C,11468,,0.337,29.6,42.89,632,N,34,1
CUST-17350,42,31901,RENT,5.1,EDUCATION,C,13940,16.18,0.437,13.24,56.31,675,N,24,0
CUST-17351,69,51587,RENT,7.6,PERSONAL,B,6745,9.93,0.131,19.77,43.45,782,N,35,0
CUST-17352,61,42460,OWN,0.4,MEDICAL,E,6443,19.68,0.152,16.19,68.93,539,Y,35,1
CUST-17353,43,41611,RENT,6.2,HOMEIMPROVEMENT,B,8931,11.48,0.215,14.29,54.11,744,N,21,0
CUST-17354,68,110149,MORTGAGE,6.8,EDUCATION,C,3865,13.65,0.035,17.69,82.97,697,N,35,1
CUST-17355,32,123353,MORTGAGE,4.1,MEDICAL,E,11075,19.17,0.09,23.71,56.22,592,N,14,0
CUST-17356,37,18657,RENT,1.2,EDUCATION,A,8824,10.31,0.473,24.15,10.81,777,N,16,0
CUST-17357,32,59668,RENT,3.9,PERSONAL,E,17164,20.94,0.288,37.76,43.25,545,Y,13,1
CUST-17358,68,30757,RENT,3.5,HOMEIMPROVEMENT,C,12038,10.98,0.391,12.05,79.73,616,N,35,0
CUST-17359,56,42236,MORTGAGE,3.2,PERSONAL,B,9699,12.13,0.23,9.59,36.3,683,N,34,0
CUST-17360,62,59016,RENT,3.1,VENTURE,B,5049,12.42,0.086,25.03,100.0,709,Y,35,0
CUST-17361,58,43146,RENT,0.6,EDUCATION,D,12619,17.93,0.292,16.5,73.28,599,N,35,1
CUST-17362,61,56290,OWN,1.0,EDUCATION,A,11880,8.4,0.211,19.78,63.34,724,N,35,0
CUST-17363,36,73407,RENT,0.5,DEBTCONSOLIDATION,B,6052,12.36,0.082,25.25,88.42,675,N,18,0
CUST-17364,34,58497,RENT,1.4,VENTURE,C,17147,14.56,0.293,24.77,58.66,639,N,15,1
CUST-17365,37,33252,RENT,1.5,VENTURE,D,4558,17.19,0.137,13.64,87.48,640,N,19,1
CUST-17366,42,33606,RENT,1.4,VENTURE,A,12588,,0.375,23.23,79.0,712,N,20,0
CUST-17367,49,20664,OTHER,1.2,EDUCATION,A,16190,6.21,0.783,25.81,21.27,770,N,28,0
CUST-17368,53,29367,RENT,6.6,MEDICAL,D,6132,14.85,0.209,19.1,54.6,628,N,32,0
CUST-17369,23,159092,RENT,5.0,EDUCATION,B,13477,11.43,0.085,7.03,39.96,682,N,3,0
CUST-17370,22,30479,MORTGAGE,2.0,HOMEIMPROVEMENT,A,11389,8.41,0.374,37.35,78.52,760,N,3,0
CUST-17371,26,23955,MORTGAGE,1.8,MEDICAL,A,13188,7.45,0.551,22.52,62.18,792,N,7,1
CUST-17372,37,59394,RENT,9.3,EDUCATION,C,5949,,0.1,13.97,100.0,639,N,19,0
CUST-17373,61,45879,OWN,4.9,HOMEIMPROVEMENT,B,11795,9.14,0.257,27.26,73.71,673,N,35,0
CUST-17374,26,43592,MORTGAGE,1.7,MEDICAL,D,6153,16.07,0.141,11.77,57.46,576,N,5,1
CUST-17375,59,114168,RENT,6.3,MEDICAL,A,6273,,0.055,15.51,36.96,720,N,35,0
CUST-17376,25,68150,MORTGAGE,2.1,PERSONAL,D,10786,19.19,0.158,17.65,52.22,638,Y,6,1
CUST-17377,41,35667,OWN,4.4,DEBTCONSOLIDATION,D,4186,16.47,0.117,19.3,36.79,608,Y,23,1
CUST-17378,20,37998,MORTGAGE,2.0,DEBTCONSOLIDATION,B,15946,10.85,0.42,34.64,84.89,644,N,1,1
CUST-17379,23,36259,MORTGAGE,1.8,MEDICAL,A,7962,8.85,0.22,34.19,67.61,794,N,3,0
CUST-17380,65,82854,OWN,13.3,MEDICAL,E,6132,19.42,0.074,19.07,44.61,564,N,35,0
CUST-17381,68,40745,MORTGAGE,1.9,EDUCATION,A,9044,7.94,0.222,26.28,47.06,767,N,35,0
CUST-17382,69,16715,RENT,3.9,EDUCATION,B,5530,11.49,0.331,11.3,44.24,721,N,35,1
CUST-17383,62,47620,RENT,3.1,MEDICAL,B,7012,11.82,0.147,17.3,80.76,671,N,35,1
CUST-17384,48,19492,MORTGAGE,7.6,PERSONAL,D,6549,16.56,0.336,12.91,88.29,567,N,30,1
CUST-17385,40,181777,RENT,0.3,DEBTCONSOLIDATION,B,6233,9.92,0.034,16.35,85.63,666,N,21,1
CUST-17386,45,27463,OWN,4.9,PERSONAL,B,8117,10.74,0.296,35.92,63.54,693,N,26,0
CUST-17387,33,44483,RENT,7.1,VENTURE,D,3201,14.46,0.072,15.45,91.59,625,Y,13,1
CUST-17388,28,57235,RENT,3.2,EDUCATION,F,6444,22.35,0.113,33.32,100.0,595,N,9,0
CUST-17389,66,41225,MORTGAGE,0.6,EDUCATION,B,15249,11.54,0.37,22.38,47.38,731,N,35,0
CUST-17390,31,41191,MORTGAGE,1.4,MEDICAL,B,10079,12.54,0.245,7.02,52.38,631,N,10,0
CUST-17391,61,63139,RENT,5.7,VENTURE,D,21193,17.61,0.336,26.07,50.95,605,Y,35,1
CUST-17392,25,122483,RENT,7.0,VENTURE,D,7293,13.42,0.06,16.0,85.65,530,Y,5,1
CUST-17393,39,77691,MORTGAGE,2.7,EDUCATION,B,4517,12.17,0.058,14.39,26.16,734,N,18,0
CUST-17394,43,119027,MORTGAGE,4.1,EDUCATION,B,4655,,0.039,19.59,49.83,693,N,21,0
CUST-17395,46,26161,MORTGAGE,1.3,HOMEIMPROVEMENT,A,10367,6.4,0.396,29.38,100.0,751,N,28,0
CUST-17396,57,59303,RENT,2.7,VENTURE,C,8861,13.02,0.149,12.56,28.15,642,N,35,1
CUST-17397,27,53806,RENT,2.1,VENTURE,D,28634,18.23,0.532,35.68,37.95,613,Y,5,1
CUST-17398,20,60515,MORTGAGE,2.0,EDUCATION,A,8468,7.57,0.14,13.42,61.26,726,N,1,0
CUST-17399,68,111942,OWN,20.9,HOMEIMPROVEMENT,B,14520,9.79,0.13,29.59,66.12,703,N,35,0
CUST-17400,68,42938,RENT,8.4,EDUCATION,B,14265,9.6,0.332,34.25,100.0,667,N,35,0
CUST-17401,43,38434,MORTGAGE,1.1,EDUCATION,D,5681,19.66,0.148,8.17,64.19,620,N,25,1
CUST-17402,66,67534,RENT,4.3,EDUCATION,C,22161,14.44,0.328,23.65,63.4,659,N,35,0
CUST-17403,26,16866,MORTGAGE,0.3,PERSONAL,B,11851,10.17,0.703,21.07,52.65,717,N,7,1
CUST-17404,38,42526,MORTGAGE,1.4,MEDICAL,A,10114,9.21,0.238,16.53,41.27,747,N,18,0
CUST-17405,41,45228,RENT,0.9,PERSONAL,C,9308,13.39,0.206,11.29,56.72,686,N,20,0
CUST-17406,54,28219,MORTGAGE,2.0,MEDICAL,B,9998,11.95,0.354,17.71,81.23,764,N,33,0
CUST-17407,49,92432,RENT,5.7,VENTURE,B,8116,11.2,0.088,18.58,85.41,646,Y,30,1
CUST-17408,48,25917,RENT,3.5,DEBTCONSOLIDATION,C,7363,13.09,0.284,28.37,99.06,606,N,28,1
CUST-17409,41,45182,MORTGAGE,13.5,PERSONAL,B,6684,11.1,0.148,30.59,54.42,694,N,22,0
CUST-17410,30,58448,RENT,1.2,EDUCATION,B,9511,11.15,0.163,23.14,26.26,684,N,11,0
CUST-17411,39,110422,MORTGAGE,2.3,MEDICAL,D,3781,17.46,0.034,13.34,38.45,627,N,17,0
CUST-17412,48,48711,RENT,2.0,PERSONAL,D,14444,18.45,0.297,17.4,31.85,627,N,26,1
CUST-17413,60,85964,MORTGAGE,1.3,PERSONAL,A,6600,10.15,0.077,15.97,29.03,760,N,35,0
CUST-17414,61,74634,RENT,24.9,MEDICAL,B,2784,10.99,0.037,28.46,27.11,642,Y,35,0
CUST-17415,53,52789,MORTGAGE,2.4,MEDICAL,B,21735,8.21,0.412,15.23,50.7,707,Y,32,0
CUST-17416,20,25496,MORTGAGE,2.0,HOMEIMPROVEMENT,A,7402,8.55,0.29,19.33,22.56,815,N,1,0
CUST-17417,50,20728,OWN,2.5,DEBTCONSOLIDATION,C,11463,13.19,0.553,32.89,44.04,668,N,31,0
CUST-17418,49,52255,OWN,1.1,HOMEIMPROVEMENT,B,6543,8.47,0.125,22.42,61.15,698,N,29,0
CUST-17419,67,35396,RENT,0.6,EDUCATION,C,5416,14.33,0.153,20.71,60.61,672,N,35,0
CUST-17420,37,85097,RENT,9.7,VENTURE,A,29510,8.03,0.347,13.04,100.0,720,N,18,0
CUST-17421,36,76689,MORTGAGE,0.2,MEDICAL,B,12060,9.53,0.157,26.9,44.77,715,N,16,0
CUST-17422,57,43880,MORTGAGE,16.7,MEDICAL,A,12357,6.08,0.282,17.98,29.98,749,N,35,0
CUST-17423,33,24474,RENT,2.7,DEBTCONSOLIDATION,C,6796,15.17,0.278,11.22,55.38,610,Y,11,1
CUST-17424,42,66598,RENT,1.4,VENTURE,E,9422,20.11,0.141,14.84,92.75,579,N,20,0
CUST-17425,44,26615,MORTGAGE,4.8,VENTURE,B,4632,9.55,0.174,20.43,41.02,702,N,23,0
CUST-17426,34,31098,OWN,0.7,PERSONAL,B,4976,11.3,0.16,25.17,45.75,728,N,16,0
CUST-17427,65,27237,OWN,0.4,HOMEIMPROVEMENT,A,3733,7.0,0.137,6.65,14.11,755,N,35,0
CUST-17428,41,45111,RENT,,HOMEIMPROVEMENT,B,8710,11.15,0.193,23.36,26.18,707,N,19,0
CUST-17429,22,98924,RENT,2.8,EDUCATION,B,8392,10.88,0.085,9.9,87.09,705,N,3,0
CUST-17430,38,48872,RENT,3.7,EDUCATION,A,11086,5.0,0.227,12.94,14.61,755,N,17,0
CUST-17431,63,37574,RENT,1.0,PERSONAL,C,7121,13.63,0.19,28.35,98.48,690,Y,35,1
CUST-17432,53,19626,MORTGAGE,0.3,PERSONAL,A,11643,7.3,0.593,29.21,49.17,775,N,34,1
CUST-17433,54,68273,MORTGAGE,2.3,VENTURE,C,10215,12.61,0.15,5.55,65.2,617,Y,35,1
CUST-17434,69,30691,MORTGAGE,3.5,PERSONAL,B,13371,8.98,0.436,20.29,86.43,696,N,35,0
CUST-17435,20,52602,RENT,2.0,DEBTCONSOLIDATION,G,4106,24.24,0.078,9.24,64.14,451,N,1,0
CUST-17436,40,39635,RENT,3.5,HOMEIMPROVEMENT,A,1726,,0.044,5.36,42.26,802,N,18,0
CUST-17437,48,81056,OWN,7.6,EDUCATION,A,5962,8.28,0.074,24.66,74.24,726,N,26,0
CUST-17438,25,44607,RENT,0.6,EDUCATION,F,5825,21.83,0.131,38.19,66.97,503,N,3,1
CUST-17439,56,47317,RENT,0.3,EDUCATION,A,8740,7.61,0.185,13.04,10.61,814,N,35,0
CUST-17440,20,65607,MORTGAGE,0.9,PERSONAL,C,14260,13.89,0.217,17.57,66.15,629,N,1,0
CUST-17441,20,173540,MORTGAGE,2.0,PERSONAL,B,19146,9.94,0.11,13.64,48.97,667,N,1,0
CUST-17442,46,83538,OWN,7.1,MEDICAL,C,12757,12.3,0.153,4.37,48.56,673,Y,24,0
CUST-17443,40,46482,RENT,0.8,DEBTCONSOLIDATION,B,12195,13.16,0.262,19.85,55.35,700,Y,20,0
CUST-17444,35,49114,MORTGAGE,0.2,DEBTCONSOLIDATION,C,10168,13.41,0.207,42.33,45.34,619,N,17,0
CUST-17445,63,35777,RENT,5.8,HOMEIMPROVEMENT,A,5565,7.25,0.156,14.59,51.56,762,N,35,0
CUST-17446,59,27722,OWN,,VENTURE,D,12634,18.2,0.456,45.26,57.09,632,N,35,1
CUST-17447,45,35184,MORTGAGE,7.0,HOMEIMPROVEMENT,B,8766,12.76,0.249,11.35,54.41,730,N,24,0
CUST-17448,35,30844,MORTGAGE,1.1,MEDICAL,B,24258,12.23,0.786,21.0,32.75,709,N,17,0
CUST-17449,47,72549,RENT,4.4,PERSONAL,B,11989,10.03,0.165,21.85,56.7,731,N,28,1
CUST-17450,20,25778,MORTGAGE,2.0,VENTURE,F,7439,22.42,0.289,11.64,71.77,560,Y,1,1
CUST-17451,55,109089,RENT,1.5,DEBTCONSOLIDATION,D,3322,17.2,0.03,27.09,65.2,594,N,35,1
CUST-17452,29,76974,RENT,3.8,PERSONAL,B,7743,13.18,0.101,15.06,33.24,760,N,9,0
CUST-17453,62,49627,RENT,1.9,EDUCATION,C,12832,14.0,0.259,20.13,84.17,673,N,35,1
CUST-17454,36,49030,MORTGAGE,1.3,EDUCATION,B,16546,11.06,0.337,16.86,27.55,749,N,16,0
CUST-17455,42,35088,RENT,17.5,PERSONAL,D,8706,15.28,0.248,5.54,53.2,605,Y,22,0
CUST-17456,26,57644,MORTGAGE,8.0,EDUCATION,A,11138,,0.193,26.25,58.38,780,N,5,0
CUST-17457,63,94169,MORTGAGE,2.9,EDUCATION,B,4806,12.13,0.051,5.53,99.63,710,N,35,0
CUST-17458,26,32148,RENT,0.7,DEBTCONSOLIDATION,B,15824,10.91,0.492,20.77,31.79,734,N,4,0
CUST-17459,63,19535,MORTGAGE,6.5,HOMEIMPROVEMENT,C,18353,14.04,0.939,31.32,58.16,635,Y,35,1
CUST-17460,34,74751,RENT,1.5,DEBTCONSOLIDATION,A,1000,,0.013,6.75,82.41,731,N,14,1
CUST-17461,53,59552,RENT,0.9,PERSONAL,A,11472,8.52,0.193,15.93,57.84,793,N,35,0
CUST-17462,65,25031,MORTGAGE,2.4,PERSONAL,C,9120,14.37,0.364,24.86,44.42,659,N,35,0
CUST-17463,64,31570,MORTGAGE,3.8,PERSONAL,A,5276,8.26,0.167,22.35,70.54,784,N,35,0
CUST-17464,23,29276,RENT,0.5,DEBTCONSOLIDATION,A,7040,7.67,0.24,23.38,45.73,701,N,2,0
CUST-17465,33,31738,MORTGAGE,4.2,PERSONAL,C,17285,13.75,0.545,19.9,80.68,622,N,12,1
CUST-17466,33,40367,MORTGAGE,0.1,MEDICAL,D,6523,17.6,0.162,30.02,44.99,592,N,13,0
CUST-17467,35,41775,RENT,11.1,EDUCATION,C,9181,12.37,0.22,17.16,53.94,695,N,16,0
CUST-17468,26,33174,MORTGAGE,8.0,PERSONAL,B,3814,9.24,0.115,37.4,79.58,744,N,6,1
CUST-17469,51,31104,MORTGAGE,6.6,PERSONAL,A,10640,7.6,0.342,12.74,46.76,753,N,29,0
CUST-17470,38,42733,RENT,3.1,VENTURE,D,5012,16.68,0.117,36.25,76.44,627,N,17,1
CUST-17471,21,54209,OWN,1.5,PERSONAL,A,7740,8.37,0.143,37.97,84.72,756,N,1,0
CUST-17472,29,40547,MORTGAGE,6.8,EDUCATION,B,5035,10.23,0.124,12.19,63.81,665,N,9,0
CUST-17473,69,98243,RENT,13.4,EDUCATION,A,4527,6.57,0.046,10.36,77.65,752,N,35,0
CUST-17474,36,66493,OTHER,0.9,VENTURE,C,5034,14.22,0.076,15.09,65.02,618,Y,18,1
CUST-17475,56,18873,RENT,3.1,MEDICAL,B,4841,12.12,0.257,7.67,82.28,687,N,34,1
CUST-17476,31,67119,OWN,1.9,DEBTCONSOLIDATION,D,4982,16.94,0.074,18.08,63.73,602,Y,12,1
CUST-17477,25,70497,RENT,,MEDICAL,A,8617,5.76,0.122,20.41,32.87,808,N,6,0
CUST-17478,41,37765,MORTGAGE,2.6,PERSONAL,D,4420,16.83,0.117,3.22,65.28,616,Y,19,0
CUST-17479,51,19987,RENT,15.2,MEDICAL,B,7843,8.18,0.392,12.26,32.13,686,N,31,0
CUST-17480,60,49258,MORTGAGE,1.5,MEDICAL,B,8424,10.45,0.171,22.26,28.29,721,N,35,1
CUST-17481,39,48794,RENT,3.4,HOMEIMPROVEMENT,C,16388,11.09,0.336,15.16,45.64,627,N,18,0
CUST-17482,20,25009,RENT,2.0,DEBTCONSOLIDATION,C,18981,12.98,0.759,22.9,71.87,743,Y,1,1
CUST-17483,66,20522,RENT,3.2,HOMEIMPROVEMENT,B,16856,11.11,0.821,27.35,35.04,715,N,35,0
CUST-17484,25,46512,MORTGAGE,7.0,EDUCATION,A,6439,,0.138,12.41,77.72,663,N,4,0
CUST-17485,38,42623,RENT,0.3,EDUCATION,E,10418,20.88,0.244,27.46,44.43,542,Y,17,1
CUST-17486,37,38163,MORTGAGE,15.3,DEBTCONSOLIDATION,B,6860,10.76,0.18,5.89,27.12,763,N,15,0
CUST-17487,25,46627,MORTGAGE,1.0,EDUCATION,G,9541,23.15,0.205,18.81,100.0,505,N,5,1
CUST-17488,64,25294,OWN,19.5,HOMEIMPROVEMENT,C,9303,14.58,0.368,40.17,81.6,633,N,35,1
CUST-17489,52,37763,RENT,1.0,DEBTCONSOLIDATION,C,7082,14.33,0.188,19.0,31.43,664,N,33,1
CUST-17490,42,67507,OWN,2.9,MEDICAL,A,3977,9.03,0.059,19.16,76.35,694,N,24,0
CUST-17491,42,39736,RENT,1.8,MEDICAL,B,3669,11.35,0.092,18.46,47.9,666,Y,20,1
CUST-17492,45,17976,MORTGAGE,2.8,VENTURE,B,5073,11.06,0.282,30.05,27.43,651,N,27,0
CUST-17493,32,36915,MORTGAGE,1.4,PERSONAL,B,4392,9.31,0.119,5.27,64.52,687,N,14,0
CUST-17494,26,25794,RENT,8.0,MEDICAL,A,11986,8.48,0.465,35.81,54.76,806,Y,7,0
CUST-17495,34,57542,RENT,1.8,EDUCATION,B,12652,10.32,0.22,22.83,100.0,721,N,13,0
CUST-17496,63,59355,MORTGAGE,5.3,PERSONAL,A,7382,8.47,0.124,11.69,51.93,767,N,35,0
CUST-17497,46,18119,RENT,0.7,VENTURE,A,10258,10.18,0.566,32.02,68.86,727,N,25,1
CUST-17498,45,77296,OWN,8.7,MEDICAL,A,11849,,0.153,10.02,32.43,777,N,23,0
CUST-17499,52,25151,RENT,3.9,VENTURE,C,9547,13.84,0.38,29.98,64.3,623,N,33,1
CUST-17500,34,124930,OWN,16.0,HOMEIMPROVEMENT,C,6447,13.59,0.052,12.07,45.28,643,N,12,0
CUST-17501,55,47606,RENT,2.8,EDUCATION,E,12977,19.0,0.273,23.59,63.36,596,Y,33,1
CUST-17502,64,23205,OWN,1.1,HOMEIMPROVEMENT,B,4365,7.71,0.188,16.8,92.36,697,Y,35,1
CUST-17503,46,24706,MORTGAGE,2.1,EDUCATION,C,6556,13.56,0.265,6.37,34.07,682,N,25,0
CUST-17504,24,60406,MORTGAGE,6.0,VENTURE,B,2714,9.88,0.045,17.73,48.06,693,N,4,0
CUST-17505,21,38762,RENT,3.0,HOMEIMPROVEMENT,C,5839,13.89,0.151,17.92,24.73,698,N,1,0
CUST-17506,52,46258,MORTGAGE,7.5,EDUCATION,B,7086,9.88,0.153,25.31,81.67,715,N,33,1
CUST-17507,35,129012,RENT,0.4,VENTURE,C,11901,13.77,0.092,28.75,89.61,619,N,14,1
CUST-17508,42,32223,RENT,4.3,MEDICAL,A,5775,9.0,0.179,18.69,38.65,731,N,24,0
CUST-17509,57,50816,MORTGAGE,13.5,HOMEIMPROVEMENT,A,12269,7.69,0.241,20.28,64.83,742,Y,35,0
CUST-17510,35,114910,MORTGAGE,0.6,VENTURE,A,6227,6.2,0.054,28.28,63.39,784,N,15,0
CUST-17511,33,57659,RENT,0.5,VENTURE,A,2226,6.5,0.039,15.96,72.04,814,N,15,0
CUST-17512,48,18695,MORTGAGE,6.3,EDUCATION,B,7556,11.33,0.404,26.34,94.26,648,N,30,1
CUST-17513,45,66385,MORTGAGE,1.9,VENTURE,C,10167,14.4,0.153,12.55,42.04,636,N,26,0
CUST-17514,54,24396,RENT,5.4,VENTURE,C,14841,12.45,0.608,25.2,28.44,693,N,34,1
CUST-17515,34,114014,MORTGAGE,,MEDICAL,A,19176,7.47,0.168,7.77,28.57,748,N,14,0
CUST-17516,22,29919,MORTGAGE,4.0,EDUCATION,C,6882,14.59,0.23,27.18,49.73,645,N,3,1
CUST-17517,42,291182,RENT,11.0,EDUCATION,A,8219,9.56,0.028,20.29,89.85,770,N,24,0
CUST-17518,48,118234,MORTGAGE,5.7,PERSONAL,A,16754,7.71,0.142,24.87,75.01,703,N,28,0
CUST-17519,53,30394,MORTGAGE,1.5,PERSONAL,C,10686,13.26,0.352,17.52,75.86,671,N,35,0
CUST-17520,52,49613,MORTGAGE,1.5,PERSONAL,C,8981,13.06,0.181,19.8,65.55,661,N,30,0
CUST-17521,60,77048,RENT,10.7,HOMEIMPROVEMENT,C,2084,13.67,0.027,10.05,67.69,657,N,35,0
CUST-17522,60,78448,MORTGAGE,4.4,HOMEIMPROVEMENT,A,12217,9.17,0.156,13.79,62.15,788,N,35,1
CUST-17523,42,63920,RENT,7.8,HOMEIMPROVEMENT,E,11578,19.67,0.181,23.69,43.45,568,Y,22,1
CUST-17524,26,103911,RENT,3.0,HOMEIMPROVEMENT,D,4523,17.1,0.044,29.74,33.86,611,Y,8,1
CUST-17525,22,45534,RENT,0.5,EDUCATION,B,11073,8.79,0.243,13.18,53.08,706,N,1,0
CUST-17526,51,39338,MORTGAGE,2.0,MEDICAL,F,15564,23.91,0.396,17.97,100.0,458,N,32,1
CUST-17527,50,39810,MORTGAGE,0.9,DEBTCONSOLIDATION,A,5511,9.1,0.138,18.32,17.59,787,N,29,0
CUST-17528,37,82045,RENT,7.6,VENTURE,B,10025,10.14,0.122,14.42,63.07,721,N,18,0
CUST-17529,62,61029,RENT,6.0,PERSONAL,E,2877,19.37,0.047,10.0,77.22,589,Y,35,1
CUST-17530,26,58382,RENT,0.5,MEDICAL,B,7380,11.92,0.126,19.68,64.13,712,N,4,0
CUST-17531,60,78995,RENT,4.9,PERSONAL,B,5555,14.03,0.07,7.72,62.38,748,N,35,0
CUST-17532,20,15000,MORTGAGE,2.0,EDUCATION,A,15682,5.48,1.045,25.27,54.65,757,Y,1,1
CUST-17533,33,59044,MORTGAGE,6.0,MEDICAL,A,11731,6.89,0.199,8.35,66.72,743,N,11,0
CUST-17534,51,55890,OWN,3.6,HOMEIMPROVEMENT,A,12199,7.03,0.218,6.58,33.82,689,N,32,0
CUST-17535,25,133423,OWN,1.9,VENTURE,B,5153,11.75,0.039,6.42,35.54,656,N,5,0
CUST-17536,58,19591,MORTGAGE,10.9,EDUCATION,B,6184,10.93,0.316,12.86,22.29,689,N,35,0
CUST-17537,29,124780,RENT,2.7,MEDICAL,A,11723,6.89,0.094,18.4,42.12,753,N,9,1
CUST-17538,26,51289,RENT,8.0,HOMEIMPROVEMENT,B,7515,8.8,0.147,34.82,44.92,679,N,4,0
CUST-17539,45,65735,MORTGAGE,7.6,EDUCATION,C,20585,14.71,0.313,7.93,69.74,642,N,26,1
CUST-17540,53,133994,MORTGAGE,8.5,VENTURE,C,10184,13.26,0.076,17.72,92.86,618,Y,33,0
CUST-17541,49,68628,MORTGAGE,22.9,EDUCATION,D,9306,15.11,0.136,19.49,77.17,643,N,30,1
CUST-17542,55,62331,OWN,6.9,MEDICAL,B,5599,9.68,0.09,2.51,42.74,690,N,35,0
CUST-17543,40,56691,OWN,0.2,PERSONAL,B,15155,9.99,0.267,32.49,39.4,741,N,22,0
CUST-17544,36,36677,RENT,1.1,HOMEIMPROVEMENT,C,7689,13.14,0.21,12.7,66.13,641,N,18,0
CUST-17545,52,48189,RENT,0.2,PERSONAL,A,24772,6.25,0.514,22.26,14.53,763,N,34,0
CUST-17546,29,31910,MORTGAGE,1.1,EDUCATION,C,11366,12.26,0.356,19.62,50.52,666,N,8,0
CUST-17547,66,47727,MORTGAGE,0.3,EDUCATION,B,6192,13.34,0.13,27.1,45.7,706,N,35,0
CUST-17548,61,15000,RENT,3.5,VENTURE,B,4961,10.9,0.331,8.87,50.71,661,N,35,0
CUST-17549,31,63412,MORTGAGE,0.1,VENTURE,A,8319,7.01,0.131,10.89,69.9,738,N,11,0
CUST-17550,35,45567,MORTGAGE,3.2,PERSONAL,A,5504,7.95,0.121,6.3,56.96,677,N,16,0
CUST-17551,60,40065,RENT,11.5,PERSONAL,B,2577,10.69,0.064,22.38,66.35,757,N,35,0
CUST-17552,51,55929,RENT,6.9,HOMEIMPROVEMENT,B,1411,9.41,0.025,4.75,41.34,582,Y,31,0
CUST-17553,34,20740,OWN,14.4,VENTURE,F,9946,19.7,0.48,37.84,50.26,559,N,16,1
CUST-17554,46,155992,MORTGAGE,1.3,HOMEIMPROVEMENT,E,9587,18.86,0.061,5.78,66.92,574,Y,27,1
CUST-17555,47,46089,RENT,3.8,VENTURE,C,7108,13.28,0.154,27.67,39.45,589,Y,27,0
CUST-17556,36,44913,MORTGAGE,1.9,VENTURE,D,33737,16.37,0.751,17.4,90.01,619,N,15,1
CUST-17557,65,27467,MORTGAGE,3.4,EDUCATION,C,8983,11.3,0.327,23.86,73.46,611,Y,35,1
CUST-17558,69,49730,OWN,4.1,MEDICAL,B,28786,13.48,0.579,31.63,28.03,715,N,35,0
CUST-17559,21,112665,RENT,0.2,HOMEIMPROVEMENT,B,7014,13.38,0.062,25.67,45.37,698,N,1,0
CUST-17560,55,91267,OTHER,1.3,PERSONAL,A,8078,8.03,0.089,8.11,69.15,758,N,35,0
CUST-17561,69,81851,RENT,6.1,MEDICAL,C,11775,13.53,0.144,3.11,39.26,637,N,35,1
CUST-17562,26,68039,MORTGAGE,7.4,VENTURE,A,3376,6.82,0.05,13.7,43.87,797,Y,8,0
CUST-17563,32,39532,MORTGAGE,4.2,MEDICAL,D,1000,17.19,0.025,13.98,35.03,574,N,12,0
CUST-17564,34,20535,RENT,1.6,VENTURE,B,7605,10.36,0.37,31.37,47.85,676,N,15,0
CUST-17565,44,43450,RENT,2.6,EDUCATION,A,8352,9.0,0.192,7.2,21.85,744,N,25,0
CUST-17566,42,42551,OWN,0.5,PERSONAL,D,10385,17.6,0.244,10.9,80.83,606,N,21,1
CUST-17567,41,91975,MORTGAGE,15.3,PERSONAL,D,6348,15.48,0.069,20.39,65.71,570,N,23,0
CUST-17568,45,59020,MORTGAGE,10.2,DEBTCONSOLIDATION,D,11805,15.67,0.2,13.41,100.0,540,N,24,1
CUST-17569,52,128976,RENT,0.3,DEBTCONSOLIDATION,C,11434,14.66,0.089,5.2,91.47,662,N,33,0
CUST-17570,30,100558,RENT,0.9,EDUCATION,C,5538,14.33,0.055,22.63,59.94,661,Y,8,1
CUST-17571,29,37275,RENT,4.4,PERSONAL,B,8020,9.16,0.215,13.67,69.23,760,N,7,0
CUST-17572,44,16695,OWN,1.3,PERSONAL,A,13947,6.95,0.835,26.54,40.02,794,N,22,1
CUST-17573,56,112571,MORTGAGE,13.6,EDUCATION,A,2879,7.32,0.026,17.88,42.83,752,N,35,0
CUST-17574,67,110816,OWN,7.0,EDUCATION,B,6246,10.46,0.056,13.23,57.46,676,Y,35,0
CUST-17575,62,21596,RENT,1.6,EDUCATION,B,4454,10.41,0.206,37.21,37.93,739,N,35,0
CUST-17576,57,121242,MORTGAGE,0.0,HOMEIMPROVEMENT,B,8275,11.58,0.068,22.32,32.85,670,N,35,0
CUST-17577,60,61652,RENT,8.0,VENTURE,A,9349,7.67,0.152,11.77,100.0,781,N,35,0
CUST-17578,64,53982,MORTGAGE,2.8,PERSONAL,A,16258,7.6,0.301,30.66,22.55,700,N,35,0
CUST-17579,43,129168,RENT,5.1,VENTURE,C,2123,12.59,0.016,2.7,74.89,719,N,21,0
CUST-17580,59,109843,RENT,1.7,MEDICAL,A,1361,7.7,0.012,14.2,24.16,713,N,35,0
CUST-17581,65,72460,MORTGAGE,0.8,PERSONAL,A,8638,7.47,0.119,33.71,46.81,715,N,35,0
CUST-17582,52,65116,RENT,5.6,VENTURE,B,9711,9.92,0.149,24.41,100.0,633,N,31,0
CUST-17583,36,70957,MORTGAGE,3.0,PERSONAL,A,5659,6.12,0.08,9.07,44.86,736,N,17,0
CUST-17584,43,38559,MORTGAGE,1.3,PERSONAL,E,7950,21.03,0.206,8.07,55.84,585,N,24,0
CUST-17585,56,47426,MORTGAGE,0.7,PERSONAL,C,6489,15.64,0.137,7.86,46.66,629,Y,34,0
CUST-17586,21,28527,OTHER,3.0,DEBTCONSOLIDATION,B,9009,10.79,0.316,17.55,97.05,669,N,1,0
CUST-17587,51,40141,RENT,6.5,VENTURE,A,4668,9.22,0.116,10.19,26.92,699,N,31,1
CUST-17588,43,39340,RENT,1.7,EDUCATION,B,13429,10.78,0.341,13.67,47.89,710,N,24,1
CUST-17589,28,33483,MORTGAGE,6.6,HOMEIMPROVEMENT,C,3406,11.84,0.102,23.67,78.84,674,N,8,0
CUST-17590,23,53212,MORTGAGE,1.0,EDUCATION,F,13391,22.36,0.252,14.5,85.71,536,Y,4,1
CUST-17591,36,40360,RENT,,DEBTCONSOLIDATION,B,6390,10.09,0.158,8.54,49.39,724,Y,18,0
CUST-17592,36,66259,MORTGAGE,6.8,VENTURE,C,20260,14.07,0.306,17.25,53.54,607,N,16,0
CUST-17593,69,18520,RENT,5.4,MEDICAL,A,10473,9.38,0.565,33.13,55.14,728,N,35,0
CUST-17594,67,45797,RENT,1.6,HOMEIMPROVEMENT,C,5988,12.89,0.131,29.05,100.0,643,N,35,1
CUST-17595,49,53046,RENT,0.7,VENTURE,A,5944,7.97,0.112,27.99,37.21,795,N,31,0
CUST-17596,59,40685,RENT,0.2,HOMEIMPROVEMENT,A,13185,8.53,0.324,31.01,72.99,795,N,35,0
CUST-17597,30,44203,RENT,9.1,HOMEIMPROVEMENT,B,12049,12.13,0.273,28.38,60.74,728,N,12,0
CUST-17598,40,18936,RENT,0.4,PERSONAL,A,10880,8.68,0.575,30.59,90.0,777,N,20,1
CUST-17599,40,60711,RENT,0.6,EDUCATION,C,10363,12.16,0.171,28.06,49.85,622,N,22,0
CUST-17600,37,72298,RENT,1.4,PERSONAL,E,3309,18.16,0.046,7.19,88.34,574,Y,17,1
CUST-17601,48,65915,RENT,2.9,EDUCATION,B,19070,11.42,0.289,24.94,38.31,642,N,29,0
CUST-17602,43,91421,MORTGAGE,7.8,EDUCATION,B,6323,10.04,0.069,10.22,55.05,727,N,24,0
CUST-17603,29,55321,RENT,1.4,PERSONAL,A,13241,6.32,0.239,24.88,22.63,741,N,8,0
CUST-17604,64,65330,RENT,3.9,EDUCATION,B,3403,11.93,0.052,32.44,83.76,771,N,35,0
CUST-17605,36,53833,RENT,0.5,HOMEIMPROVEMENT,B,5171,10.06,0.096,13.0,32.95,709,N,18,0
CUST-17606,37,74052,RENT,3.1,HOMEIMPROVEMENT,B,5661,12.46,0.076,11.84,64.4,674,N,17,1
CUST-17607,61,19027,RENT,1.0,PERSONAL,C,10374,12.97,0.545,26.22,81.23,640,N,35,1
CUST-17608,67,28677,RENT,1.2,PERSONAL,C,9494,12.6,0.331,19.15,79.43,628,N,35,1
CUST-17609,39,127025,MORTGAGE,2.3,PERSONAL,A,3237,7.42,0.025,3.91,31.46,730,N,19,0
CUST-17610,56,15000,MORTGAGE,7.2,HOMEIMPROVEMENT,C,8589,14.41,0.573,21.15,80.75,649,N,35,0
CUST-17611,64,45066,OWN,6.8,MEDICAL,D,7175,16.85,0.159,24.23,46.59,575,Y,35,0
CUST-17612,37,99048,MORTGAGE,2.7,DEBTCONSOLIDATION,A,21598,9.77,0.218,11.58,41.01,748,N,17,0
CUST-17613,36,46353,RENT,0.6,HOMEIMPROVEMENT,B,6106,10.71,0.132,8.82,100.0,631,N,14,1
CUST-17614,28,38445,RENT,1.6,HOMEIMPROVEMENT,B,8546,10.29,0.222,19.23,32.05,706,N,10,0
CUST-17615,33,52979,MORTGAGE,3.5,PERSONAL,C,17904,15.31,0.338,26.2,78.28,623,N,15,1
CUST-17616,68,39661,RENT,10.2,MEDICAL,B,8128,11.21,0.205,27.55,56.38,653,N,35,0
CUST-17617,48,49936,MORTGAGE,17.3,DEBTCONSOLIDATION,D,7633,16.0,0.153,18.15,47.6,635,N,29,0
CUST-17618,50,32531,RENT,5.1,PERSONAL,B,4652,10.79,0.143,9.36,100.0,638,N,28,0
CUST-17619,23,95339,MORTGAGE,2.2,MEDICAL,B,3143,10.76,0.033,7.16,66.81,722,N,5,0
CUST-17620,37,115146,OWN,5.9,EDUCATION,C,7333,13.25,0.064,7.42,31.21,666,N,18,0
CUST-17621,39,45250,OWN,2.0,EDUCATION,E,13821,19.72,0.305,10.42,44.58,539,N,20,0
CUST-17622,66,21335,RENT,4.9,HOMEIMPROVEMENT,D,2580,14.95,0.121,19.12,43.98,600,N,35,0
CUST-17623,62,35799,RENT,1.4,MEDICAL,E,7675,19.07,0.214,21.96,96.66,579,Y,35,1
CUST-17624,63,43897,MORTGAGE,1.6,VENTURE,A,13646,8.02,0.311,10.62,71.56,758,N,35,0
CUST-17625,28,66391,MORTGAGE,0.4,VENTURE,A,2891,6.87,0.044,19.86,36.9,782,N,10,0
CUST-17626,32,26774,RENT,2.7,MEDICAL,B,3962,9.43,0.148,8.85,30.8,726,N,13,0
CUST-17627,34,30899,MORTGAGE,4.8,HOMEIMPROVEMENT,A,7920,7.45,0.256,21.11,7.27,786,N,13,0
CUST-17628,46,66596,MORTGAGE,7.8,DEBTCONSOLIDATION,C,7886,12.93,0.118,17.95,38.16,690,N,28,0
CUST-17629,34,86106,OWN,8.3,DEBTCONSOLIDATION,A,11353,5.91,0.132,32.46,58.93,754,N,16,0
CUST-17630,47,33760,MORTGAGE,24.4,HOMEIMPROVEMENT,B,4270,8.94,0.126,4.1,89.58,690,N,27,0
CUST-17631,56,22028,RENT,0.5,MEDICAL,C,15055,13.99,0.683,38.98,66.32,646,N,35,0
CUST-17632,38,350000,MORTGAGE,3.4,PERSONAL,B,7061,10.61,0.02,28.16,58.61,688,N,20,1
CUST-17633,45,78431,MORTGAGE,3.7,PERSONAL,A,5416,7.88,0.069,17.79,85.18,801,N,26,0
CUST-17634,45,41764,MORTGAGE,8.2,EDUCATION,D,17644,16.14,0.422,16.83,51.83,583,N,26,0
CUST-17635,44,82571,MORTGAGE,1.5,EDUCATION,C,13522,11.68,0.164,6.74,48.23,690,N,23,0
CUST-17636,45,45493,OWN,0.4,PERSONAL,B,4714,9.45,0.104,13.81,37.11,683,N,26,0
CUST-17637,45,82478,MORTGAGE,1.9,EDUCATION,C,10071,13.11,0.122,35.62,54.82,689,N,23,0
CUST-17638,65,53940,RENT,20.7,PERSONAL,B,10069,11.02,0.187,16.14,28.45,725,N,35,0
CUST-17639,47,51780,MORTGAGE,11.5,MEDICAL,B,11518,8.4,0.222,17.22,80.46,699,N,29,0
CUST-17640,68,45791,MORTGAGE,2.5,PERSONAL,A,9740,5.0,0.213,16.91,61.67,759,N,35,0
CUST-17641,37,20569,RENT,10.4,VENTURE,D,21522,18.24,1.046,61.83,62.44,571,N,15,1
CUST-17642,51,156820,RENT,0.2,EDUCATION,B,11548,11.22,0.074,29.71,46.77,720,N,31,0
CUST-17643,22,27863,MORTGAGE,1.9,VENTURE,C,9422,12.45,0.338,11.57,95.34,683,N,1,1
CUST-17644,21,21676,MORTGAGE,3.0,HOMEIMPROVEMENT,A,10408,7.22,0.48,23.19,54.93,797,N,1,0
CUST-17645,52,43143,MORTGAGE,1.3,PERSONAL,C,9824,12.99,0.228,20.15,28.62,639,N,32,0
CUST-17646,61,27532,RENT,1.1,DEBTCONSOLIDATION,A,25094,7.85,0.911,19.94,47.36,827,N,35,0
CUST-17647,38,47523,OTHER,9.9,VENTURE,C,9711,12.89,0.204,24.9,23.85,639,N,20,0
CUST-17648,36,74062,RENT,4.8,PERSONAL,D,14636,15.12,0.198,22.0,76.08,594,N,16,0
CUST-17649,63,89070,RENT,22.6,EDUCATION,C,10978,14.09,0.123,3.26,78.31,644,N,35,0
CUST-17650,52,79924,RENT,0.7,HOMEIMPROVEMENT,C,4970,15.68,0.062,14.95,49.43,644,N,32,0
CUST-17651,31,40807,MORTGAGE,2.2,MEDICAL,B,7684,11.14,0.188,23.57,74.35,650,N,9,0
CUST-17652,68,50501,RENT,1.9,EDUCATION,B,10303,10.59,0.204,15.7,41.49,660,N,35,0
CUST-17653,22,62612,RENT,4.0,DEBTCONSOLIDATION,A,11938,7.24,0.191,9.98,20.31,707,N,4,0
CUST-17654,62,17074,MORTGAGE,1.5,HOMEIMPROVEMENT,A,10538,6.55,0.617,15.53,59.75,758,Y,35,1
CUST-17655,68,69033,RENT,2.2,VENTURE,C,24682,13.01,0.358,25.51,56.67,702,N,35,0
CUST-17656,45,20447,MORTGAGE,0.8,HOMEIMPROVEMENT,E,3040,19.97,0.149,13.61,69.78,547,N,27,0
CUST-17657,54,166742,MORTGAGE,7.5,VENTURE,B,9117,11.92,0.055,31.62,64.09,696,N,32,0
CUST-17658,27,38456,MORTGAGE,,EDUCATION,C,4139,14.98,0.108,8.23,36.29,622,Y,9,0
CUST-17659,55,43873,RENT,0.4,MEDICAL,C,5477,13.7,0.125,17.66,96.74,673,N,34,1
CUST-17660,26,30889,MORTGAGE,2.9,HOMEIMPROVEMENT,G,6094,24.72,0.197,7.79,37.45,509,Y,4,0
CUST-17661,65,33591,RENT,2.5,PERSONAL,C,2839,13.56,0.085,11.59,82.83,682,N,35,1
CUST-17662,65,191847,MORTGAGE,1.0,PERSONAL,C,9060,14.19,0.047,20.14,73.44,615,N,35,1
CUST-17663,55,86182,MORTGAGE,0.7,PERSONAL,A,3584,7.56,0.042,14.97,69.29,749,N,35,0
CUST-17664,35,19350,RENT,11.3,PERSONAL,B,8733,10.58,0.451,42.52,67.64,692,N,16,0
CUST-17665,43,120876,RENT,0.4,PERSONAL,A,13509,6.47,0.112,28.69,25.73,744,N,23,0
CUST-17666,20,100302,RENT,0.5,HOMEIMPROVEMENT,D,14559,15.44,0.145,13.07,59.03,645,N,1,0
CUST-17667,68,41409,RENT,1.4,HOMEIMPROVEMENT,B,6998,9.67,0.169,26.18,28.52,680,N,35,0
CUST-17668,44,58924,MORTGAGE,15.3,PERSONAL,B,6019,10.79,0.102,6.21,34.3,684,N,25,1
CUST-17669,29,48583,MORTGAGE,0.4,VENTURE,F,4762,21.63,0.098,8.77,70.93,502,N,8,1
CUST-17670,35,160099,RENT,8.5,VENTURE,D,2415,19.6,0.015,23.82,18.71,686,N,17,0
CUST-17671,35,30400,MORTGAGE,11.1,EDUCATION,C,5066,13.97,0.167,30.0,64.3,617,N,16,1
CUST-17672,27,53509,OWN,2.4,EDUCATION,A,5891,9.38,0.11,13.49,75.23,771,N,8,0
CUST-17673,48,37915,MORTGAGE,1.7,EDUCATION,A,12795,9.28,0.337,8.51,36.92,702,N,27,0
CUST-17674,58,20747,RENT,5.7,VENTURE,A,16857,8.01,0.813,28.36,64.27,766,N,35,0
CUST-17675,47,182587,MORTGAGE,6.1,EDUCATION,C,8186,13.45,0.045,16.05,81.22,610,N,28,1
CUST-17676,25,24126,MORTGAGE,7.0,EDUCATION,B,11540,9.42,0.478,26.03,44.28,705,N,4,0
CUST-17677,35,55942,MORTGAGE,8.9,PERSONAL,A,21070,6.78,0.377,11.53,48.14,761,N,13,0
CUST-17678,39,17250,RENT,1.6,DEBTCONSOLIDATION,C,18681,14.51,1.083,32.94,60.64,647,N,21,1
CUST-17679,35,38582,RENT,5.8,VENTURE,A,4221,7.82,0.109,28.01,37.09,775,N,17,0
CUST-17680,26,63144,MORTGAGE,0.7,MEDICAL,B,8786,9.73,0.139,9.98,58.55,716,N,4,0
CUST-17681,60,29886,MORTGAGE,3.6,DEBTCONSOLIDATION,C,5299,13.25,0.177,18.89,30.81,626,N,35,0
CUST-17682,33,69708,MORTGAGE,4.7,EDUCATION,B,16713,10.9,0.24,9.31,55.7,717,N,11,1
CUST-17683,62,41713,RENT,0.9,VENTURE,G,3486,24.53,0.084,7.46,75.59,508,Y,35,1
CUST-17684,45,98326,MORTGAGE,0.4,EDUCATION,B,2751,10.21,0.028,2.0,28.87,733,N,26,0
CUST-17685,45,110974,RENT,1.1,EDUCATION,B,1838,10.43,0.017,15.78,88.88,649,N,24,1
CUST-17686,33,34473,RENT,2.7,HOMEIMPROVEMENT,A,8090,5.0,0.235,21.89,89.13,754,N,12,0
CUST-17687,26,51330,MORTGAGE,8.0,HOMEIMPROVEMENT,B,9205,10.52,0.179,11.87,44.31,703,N,6,0
CUST-17688,52,54724,RENT,3.8,EDUCATION,D,12121,15.23,0.221,14.73,75.94,597,N,34,0
CUST-17689,45,71083,RENT,6.9,PERSONAL,E,8630,19.94,0.121,17.59,75.65,607,N,24,1
CUST-17690,64,49445,MORTGAGE,1.0,EDUCATION,F,21816,22.16,0.441,16.04,70.54,505,N,35,0
CUST-17691,39,54947,MORTGAGE,0.6,VENTURE,B,12648,11.4,0.23,20.88,64.03,725,N,20,0
CUST-17692,22,42359,RENT,1.4,PERSONAL,B,7506,11.41,0.177,19.95,71.19,675,N,1,1
CUST-17693,23,52530,MORTGAGE,1.9,VENTURE,B,7183,12.56,0.137,11.32,21.6,746,Y,3,0
CUST-17694,45,106805,RENT,4.0,HOMEIMPROVEMENT,B,9268,8.12,0.087,5.36,57.01,714,N,26,0
CUST-17695,30,72232,RENT,10.7,PERSONAL,A,2213,7.35,0.031,3.9,34.26,695,N,8,0
CUST-17696,21,74664,RENT,2.8,HOMEIMPROVEMENT,A,6840,5.05,0.092,19.77,15.63,790,N,1,0
CUST-17697,33,75647,RENT,3.7,PERSONAL,B,7374,11.09,0.097,14.5,88.57,720,N,15,1
CUST-17698,63,44699,OTHER,0.0,VENTURE,A,8157,7.3,0.182,9.54,61.99,753,N,35,0
CUST-17699,49,59355,RENT,0.2,HOMEIMPROVEMENT,D,10153,15.94,0.171,25.32,75.55,588,Y,29,1
CUST-17700,68,25562,MORTGAGE,0.4,MEDICAL,C,11674,13.82,0.457,28.3,62.74,620,N,35,1
CUST-17701,31,104954,MORTGAGE,6.0,EDUCATION,B,24817,,0.236,21.42,51.0,718,N,12,1
CUST-17702,45,15000,OTHER,3.3,DEBTCONSOLIDATION,A,7256,9.72,0.484,11.65,23.25,696,N,26,0
CUST-17703,63,46523,RENT,1.1,PERSONAL,C,5763,13.21,0.124,9.8,46.19,626,N,35,0
CUST-17704,52,97201,MORTGAGE,4.5,MEDICAL,C,6516,13.59,0.067,20.65,46.85,674,N,34,0
CUST-17705,32,21626,OWN,3.9,EDUCATION,B,5525,10.35,0.255,22.28,85.41,651,N,10,1
CUST-17706,33,62309,RENT,0.5,MEDICAL,C,4435,14.61,0.071,6.99,51.54,602,N,14,0
CUST-17707,43,32582,RENT,5.1,MEDICAL,D,10020,15.06,0.308,12.58,71.69,628,N,23,0
CUST-17708,53,39289,RENT,7.3,MEDICAL,C,12967,14.49,0.33,25.43,93.5,641,N,33,1
CUST-17709,63,86471,MORTGAGE,1.7,EDUCATION,B,1959,9.88,0.023,17.69,94.15,758,N,35,0
CUST-17710,45,55206,MORTGAGE,5.8,VENTURE,A,2102,6.89,0.038,4.04,76.57,739,N,23,0
CUST-17711,40,15000,RENT,1.1,PERSONAL,B,2830,11.56,0.189,20.44,100.0,646,N,19,1
CUST-17712,47,27286,MORTGAGE,7.1,PERSONAL,E,8604,19.18,0.315,11.07,68.05,610,Y,26,1
CUST-17713,67,88009,RENT,12.1,MEDICAL,D,5144,17.24,0.058,11.9,44.61,563,Y,35,1
CUST-17714,55,64174,MORTGAGE,2.9,MEDICAL,A,11657,8.26,0.182,15.04,56.91,715,N,33,0
CUST-17715,59,139927,RENT,1.4,EDUCATION,C,7387,13.08,0.053,33.15,81.69,638,Y,35,1
CUST-17716,21,134536,MORTGAGE,2.5,MEDICAL,A,5784,7.78,0.043,12.01,70.18,756,N,2,0
CUST-17717,61,39920,RENT,1.4,MEDICAL,B,5381,9.92,0.135,16.94,52.91,713,N,35,0
CUST-17718,28,220123,RENT,0.0,EDUCATION,D,14774,16.48,0.067,10.46,43.7,644,Y,7,1
CUST-17719,42,49746,MORTGAGE,5.3,VENTURE,B,5721,11.07,0.115,23.11,77.42,610,N,22,0
CUST-17720,34,27512,RENT,0.2,DEBTCONSOLIDATION,B,5409,9.35,0.197,10.56,25.85,667,N,16,0
CUST-17721,32,33517,MORTGAGE,1.2,MEDICAL,B,5982,11.03,0.178,15.07,57.79,737,N,14,0
CUST-17722,42,15000,OWN,6.4,HOMEIMPROVEMENT,B,11011,10.88,0.734,38.57,46.2,669,N,22,1
CUST-17723,36,128567,RENT,5.5,EDUCATION,D,15451,14.71,0.12,21.32,62.15,608,Y,14,1
CUST-17724,67,127625,MORTGAGE,0.4,VENTURE,D,5407,15.6,0.042,12.34,34.28,657,N,35,1
CUST-17725,21,26654,RENT,3.0,VENTURE,D,5486,15.67,0.206,7.88,86.13,604,N,1,0
CUST-17726,39,42756,RENT,13.3,VENTURE,A,15544,6.97,0.364,14.33,63.12,741,N,19,0
CUST-17727,39,51915,RENT,0.4,HOMEIMPROVEMENT,C,5005,12.35,0.096,20.12,38.88,644,N,19,0
CUST-17728,65,27550,OTHER,2.7,EDUCATION,A,3242,8.63,0.118,26.15,75.73,795,N,35,0
CUST-17729,22,17101,RENT,4.0,EDUCATION,A,11150,8.77,0.652,32.52,25.94,694,N,1,1
CUST-17730,31,43208,OWN,5.5,PERSONAL,B,10195,9.55,0.236,26.45,57.93,763,N,13,0
CUST-17731,59,40431,OTHER,1.3,VENTURE,B,6216,9.11,0.154,25.79,39.94,692,N,35,0
CUST-17732,21,38830,RENT,0.9,HOMEIMPROVEMENT,A,13996,7.48,0.36,36.74,63.19,738,N,1,0
CUST-17733,55,56029,MORTGAGE,7.7,EDUCATION,A,2766,9.1,0.049,8.98,43.82,722,N,35,0
CUST-17734,33,115579,MORTGAGE,15.0,EDUCATION,B,19572,13.09,0.169,32.46,67.58,660,N,11,0
CUST-17735,35,40869,RENT,7.3,VENTURE,B,8678,9.69,0.212,11.82,62.95,618,N,13,0
CUST-17736,38,54299,RENT,16.5,PERSONAL,A,25776,5.0,0.475,16.66,30.3,793,Y,16,0
CUST-17737,53,75820,RENT,4.6,EDUCATION,B,9693,8.72,0.128,21.87,35.99,622,N,31,0
CUST-17738,63,68356,MORTGAGE,13.2,EDUCATION,B,2592,8.36,0.038,5.06,40.0,698,N,35,0
CUST-17739,65,33905,MORTGAGE,5.9,MEDICAL,B,8141,11.0,0.24,19.15,35.21,685,N,35,0
CUST-17740,25,51939,RENT,7.0,MEDICAL,E,8854,19.62,0.17,26.9,39.65,580,N,7,0
CUST-17741,32,68085,RENT,0.9,EDUCATION,B,3120,10.76,0.046,15.17,82.35,630,N,13,0
CUST-17742,55,24909,OWN,8.5,MEDICAL,G,6182,25.85,0.248,43.53,95.22,471,N,34,0
CUST-17743,41,104623,RENT,1.1,DEBTCONSOLIDATION,A,6003,9.45,0.057,9.98,54.91,767,N,19,0
CUST-17744,37,115722,MORTGAGE,0.1,PERSONAL,A,9029,8.51,0.078,4.2,41.75,756,N,18,0
CUST-17745,31,31771,RENT,3.6,VENTURE,C,12004,14.38,0.378,28.38,81.23,627,N,11,1
CUST-17746,49,55061,MORTGAGE,1.9,VENTURE,C,19475,11.73,0.354,40.84,84.38,654,N,29,1
CUST-17747,59,72068,OWN,0.2,DEBTCONSOLIDATION,B,13930,9.89,0.193,12.5,55.19,760,Y,35,0
CUST-17748,26,35335,RENT,8.0,VENTURE,A,7628,9.16,0.216,7.36,33.3,788,N,5,0
CUST-17749,51,65445,RENT,5.5,VENTURE,C,8715,12.84,0.133,18.24,27.08,684,N,32,0
CUST-17750,67,54065,MORTGAGE,11.6,VENTURE,E,10081,20.83,0.186,7.18,76.66,589,Y,35,0
CUST-17751,38,20317,RENT,20.0,EDUCATION,F,11947,22.15,0.588,19.53,92.54,536,Y,19,1
CUST-17752,25,64569,RENT,2.5,MEDICAL,C,7148,14.44,0.111,27.08,84.21,626,N,4,1
CUST-17753,39,25334,MORTGAGE,1.5,MEDICAL,C,5778,12.45,0.228,19.51,84.53,652,N,21,0
CUST-17754,46,86122,RENT,1.0,MEDICAL,D,15067,17.42,0.175,10.35,44.66,679,N,27,1
CUST-17755,62,32770,RENT,3.6,PERSONAL,C,20025,12.73,0.611,20.42,36.15,682,N,35,1
CUST-17756,56,44499,MORTGAGE,4.7,EDUCATION,G,23464,24.78,0.527,22.76,89.1,487,Y,35,1
CUST-17757,67,111677,MORTGAGE,3.2,EDUCATION,D,10164,16.47,0.091,22.44,100.0,537,Y,35,1
CUST-17758,26,66027,RENT,2.4,VENTURE,C,11243,14.93,0.17,15.3,47.56,677,N,6,0
CUST-17759,24,25650,MORTGAGE,0.9,DEBTCONSOLIDATION,B,9069,11.5,0.354,21.84,29.49,733,N,4,0
CUST-17760,30,26663,MORTGAGE,2.9,EDUCATION,B,14855,8.38,0.557,20.36,22.95,681,N,11,1
CUST-17761,34,34214,MORTGAGE,0.4,PERSONAL,D,10898,15.53,0.319,25.19,100.0,587,N,15,1
CUST-17762,22,62117,RENT,4.0,DEBTCONSOLIDATION,B,8959,9.74,0.144,19.91,59.61,632,N,3,1
CUST-17763,24,60777,RENT,0.2,VENTURE,A,3491,8.33,0.057,15.49,67.78,794,N,3,0
CUST-17764,42,29558,MORTGAGE,2.4,HOMEIMPROVEMENT,B,1587,9.91,0.054,3.77,81.41,685,N,22,0
CUST-17765,56,24335,MORTGAGE,0.5,PERSONAL,F,3913,20.69,0.161,13.42,73.9,539,Y,34,1
CUST-17766,28,58043,MORTGAGE,7.5,HOMEIMPROVEMENT,C,14403,,0.248,16.88,67.79,612,Y,8,0
CUST-17767,34,43953,RENT,1.9,HOMEIMPROVEMENT,A,7214,8.37,0.164,8.03,74.14,699,N,13,0
CUST-17768,22,178854,MORTGAGE,0.6,PERSONAL,A,15112,5.01,0.084,18.45,40.19,802,N,3,0
CUST-17769,48,50109,MORTGAGE,3.8,PERSONAL,C,6947,14.77,0.139,25.06,34.79,636,Y,29,0
CUST-17770,25,145590,RENT,7.0,EDUCATION,B,9485,8.96,0.065,8.68,96.46,674,N,4,0
CUST-17771,36,24288,RENT,12.0,EDUCATION,A,1545,6.96,0.064,23.11,56.47,850,N,18,0
CUST-17772,45,19073,MORTGAGE,1.4,DEBTCONSOLIDATION,F,7576,20.6,0.397,32.46,35.78,564,Y,24,1
CUST-17773,40,25032,MORTGAGE,6.4,EDUCATION,B,4702,,0.188,17.76,68.11,675,N,21,1
CUST-17774,27,100055,RENT,0.2,VENTURE,C,5888,13.23,0.059,16.49,35.21,676,N,7,0
CUST-17775,40,140598,MORTGAGE,0.7,HOMEIMPROVEMENT,D,14435,16.34,0.103,16.5,44.56,554,N,20,1
CUST-17776,30,30659,MORTGAGE,3.5,EDUCATION,B,3466,8.64,0.113,7.58,57.42,689,N,10,0
CUST-17777,57,37184,MORTGAGE,1.3,VENTURE,B,15004,10.01,0.404,16.27,57.04,671,N,35,0
CUST-17778,27,24309,MORTGAGE,8.0,PERSONAL,B,6956,10.62,0.286,25.12,47.4,715,N,5,0
CUST-17779,61,16531,MORTGAGE,13.4,EDUCATION,F,9409,22.56,0.569,34.33,82.77,588,N,35,1
CUST-17780,43,75436,RENT,0.0,DEBTCONSOLIDATION,A,2569,5.05,0.034,4.7,46.19,691,N,24,0
CUST-17781,54,56039,RENT,1.3,PERSONAL,C,2114,12.93,0.038,11.63,29.5,715,N,34,0
CUST-17782,33,49330,MORTGAGE,2.9,EDUCATION,B,3755,8.04,0.076,21.27,58.51,726,N,13,1
CUST-17783,33,21162,RENT,4.1,HOMEIMPROVEMENT,D,5307,15.89,0.251,21.61,80.31,575,N,13,0
CUST-17784,29,131133,MORTGAGE,11.0,VENTURE,D,8063,15.98,0.061,35.38,81.32,576,Y,9,1
CUST-17785,31,36242,MORTGAGE,11.1,VENTURE,A,5311,8.25,0.147,3.21,71.8,725,N,10,0
CUST-17786,57,67519,RENT,5.1,HOMEIMPROVEMENT,A,10580,8.67,0.157,14.9,83.4,720,N,35,1
CUST-17787,63,20481,MORTGAGE,1.5,PERSONAL,A,4580,6.27,0.224,16.06,80.37,721,N,35,0
CUST-17788,65,43725,MORTGAGE,7.6,HOMEIMPROVEMENT,B,4232,10.85,0.097,20.95,52.86,637,N,35,0
CUST-17789,53,58385,RENT,1.1,HOMEIMPROVEMENT,D,12561,17.29,0.215,11.11,57.57,603,Y,34,1
CUST-17790,60,59649,RENT,16.8,PERSONAL,A,7565,6.6,0.127,13.62,76.38,776,Y,35,1
CUST-17791,29,53787,OWN,0.0,MEDICAL,B,3064,11.43,0.057,2.0,61.74,680,Y,9,0
CUST-17792,36,65954,RENT,4.2,EDUCATION,D,15833,16.66,0.24,21.47,100.0,620,N,15,1
CUST-17793,36,24876,MORTGAGE,0.5,PERSONAL,E,11788,19.17,0.474,12.31,63.73,609,N,14,0
CUST-17794,22,55183,RENT,2.6,EDUCATION,C,9479,13.67,0.172,11.38,45.03,598,N,1,1
CUST-17795,50,52483,RENT,5.0,VENTURE,D,8874,14.6,0.169,10.04,100.0,587,N,28,1
CUST-17796,20,56331,RENT,2.0,DEBTCONSOLIDATION,B,9155,10.67,0.163,10.38,85.62,647,N,1,0
CUST-17797,31,51195,MORTGAGE,7.7,VENTURE,A,3599,6.49,0.07,13.29,83.11,701,N,12,0
CUST-17798,58,22835,RENT,4.5,HOMEIMPROVEMENT,A,13121,7.53,0.575,35.53,52.42,798,N,35,1
CUST-17799,23,22232,RENT,1.4,PERSONAL,B,4028,10.01,0.181,10.91,64.21,682,Y,5,1
CUST-17800,61,15000,MORTGAGE,11.0,EDUCATION,B,13423,10.85,0.895,42.03,75.61,716,N,35,1
CUST-17801,32,80059,RENT,8.3,DEBTCONSOLIDATION,B,16878,11.93,0.211,17.79,48.26,706,N,11,0
CUST-17802,53,80546,RENT,0.9,HOMEIMPROVEMENT,A,11162,7.65,0.139,7.52,64.2,775,N,32,0
CUST-17803,61,81318,RENT,8.8,EDUCATION,A,6354,8.7,0.078,22.74,19.47,755,Y,35,0
CUST-17804,40,58928,RENT,18.0,VENTURE,A,23670,6.27,0.402,41.35,39.32,754,N,21,0
CUST-17805,41,15000,MORTGAGE,5.1,EDUCATION,E,4784,21.22,0.319,24.69,73.99,518,N,19,1
CUST-17806,23,26475,RENT,1.7,MEDICAL,F,8315,20.78,0.314,21.14,50.48,531,Y,2,0
CUST-17807,37,54298,RENT,4.7,HOMEIMPROVEMENT,A,10248,6.0,0.189,19.45,44.08,751,N,17,0
CUST-17808,24,53173,MORTGAGE,2.1,VENTURE,A,8617,7.17,0.162,18.49,30.57,717,N,5,0
CUST-17809,38,42888,OWN,5.6,EDUCATION,D,3830,15.97,0.089,16.94,33.8,538,Y,20,0
CUST-17810,21,61166,MORTGAGE,3.0,EDUCATION,A,3419,5.6,0.056,14.46,26.42,759,N,3,0
CUST-17811,31,49364,MORTGAGE,13.0,EDUCATION,E,18470,18.15,0.374,22.14,63.29,613,N,11,1
CUST-17812,36,52704,MORTGAGE,4.8,HOMEIMPROVEMENT,B,6665,6.19,0.126,16.4,37.53,638,N,14,0
CUST-17813,29,33408,MORTGAGE,1.2,MEDICAL,B,4808,8.88,0.144,23.39,66.23,694,N,7,0
CUST-17814,53,88362,MORTGAGE,6.5,DEBTCONSOLIDATION,C,5814,12.71,0.066,10.49,67.86,572,Y,31,0
CUST-17815,25,37855,MORTGAGE,1.8,HOMEIMPROVEMENT,A,15602,9.29,0.412,30.89,37.67,773,N,6,0
CUST-17816,27,22061,MORTGAGE,1.6,EDUCATION,A,2312,8.36,0.105,8.59,57.26,791,Y,5,0
CUST-17817,30,30865,RENT,2.5,HOMEIMPROVEMENT,D,9534,16.89,0.309,15.9,93.81,607,Y,12,0
CUST-17818,31,39772,MORTGAGE,0.1,MEDICAL,F,13237,24.6,0.333,14.4,58.3,552,N,13,0
CUST-17819,28,89000,MORTGAGE,10.0,EDUCATION,C,8716,11.35,0.098,3.79,26.84,652,N,10,0
CUST-17820,21,47793,MORTGAGE,3.0,EDUCATION,D,5207,16.42,0.109,11.34,51.09,576,N,1,1
CUST-17821,27,43840,RENT,7.4,DEBTCONSOLIDATION,E,10154,21.94,0.232,14.97,61.47,565,N,8,1
CUST-17822,30,23174,RENT,1.5,MEDICAL,A,3607,6.89,0.156,12.46,54.72,749,N,12,0
CUST-17823,55,78534,RENT,6.9,VENTURE,B,9355,9.51,0.119,39.64,44.09,695,N,34,1
CUST-17824,29,33151,MORTGAGE,4.2,MEDICAL,A,4417,8.48,0.133,17.02,19.02,763,N,11,0
CUST-17825,40,46165,RENT,2.8,EDUCATION,A,5611,6.83,0.122,4.12,23.94,755,N,21,0
CUST-17826,39,119146,RENT,17.6,HOMEIMPROVEMENT,C,5252,15.01,0.044,9.27,87.1,643,N,21,0
CUST-17827,67,66520,RENT,3.4,HOMEIMPROVEMENT,A,5346,,0.08,20.98,67.07,728,N,35,0
CUST-17828,27,18454,RENT,5.4,PERSONAL,A,11865,7.27,0.643,31.56,60.69,767,N,7,1
CUST-17829,55,16954,MORTGAGE,0.1,EDUCATION,B,7097,11.68,0.419,18.9,34.18,715,N,35,0
CUST-17830,48,47165,MORTGAGE,1.8,MEDICAL,A,4135,7.22,0.088,24.6,83.25,756,N,30,0
CUST-17831,61,23679,RENT,11.0,EDUCATION,A,3793,7.66,0.16,19.07,29.19,721,N,35,1
CUST-17832,31,72339,MORTGAGE,7.1,HOMEIMPROVEMENT,A,18901,8.2,0.261,6.53,26.23,710,N,9,0
CUST-17833,33,50279,RENT,3.8,PERSONAL,D,7978,16.03,0.159,9.01,39.15,634,N,14,0
CUST-17834,67,54134,RENT,11.5,HOMEIMPROVEMENT,C,3423,15.31,0.063,16.47,78.38,619,Y,35,0
CUST-17835,69,32078,MORTGAGE,3.3,VENTURE,D,9959,16.58,0.31,17.77,90.78,598,Y,35,1
CUST-17836,40,139362,MORTGAGE,4.2,EDUCATION,D,11152,16.85,0.08,16.61,79.47,556,Y,21,0
CUST-17837,41,269832,MORTGAGE,2.4,EDUCATION,E,5459,,0.02,8.19,72.7,586,N,23,1
CUST-17838,40,41475,RENT,4.8,PERSONAL,A,3637,6.73,0.088,24.69,70.65,707,N,20,0
CUST-17839,63,60586,MORTGAGE,1.9,EDUCATION,D,6715,16.7,0.111,14.18,49.79,565,Y,35,0
CUST-17840,69,51971,RENT,2.4,VENTURE,B,3448,11.54,0.066,16.3,67.96,665,N,35,0
CUST-17841,49,41948,RENT,17.0,EDUCATION,A,5563,9.2,0.133,13.48,49.13,765,N,31,0
CUST-17842,58,29755,RENT,0.6,VENTURE,C,10442,12.23,0.351,20.16,45.91,642,N,35,0
CUST-17843,39,25566,MORTGAGE,0.6,MEDICAL,B,6813,9.51,0.266,25.96,49.96,678,N,20,1
CUST-17844,43,24801,RENT,0.2,PERSONAL,A,9191,6.02,0.371,19.55,78.63,808,N,21,0
CUST-17845,42,62513,RENT,1.9,MEDICAL,A,14888,8.09,0.238,40.14,61.88,768,N,21,0
CUST-17846,26,35889,MORTGAGE,2.5,VENTURE,B,14639,12.2,0.408,33.47,68.96,630,N,4,1
CUST-17847,28,15000,RENT,0.5,EDUCATION,D,4399,16.31,0.293,18.73,82.91,579,Y,8,1
CUST-17848,20,64017,RENT,2.0,VENTURE,B,19810,10.57,0.309,18.26,22.28,631,N,1,0
CUST-17849,45,47908,RENT,4.4,PERSONAL,C,7237,13.66,0.151,15.73,54.27,633,N,25,1
CUST-17850,57,109974,RENT,7.0,PERSONAL,A,6569,6.94,0.06,33.08,74.51,786,N,35,0
CUST-17851,57,61320,MORTGAGE,18.6,EDUCATION,B,10371,9.03,0.169,15.78,77.38,709,N,35,0
CUST-17852,63,20187,MORTGAGE,,EDUCATION,A,7661,8.77,0.38,23.52,88.79,742,N,35,0
CUST-17853,41,15000,RENT,0.6,VENTURE,D,10716,16.69,0.714,40.81,58.01,593,Y,19,1
CUST-17854,63,31834,RENT,0.5,MEDICAL,F,9627,21.34,0.302,15.42,76.96,541,N,35,1
CUST-17855,29,33689,MORTGAGE,7.5,PERSONAL,B,6872,14.11,0.204,7.8,93.25,641,Y,11,0
CUST-17856,25,86326,MORTGAGE,5.3,VENTURE,F,9899,22.0,0.115,19.53,80.48,526,N,4,1
CUST-17857,36,48760,MORTGAGE,0.9,MEDICAL,C,9891,11.45,0.203,24.54,26.76,656,N,16,0
CUST-17858,69,96781,RENT,1.5,EDUCATION,A,24688,8.29,0.255,22.94,49.78,705,N,35,0
CUST-17859,57,22139,RENT,6.9,HOMEIMPROVEMENT,B,10984,8.29,0.496,21.06,84.23,669,N,35,0
CUST-17860,43,87479,OWN,4.2,PERSONAL,D,1606,17.06,0.018,24.56,59.81,679,Y,23,0
CUST-17861,29,75553,MORTGAGE,4.4,DEBTCONSOLIDATION,B,6086,11.03,0.081,26.87,58.42,718,Y,7,1
CUST-17862,27,15000,RENT,1.2,EDUCATION,B,11852,12.16,0.79,30.78,97.5,640,N,5,1
CUST-17863,40,108398,RENT,5.0,MEDICAL,B,4971,9.3,0.046,20.94,62.43,674,N,20,1
CUST-17864,25,51848,RENT,7.0,DEBTCONSOLIDATION,B,6845,10.15,0.132,26.19,44.13,699,N,3,0
CUST-17865,40,62020,RENT,10.8,VENTURE,A,10005,7.42,0.161,27.16,24.87,831,N,22,0
CUST-17866,58,29174,OWN,6.7,PERSONAL,C,12306,14.54,0.422,25.42,77.69,681,N,35,0
CUST-17867,43,105361,OWN,4.3,MEDICAL,C,21653,14.02,0.206,13.37,54.33,688,N,25,0
CUST-17868,52,24064,RENT,5.6,EDUCATION,C,16614,14.12,0.69,20.55,30.7,664,N,30,0
CUST-17869,37,80761,RENT,3.3,MEDICAL,C,7667,14.96,0.095,9.56,77.08,616,N,18,0
CUST-17870,47,80206,MORTGAGE,1.3,VENTURE,B,3629,10.23,0.045,12.73,51.7,756,N,25,0
CUST-17871,51,27323,RENT,10.7,MEDICAL,A,18692,9.26,0.684,42.25,17.95,780,N,32,0
CUST-17872,31,161139,MORTGAGE,3.8,PERSONAL,D,13521,16.39,0.084,23.47,25.34,655,N,10,0
CUST-17873,67,56326,MORTGAGE,4.5,MEDICAL,B,7310,11.57,0.13,7.16,65.02,760,N,35,0
CUST-17874,61,72572,MORTGAGE,23.1,PERSONAL,B,7157,9.91,0.099,30.57,16.06,754,N,35,0
CUST-17875,46,19608,MORTGAGE,21.0,EDUCATION,A,2798,8.21,0.143,27.52,35.78,749,N,28,0
CUST-17876,29,174667,MORTGAGE,4.4,MEDICAL,A,5990,8.89,0.034,22.72,34.55,760,N,11,0
CUST-17877,65,23511,OWN,0.2,VENTURE,A,3997,6.2,0.17,7.41,38.92,757,Y,35,0
CUST-17878,61,90665,RENT,2.5,MEDICAL,C,12842,14.63,0.142,15.29,79.14,682,N,35,0
CUST-17879,51,26987,MORTGAGE,13.8,PERSONAL,C,16198,13.71,0.6,16.44,38.64,662,N,31,0
CUST-17880,61,33813,RENT,1.7,DEBTCONSOLIDATION,C,9781,15.95,0.289,16.17,70.07,655,N,35,0
CUST-17881,45,78688,RENT,27.0,VENTURE,E,9726,19.18,0.124,8.8,96.69,566,Y,24,0
CUST-17882,44,90810,RENT,0.4,EDUCATION,A,5764,7.85,0.063,21.8,43.04,745,N,23,0
CUST-17883,30,22861,MORTGAGE,4.2,DEBTCONSOLIDATION,A,4616,7.31,0.202,12.7,49.46,761,N,8,0
CUST-17884,42,94304,RENT,3.6,HOMEIMPROVEMENT,A,16156,8.3,0.171,12.75,48.28,795,N,21,0
CUST-17885,53,91765,MORTGAGE,1.5,PERSONAL,B,7327,7.88,0.08,13.34,30.31,667,N,32,0
CUST-17886,59,27923,MORTGAGE,14.8,VENTURE,D,13858,14.81,0.496,15.87,95.37,613,Y,35,1
CUST-17887,42,127923,RENT,4.8,MEDICAL,D,18050,17.3,0.141,9.64,98.55,622,N,20,1
CUST-17888,48,20453,MORTGAGE,1.3,PERSONAL,B,10528,10.53,0.515,18.89,90.91,758,N,26,1
CUST-17889,50,33696,MORTGAGE,2.4,EDUCATION,C,4557,11.1,0.135,21.42,50.78,635,N,30,0
CUST-17890,26,65342,MORTGAGE,6.4,MEDICAL,D,3154,15.74,0.048,13.16,63.14,583,N,5,0
CUST-17891,59,29373,RENT,1.8,EDUCATION,C,3185,13.03,0.108,28.34,33.05,703,N,35,0
CUST-17892,52,57428,MORTGAGE,10.6,HOMEIMPROVEMENT,A,6458,6.92,0.112,27.4,72.73,768,N,31,0
CUST-17893,40,56649,MORTGAGE,0.9,PERSONAL,C,7877,14.62,0.139,9.13,56.96,635,N,19,0
CUST-17894,21,43816,RENT,1.5,DEBTCONSOLIDATION,C,5247,15.01,0.12,20.58,26.35,687,Y,3,0
CUST-17895,37,80776,RENT,0.8,HOMEIMPROVEMENT,C,4073,10.81,0.05,24.62,41.06,584,N,19,0
CUST-17896,66,42743,RENT,0.6,VENTURE,A,15842,7.36,0.371,12.48,40.22,748,N,35,0
CUST-17897,52,56326,MORTGAGE,1.8,EDUCATION,B,9265,10.64,0.164,29.66,55.88,710,N,30,0
CUST-17898,56,97526,RENT,35.5,VENTURE,B,8649,8.72,0.089,21.64,51.47,721,N,35,0
CUST-17899,53,78779,RENT,,MEDICAL,A,4174,9.0,0.053,21.95,47.54,721,N,35,0
CUST-17900,39,78559,MORTGAGE,1.2,VENTURE,B,7350,10.95,0.094,7.4,54.9,670,N,20,0
CUST-17901,54,24599,RENT,1.6,EDUCATION,A,13463,8.52,0.547,24.69,41.09,804,Y,32,0
CUST-17902,69,67162,OWN,4.8,HOMEIMPROVEMENT,B,23188,9.97,0.345,15.83,34.27,701,N,35,1
CUST-17903,37,28937,RENT,6.8,PERSONAL,A,6314,6.57,0.218,16.5,20.48,756,N,15,0
CUST-17904,65,22723,MORTGAGE,7.0,VENTURE,E,9454,18.82,0.416,26.07,41.0,545,N,35,0
CUST-17905,43,46956,RENT,0.0,HOMEIMPROVEMENT,A,11917,7.37,0.254,25.53,46.81,718,Y,24,1
CUST-17906,27,28493,OWN,5.3,VENTURE,B,11115,9.99,0.39,9.85,57.76,680,N,8,0
CUST-17907,49,78776,MORTGAGE,5.0,PERSONAL,A,8818,8.59,0.112,7.56,60.13,792,N,28,0
CUST-17908,63,79915,OWN,3.6,EDUCATION,A,21011,10.7,0.263,28.61,57.33,728,N,35,1
CUST-17909,29,15653,MORTGAGE,2.4,MEDICAL,C,11922,14.2,0.762,38.4,68.81,642,N,8,1
CUST-17910,42,29822,RENT,8.0,EDUCATION,A,5249,5.16,0.176,17.48,37.15,806,N,24,1
CUST-17911,68,20417,RENT,2.1,PERSONAL,C,17664,13.69,0.865,26.06,32.91,725,N,35,1
CUST-17912,30,37138,MORTGAGE,1.3,PERSONAL,A,13547,6.07,0.365,26.57,46.75,699,N,9,0
CUST-17913,21,64415,MORTGAGE,,VENTURE,B,13065,10.01,0.203,11.75,43.51,626,N,2,0
CUST-17914,45,42388,OWN,2.9,PERSONAL,C,9719,,0.229,12.21,62.09,625,N,27,0
CUST-17915,55,34411,RENT,1.2,DEBTCONSOLIDATION,E,6111,19.19,0.178,21.88,48.87,536,Y,35,1
CUST-17916,52,106948,MORTGAGE,4.7,MEDICAL,B,3229,9.26,0.03,15.4,43.38,717,N,33,0
CUST-17917,66,15000,OWN,10.8,VENTURE,D,4626,17.13,0.308,23.61,67.42,610,N,35,0
CUST-17918,32,102962,RENT,4.5,PERSONAL,D,13201,14.11,0.128,29.39,78.32,605,N,12,1
CUST-17919,59,35363,MORTGAGE,3.0,DEBTCONSOLIDATION,A,8152,7.96,0.231,35.85,9.29,781,N,35,0
CUST-17920,44,46776,RENT,8.0,PERSONAL,D,15170,15.42,0.324,17.99,82.99,536,N,25,1
CUST-17921,23,35724,MORTGAGE,5.0,PERSONAL,C,9058,13.83,0.254,21.42,67.33,628,N,4,0
CUST-17922,61,123714,RENT,2.3,PERSONAL,A,6793,5.89,0.055,21.7,44.62,746,N,35,0
CUST-17923,38,23421,RENT,4.6,PERSONAL,E,11932,19.78,0.509,24.28,79.35,606,Y,19,1
CUST-17924,37,49367,RENT,6.5,MEDICAL,A,18183,9.15,0.368,31.95,52.72,748,N,17,1
CUST-17925,56,67269,OWN,1.4,HOMEIMPROVEMENT,B,7457,9.79,0.111,21.04,43.08,714,N,35,0
CUST-17926,49,18646,MORTGAGE,2.3,EDUCATION,B,10183,9.76,0.546,23.13,68.86,689,N,28,1
CUST-17927,38,28227,RENT,0.6,VENTURE,C,10768,14.02,0.381,23.27,39.83,648,N,19,0
CUST-17928,42,44850,OTHER,22.0,HOMEIMPROVEMENT,C,10838,13.75,0.242,35.8,24.75,640,N,22,0
CUST-17929,35,28796,MORTGAGE,0.4,DEBTCONSOLIDATION,A,5376,5.84,0.187,32.39,72.09,742,Y,14,0
CUST-17930,20,30050,MORTGAGE,0.9,PERSONAL,B,7199,11.83,0.24,20.43,64.6,703,N,1,1
CUST-17931,31,39738,RENT,3.3,PERSONAL,A,18850,8.47,0.474,29.4,12.81,801,N,10,0
CUST-17932,43,72384,RENT,10.0,PERSONAL,A,6148,9.04,0.085,14.68,47.34,764,N,22,0
CUST-17933,53,39909,MORTGAGE,2.2,EDUCATION,D,5421,17.16,0.136,24.83,56.68,603,N,34,0
CUST-17934,27,93625,RENT,7.3,MEDICAL,C,12112,15.77,0.129,15.27,73.18,669,Y,5,1
CUST-17935,37,26939,MORTGAGE,5.6,MEDICAL,B,9598,8.25,0.356,10.66,33.2,706,N,17,1
CUST-17936,67,23129,RENT,5.1,EDUCATION,A,9249,9.33,0.4,31.63,38.48,771,N,35,0
CUST-17937,24,155718,RENT,6.0,VENTURE,B,1689,10.03,0.011,22.06,50.24,686,N,3,0
CUST-17938,45,33031,RENT,0.1,EDUCATION,A,1518,6.85,0.046,14.02,28.33,767,N,25,0
CUST-17939,49,22324,OWN,13.2,EDUCATION,C,9157,12.64,0.41,23.03,58.3,668,N,29,0
CUST-17940,32,17236,RENT,8.8,PERSONAL,A,9377,8.11,0.544,40.57,67.85,700,N,14,1
CUST-17941,38,93438,RENT,13.9,MEDICAL,B,5453,11.46,0.058,6.42,24.32,687,N,18,0
CUST-17942,48,39943,MORTGAGE,7.9,VENTURE,B,10123,9.94,0.253,10.71,44.97,694,N,26,0
CUST-17943,22,42098,MORTGAGE,4.0,VENTURE,F,11109,22.33,0.264,30.07,73.95,519,Y,1,1
CUST-17944,45,44554,MORTGAGE,1.1,DEBTCONSOLIDATION,A,8714,10.82,0.196,11.29,86.95,714,N,23,0
CUST-17945,59,90018,MORTGAGE,1.9,VENTURE,A,17773,6.7,0.197,8.57,42.93,663,N,35,0
CUST-17946,31,44014,RENT,1.9,EDUCATION,F,3696,,0.084,24.77,52.24,566,Y,13,1
CUST-17947,21,200071,RENT,0.6,EDUCATION,B,4706,12.2,0.024,10.69,97.48,624,N,3,0
CUST-17948,30,53117,MORTGAGE,6.5,DEBTCONSOLIDATION,C,5209,11.61,0.098,5.11,57.89,719,N,9,0
CUST-17949,63,92695,OWN,0.7,HOMEIMPROVEMENT,C,3059,13.79,0.033,34.99,69.67,642,N,35,1
CUST-17950,47,79470,MORTGAGE,0.3,HOMEIMPROVEMENT,B,13122,7.6,0.165,38.78,35.89,677,N,29,1
CUST-17951,37,47960,RENT,7.5,VENTURE,A,5892,5.84,0.123,5.28,62.98,696,N,18,0
CUST-17952,32,34469,RENT,11.8,EDUCATION,A,2106,6.07,0.061,18.68,30.59,692,N,13,0
CUST-17953,56,59824,RENT,7.2,HOMEIMPROVEMENT,C,4567,12.45,0.076,14.58,42.63,619,Y,35,0
CUST-17954,41,66573,MORTGAGE,8.7,PERSONAL,D,3048,15.0,0.046,19.88,100.0,617,N,19,1
CUST-17955,31,34767,RENT,4.5,EDUCATION,C,3021,13.74,0.087,15.35,73.93,699,N,13,0
CUST-17956,21,54165,RENT,3.0,EDUCATION,B,9502,12.18,0.175,11.39,44.34,646,N,1,0
CUST-17957,56,102921,RENT,3.4,MEDICAL,A,14712,9.95,0.143,28.75,31.38,763,N,35,0
CUST-17958,26,169730,RENT,8.0,MEDICAL,B,3972,9.26,0.023,16.99,62.25,635,Y,4,0
CUST-17959,45,81848,RENT,0.5,MEDICAL,E,11402,20.37,0.139,35.86,66.05,538,Y,24,1
CUST-17960,45,149889,RENT,8.3,MEDICAL,D,14452,17.95,0.096,11.69,82.69,628,N,24,1
CUST-17961,43,33603,MORTGAGE,5.1,EDUCATION,B,3615,10.65,0.108,10.45,36.48,664,N,25,0
CUST-17962,31,74692,RENT,4.3,EDUCATION,B,12784,11.35,0.171,20.06,27.67,754,N,11,0
CUST-17963,35,109437,MORTGAGE,6.5,VENTURE,C,9152,14.05,0.084,10.84,37.91,676,N,16,0
CUST-17964,42,28629,RENT,9.2,HOMEIMPROVEMENT,B,9244,11.05,0.323,15.15,58.96,717,N,24,0
CUST-17965,59,36630,RENT,9.9,MEDICAL,B,10671,9.62,0.291,14.41,43.14,680,N,35,0
CUST-17966,28,139071,MORTGAGE,1.0,VENTURE,B,12346,8.11,0.089,10.58,42.03,670,N,10,0
CUST-17967,51,27308,MORTGAGE,1.1,MEDICAL,A,15319,,0.561,27.19,67.98,734,N,31,1
CUST-17968,34,21923,MORTGAGE,0.1,PERSONAL,A,13640,6.58,0.622,34.8,69.52,759,N,15,1
CUST-17969,56,122613,MORTGAGE,0.7,MEDICAL,A,18582,7.17,0.152,11.8,76.22,759,N,35,0
CUST-17970,32,100514,MORTGAGE,1.5,PERSONAL,A,5213,8.65,0.052,5.48,63.7,721,N,11,0
CUST-17971,24,63530,RENT,6.0,VENTURE,A,2876,9.22,0.045,3.36,51.07,725,N,3,0
CUST-17972,30,47694,MORTGAGE,3.2,MEDICAL,A,13879,7.68,0.291,20.47,60.68,696,N,8,1
CUST-17973,29,37680,MORTGAGE,7.1,PERSONAL,A,3919,6.08,0.104,35.25,18.28,830,N,9,0
CUST-17974,32,58056,RENT,3.3,MEDICAL,A,8888,7.03,0.153,22.64,36.02,719,Y,11,0
CUST-17975,60,126485,RENT,4.1,HOMEIMPROVEMENT,B,11782,9.57,0.093,13.41,33.6,641,N,35,0
CUST-17976,65,56564,MORTGAGE,0.6,EDUCATION,B,39624,10.65,0.701,28.33,56.6,613,N,35,1
CUST-17977,69,179903,RENT,7.5,DEBTCONSOLIDATION,E,8165,18.94,0.045,17.25,71.87,546,Y,35,1
CUST-17978,34,28602,RENT,7.1,DEBTCONSOLIDATION,B,3871,11.58,0.135,19.79,69.02,714,N,12,1
CUST-17979,61,48445,MORTGAGE,1.8,HOMEIMPROVEMENT,A,6543,6.48,0.135,12.44,20.03,746,N,35,0
CUST-17980,26,39189,OWN,2.0,HOMEIMPROVEMENT,B,9603,13.12,0.245,18.54,73.91,693,N,5,0
CUST-17981,59,25563,MORTGAGE,1.2,EDUCATION,D,7703,14.73,0.301,25.16,45.1,636,N,35,0
CUST-17982,47,44718,RENT,8.4,EDUCATION,B,8650,10.87,0.193,19.91,55.24,720,Y,28,0
CUST-17983,51,62968,MORTGAGE,6.9,DEBTCONSOLIDATION,A,7292,5.57,0.116,7.84,61.28,719,N,31,0
CUST-17984,54,67140,RENT,4.7,EDUCATION,E,4214,20.76,0.063,5.38,59.32,579,N,33,0
CUST-17985,34,180280,RENT,1.4,PERSONAL,A,2725,7.56,0.015,17.81,23.76,752,Y,16,1
CUST-17986,67,64775,MORTGAGE,0.9,PERSONAL,F,9133,22.25,0.141,10.6,55.69,509,N,35,1
CUST-17987,55,97741,RENT,0.3,VENTURE,D,7734,15.42,0.079,12.05,66.47,660,N,35,0
CUST-17988,40,51003,RENT,0.2,EDUCATION,C,18640,14.8,0.365,15.05,59.27,623,N,21,1
CUST-17989,25,134166,OWN,1.0,PERSONAL,B,10760,11.27,0.08,3.9,42.84,680,Y,4,1
CUST-17990,20,206709,MORTGAGE,0.5,HOMEIMPROVEMENT,A,9841,6.85,0.048,11.74,100.0,733,N,1,0
CUST-17991,23,67416,MORTGAGE,4.1,MEDICAL,C,10702,13.48,0.159,8.84,62.73,682,Y,3,1
CUST-17992,30,27021,MORTGAGE,2.2,MEDICAL,B,14650,9.43,0.542,38.62,46.28,738,N,10,0
CUST-17993,63,35267,MORTGAGE,2.9,PERSONAL,B,4131,9.34,0.117,14.48,55.59,747,Y,35,0
CUST-17994,45,58055,RENT,4.5,PERSONAL,A,8838,6.76,0.152,26.9,83.75,777,N,24,0
CUST-17995,56,64466,MORTGAGE,5.4,PERSONAL,A,8147,7.17,0.126,9.64,70.01,747,N,35,0
CUST-17996,42,74537,RENT,5.2,MEDICAL,B,7423,10.5,0.1,13.13,27.91,734,N,22,0
CUST-17997,48,64609,RENT,1.5,HOMEIMPROVEMENT,B,4134,10.45,0.064,13.85,43.63,713,N,29,0
CUST-17998,40,49226,MORTGAGE,8.3,VENTURE,B,8368,9.46,0.17,8.16,47.06,696,N,20,0
CUST-17999,67,33465,RENT,12.5,EDUCATION,B,10732,11.41,0.321,18.47,79.33,684,N,35,0
CUST-18000,64,62360,RENT,1.9,HOMEIMPROVEMENT,C,6776,14.81,0.109,6.4,28.88,644,N,35,1
CUST-18001,64,149192,RENT,0.1,PERSONAL,B,6699,11.6,0.045,7.33,39.35,683,N,35,1
CUST-18002,68,90396,RENT,11.5,PERSONAL,B,15719,11.35,0.174,10.38,60.5,715,N,35,0
CUST-18003,46,67563,OWN,12.9,HOMEIMPROVEMENT,C,21884,10.5,0.324,26.56,97.34,643,Y,25,1
CUST-18004,58,90920,MORTGAGE,0.3,EDUCATION,D,5408,15.3,0.059,24.05,66.3,627,N,35,0
CUST-18005,59,39236,MORTGAGE,0.0,VENTURE,B,18363,8.71,0.468,38.68,63.12,718,N,35,1
CUST-18006,32,36135,MORTGAGE,8.5,PERSONAL,E,5582,17.37,0.154,20.28,53.0,570,Y,11,1
CUST-18007,42,31298,MORTGAGE,1.8,PERSONAL,B,11035,11.87,0.353,32.83,42.22,684,N,23,1
CUST-18008,35,45470,MORTGAGE,12.3,VENTURE,A,2747,9.53,0.06,17.1,79.64,718,Y,15,1
CUST-18009,49,38055,MORTGAGE,,PERSONAL,C,6797,13.51,0.179,7.12,44.69,646,N,29,0
CUST-18010,23,101211,OWN,5.0,PERSONAL,A,1641,8.07,0.016,18.08,44.37,760,N,3,0
CUST-18011,59,36857,OWN,0.4,MEDICAL,D,15563,16.07,0.422,21.77,86.1,562,Y,35,1
CUST-18012,35,30283,OTHER,1.5,EDUCATION,B,17758,11.9,0.586,25.0,32.2,638,N,16,0
CUST-18013,50,157242,MORTGAGE,18.1,HOMEIMPROVEMENT,C,5398,13.84,0.034,10.04,38.26,646,N,29,0
CUST-18014,61,37390,OWN,1.3,HOMEIMPROVEMENT,B,12750,9.87,0.341,30.82,28.5,669,N,35,1
CUST-18015,44,53750,RENT,0.7,VENTURE,A,20264,8.17,0.377,21.82,27.26,785,Y,23,0
CUST-18016,63,64266,MORTGAGE,9.7,EDUCATION,C,12534,13.28,0.195,34.37,77.63,696,N,35,1
CUST-18017,31,24784,OWN,0.6,MEDICAL,C,5045,13.73,0.204,22.8,71.04,615,N,13,0
CUST-18018,45,102877,OWN,0.5,VENTURE,F,4333,22.83,0.042,4.86,100.0,470,N,25,1
CUST-18019,56,71845,MORTGAGE,2.0,PERSONAL,B,7646,15.01,0.106,29.59,88.99,720,N,35,0
CUST-18020,67,124870,RENT,5.0,EDUCATION,B,5608,12.64,0.045,21.14,45.13,707,N,35,0
CUST-18021,52,32613,RENT,6.2,HOMEIMPROVEMENT,D,18938,,0.581,23.39,54.85,624,N,30,1
CUST-18022,47,52024,RENT,10.7,EDUCATION,A,13649,6.37,0.262,16.2,89.92,777,N,27,0
CUST-18023,28,50192,MORTGAGE,3.9,VENTURE,A,13840,5.0,0.276,34.18,19.74,735,Y,8,0
CUST-18024,31,57430,RENT,2.5,PERSONAL,A,3605,9.04,0.063,10.07,64.46,743,N,10,1
CUST-18025,24,20480,RENT,2.2,HOMEIMPROVEMENT,F,6576,23.34,0.321,12.66,62.07,558,N,3,1
CUST-18026,47,52391,MORTGAGE,9.4,PERSONAL,A,5963,6.75,0.114,4.39,38.28,766,N,26,0
CUST-18027,54,20829,MORTGAGE,6.4,HOMEIMPROVEMENT,C,7796,13.39,0.374,35.77,69.73,722,N,35,1
CUST-18028,24,60779,OWN,6.0,PERSONAL,B,12884,10.75,0.212,9.03,31.88,710,N,5,0
CUST-18029,53,15000,MORTGAGE,16.6,HOMEIMPROVEMENT,A,2753,8.21,0.184,5.95,40.24,759,N,31,0
CUST-18030,65,16139,MORTGAGE,1.8,EDUCATION,E,9307,21.49,0.577,32.7,40.76,601,N,35,1
CUST-18031,53,80107,MORTGAGE,3.8,VENTURE,B,13015,8.94,0.162,8.34,53.75,772,N,32,0
CUST-18032,32,35309,MORTGAGE,5.0,HOMEIMPROVEMENT,B,7088,11.31,0.201,8.38,50.26,725,N,11,0
CUST-18033,58,27099,RENT,0.9,PERSONAL,A,8352,7.76,0.308,17.96,64.27,740,N,35,0
CUST-18034,61,105083,RENT,0.3,EDUCATION,B,16372,9.89,0.156,16.18,32.07,677,Y,35,0
CUST-18035,64,59669,OWN,10.1,DEBTCONSOLIDATION,C,8582,14.47,0.144,12.68,83.88,656,N,35,1
CUST-18036,67,82723,MORTGAGE,3.8,EDUCATION,B,6972,10.37,0.084,8.49,50.47,662,N,35,0
CUST-18037,33,44367,MORTGAGE,4.2,VENTURE,B,10998,10.4,0.248,9.96,26.8,723,N,11,0
CUST-18038,30,244697,RENT,4.0,PERSONAL,A,9199,7.88,0.038,19.12,35.53,760,N,12,0
CUST-18039,61,34108,RENT,7.0,VENTURE,D,13296,15.95,0.39,20.67,76.36,628,N,35,1
CUST-18040,57,139622,MORTGAGE,0.8,PERSONAL,C,4885,14.29,0.035,13.88,72.88,588,N,35,1
CUST-18041,23,47248,RENT,4.8,VENTURE,C,17088,13.02,0.362,18.08,54.14,697,N,5,0
CUST-18042,52,18165,RENT,3.2,EDUCATION,A,7948,9.53,0.438,32.36,86.61,711,N,31,0
CUST-18043,26,65493,RENT,8.0,MEDICAL,B,5913,10.77,0.09,7.77,65.02,656,N,7,1
CUST-18044,60,59210,MORTGAGE,3.7,PERSONAL,A,5427,6.7,0.092,12.63,78.37,679,N,35,0
CUST-18045,27,26087,MORTGAGE,9.0,VENTURE,B,4987,10.87,0.191,19.66,57.76,679,N,6,0
CUST-18046,56,28188,OWN,2.2,EDUCATION,B,1000,11.69,0.035,17.6,56.95,705,N,34,0
CUST-18047,29,48299,MORTGAGE,11.0,EDUCATION,E,9546,17.61,0.198,13.3,91.64,566,Y,8,0
CUST-18048,62,60466,OWN,10.4,VENTURE,G,6881,26.02,0.114,4.16,53.06,524,Y,35,0
CUST-18049,34,15000,MORTGAGE,4.4,PERSONAL,B,3261,10.91,0.217,22.67,27.75,745,Y,14,1
CUST-18050,57,92214,MORTGAGE,2.2,HOMEIMPROVEMENT,B,3262,10.46,0.035,16.84,57.44,748,N,35,0
CUST-18051,34,36435,RENT,2.4,VENTURE,B,5027,,0.138,8.14,55.78,691,N,13,0
CUST-18052,24,22047,RENT,6.0,MEDICAL,A,13401,7.92,0.608,25.1,66.74,745,N,6,0
CUST-18053,48,86218,MORTGAGE,4.3,PERSONAL,D,8947,15.44,0.104,4.02,37.72,605,N,26,0
CUST-18054,38,48331,RENT,2.6,VENTURE,C,1907,11.11,0.039,36.17,65.82,636,N,20,1
CUST-18055,29,101691,MORTGAGE,5.1,PERSONAL,C,4019,12.64,0.04,7.02,46.3,721,N,8,0
CUST-18056,31,63752,MORTGAGE,6.6,HOMEIMPROVEMENT,D,8403,16.17,0.132,15.02,82.71,621,N,10,1
CUST-18057,23,48976,OWN,0.1,EDUCATION,E,5523,20.24,0.113,20.9,71.64,588,Y,5,1
CUST-18058,50,44728,OWN,0.5,PERSONAL,B,8562,10.24,0.191,34.42,43.45,724,Y,30,0
CUST-18059,37,65488,RENT,0.5,PERSONAL,B,3786,9.13,0.058,2.84,77.56,742,N,17,1
CUST-18060,35,38249,RENT,1.3,DEBTCONSOLIDATION,F,27686,21.21,0.724,21.83,97.37,522,Y,16,1
CUST-18061,59,29391,MORTGAGE,2.8,HOMEIMPROVEMENT,C,15290,13.52,0.52,35.54,39.45,668,N,35,0
CUST-18062,55,70681,RENT,8.1,EDUCATION,D,5088,,0.072,4.56,98.3,631,N,35,1
CUST-18063,44,44950,RENT,2.2,DEBTCONSOLIDATION,A,11970,8.48,0.266,20.71,32.39,695,N,26,0
CUST-18064,42,50018,MORTGAGE,0.1,PERSONAL,B,20155,8.87,0.403,17.26,58.31,683,N,22,0
CUST-18065,31,94242,OTHER,3.3,VENTURE,B,5762,10.56,0.061,25.7,37.37,694,N,9,0
CUST-18066,53,45783,MORTGAGE,28.5,VENTURE,B,11479,11.43,0.251,7.26,46.28,735,N,31,0
CUST-18067,55,49464,MORTGAGE,2.1,HOMEIMPROVEMENT,D,5617,15.45,0.114,13.07,27.25,732,N,35,0
CUST-18068,56,34207,RENT,16.3,EDUCATION,B,13681,12.66,0.4,13.86,45.26,685,N,35,0
CUST-18069,22,63477,MORTGAGE,0.5,EDUCATION,E,6595,18.91,0.104,11.51,58.3,553,N,1,1
CUST-18070,28,60469,RENT,1.0,VENTURE,B,6714,11.72,0.111,6.09,34.9,715,N,6,0
CUST-18071,37,84159,MORTGAGE,6.4,EDUCATION,A,6491,8.33,0.077,20.71,45.44,690,N,17,1
CUST-18072,62,34631,RENT,3.5,PERSONAL,A,8881,6.67,0.256,10.0,48.77,688,N,35,0
CUST-18073,54,37246,OWN,7.2,VENTURE,A,5239,7.52,0.141,10.51,42.42,745,Y,35,0
CUST-18074,53,78848,MORTGAGE,,VENTURE,C,15527,15.14,0.197,18.84,76.0,631,N,31,1
CUST-18075,60,57029,MORTGAGE,1.4,MEDICAL,A,4999,6.86,0.088,45.95,63.31,789,Y,35,1
CUST-18076,33,28460,OWN,5.7,EDUCATION,B,6047,10.71,0.212,12.94,76.38,687,Y,13,1
CUST-18077,23,107358,RENT,4.7,EDUCATION,C,8983,11.69,0.084,10.98,54.92,604,Y,3,1
CUST-18078,48,17693,RENT,9.9,VENTURE,A,12739,7.93,0.72,21.5,59.7,714,Y,26,0
CUST-18079,60,78477,MORTGAGE,2.8,VENTURE,A,11271,7.01,0.144,17.65,51.73,792,N,35,0
CUST-18080,64,22945,OTHER,0.3,HOMEIMPROVEMENT,B,27075,11.13,1.18,30.14,67.78,674,Y,35,1
CUST-18081,69,151975,MORTGAGE,4.3,VENTURE,C,7669,12.49,0.05,31.14,80.01,638,N,35,0
CUST-18082,34,19404,RENT,16.0,VENTURE,E,10980,19.88,0.566,38.25,42.39,559,Y,14,1
CUST-18083,47,97865,MORTGAGE,0.1,EDUCATION,C,5598,13.08,0.057,28.91,57.15,630,N,29,0
CUST-18084,61,46677,RENT,1.4,PERSONAL,E,15010,16.33,0.322,13.29,58.13,581,N,35,1
CUST-18085,35,39341,MORTGAGE,1.9,VENTURE,A,6797,7.61,0.173,46.07,33.18,812,N,13,1
CUST-18086,31,54788,RENT,7.3,PERSONAL,B,9022,12.01,0.165,9.03,35.3,719,N,12,0
CUST-18087,24,71620,OWN,2.0,DEBTCONSOLIDATION,D,6265,15.18,0.087,9.25,99.11,639,N,3,0
CUST-18088,53,28491,RENT,1.4,HOMEIMPROVEMENT,D,8791,15.73,0.309,13.59,72.02,576,N,32,1
CUST-18089,61,30047,OWN,5.2,MEDICAL,C,14735,15.09,0.49,13.5,54.9,663,N,35,0
CUST-18090,20,72385,RENT,0.2,EDUCATION,B,9965,11.17,0.138,36.12,27.33,748,N,1,0
CUST-18091,58,17598,RENT,0.9,MEDICAL,A,11217,7.11,0.637,26.66,20.63,742,N,35,0
CUST-18092,51,34525,OWN,2.6,VENTURE,A,12426,7.85,0.36,10.88,53.11,750,N,32,0
CUST-18093,45,303887,RENT,2.2,VENTURE,A,20801,6.75,0.068,16.69,26.9,777,N,25,0
CUST-18094,36,27424,MORTGAGE,2.1,PERSONAL,A,19201,10.47,0.7,27.39,28.34,804,N,17,0
CUST-18095,67,97604,RENT,0.6,HOMEIMPROVEMENT,C,10349,14.56,0.106,11.98,98.96,692,N,35,1
CUST-18096,46,34490,MORTGAGE,2.2,VENTURE,A,6911,,0.2,5.99,64.48,706,N,26,0
CUST-18097,43,66531,RENT,8.0,PERSONAL,B,7792,10.61,0.117,9.85,79.7,712,N,22,1
CUST-18098,54,72592,RENT,2.7,EDUCATION,F,13494,20.47,0.186,12.94,74.54,509,N,35,1
CUST-18099,65,96507,MORTGAGE,4.4,MEDICAL,B,12074,11.1,0.125,14.74,64.44,689,N,35,0
CUST-18100,61,43470,RENT,0.9,PERSONAL,A,23670,9.01,0.545,20.85,21.12,704,N,35,0
CUST-18101,58,161672,RENT,0.4,PERSONAL,C,10697,15.06,0.066,14.97,27.81,641,N,35,0
CUST-18102,45,34420,MORTGAGE,10.6,PERSONAL,D,8438,14.47,0.245,11.11,70.25,580,N,23,0
CUST-18103,68,56417,MORTGAGE,2.0,DEBTCONSOLIDATION,A,13690,7.75,0.243,13.82,35.67,744,N,35,0
CUST-18104,57,56792,RENT,2.2,PERSONAL,D,7659,14.58,0.135,27.21,50.49,627,N,35,0
CUST-18105,42,25004,MORTGAGE,10.5,EDUCATION,A,1114,6.8,0.045,30.65,61.59,760,N,24,0
CUST-18106,41,41294,OWN,6.2,EDUCATION,C,6246,14.2,0.151,14.66,75.05,681,N,19,0
CUST-18107,23,54009,RENT,5.0,VENTURE,A,5615,9.1,0.104,32.09,28.57,733,N,5,0
CUST-18108,68,37825,MORTGAGE,5.7,VENTURE,B,5638,10.77,0.149,8.49,22.2,641,N,35,0
CUST-18109,28,212045,MORTGAGE,0.6,HOMEIMPROVEMENT,B,3875,9.12,0.018,4.28,53.01,756,N,9,0
CUST-18110,23,29638,RENT,5.0,VENTURE,C,6316,14.22,0.213,7.52,69.03,669,N,1,1
CUST-18111,26,99474,RENT,8.0,MEDICAL,C,6626,12.48,0.067,4.94,50.16,671,N,4,0
CUST-18112,42,81950,RENT,1.3,EDUCATION,D,4002,16.15,0.049,10.18,50.75,629,Y,20,0
CUST-18113,21,48614,MORTGAGE,3.0,VENTURE,A,4434,7.61,0.091,31.69,35.05,759,N,2,0
CUST-18114,68,29169,RENT,2.6,PERSONAL,C,4770,12.7,0.164,27.74,69.29,685,N,35,0
CUST-18115,43,30916,MORTGAGE,5.8,VENTURE,A,3296,8.26,0.107,22.41,45.21,727,N,22,0
CUST-18116,59,35926,MORTGAGE,0.9,PERSONAL,B,11826,11.4,0.329,15.18,43.0,728,N,35,0
CUST-18117,50,16790,RENT,3.9,HOMEIMPROVEMENT,B,1191,11.73,0.071,36.23,53.73,712,N,28,0
CUST-18118,66,26847,MORTGAGE,0.7,MEDICAL,A,8079,9.21,0.301,25.79,39.24,755,N,35,0
CUST-18119,50,20141,OWN,3.8,MEDICAL,A,8309,7.33,0.413,10.66,42.51,733,N,30,0
CUST-18120,66,109921,RENT,1.4,MEDICAL,D,5541,15.03,0.05,17.63,67.38,619,Y,35,1
CUST-18121,59,71045,MORTGAGE,3.0,HOMEIMPROVEMENT,A,12519,6.14,0.176,11.11,30.41,743,N,35,0
CUST-18122,67,78557,MORTGAGE,5.5,MEDICAL,B,2017,12.58,0.026,15.7,59.01,730,N,35,0
CUST-18123,62,69793,RENT,10.5,MEDICAL,C,6093,15.44,0.087,5.54,83.47,634,N,35,0
CUST-18124,53,54186,RENT,0.9,EDUCATION,A,1522,9.11,0.028,5.47,80.54,714,N,32,1
CUST-18125,43,117760,RENT,11.2,PERSONAL,A,7903,6.8,0.067,23.03,61.57,770,N,21,0
CUST-18126,68,33980,RENT,2.5,PERSONAL,B,14042,12.53,0.413,30.74,18.49,774,N,35,0
CUST-18127,45,52260,RENT,9.3,PERSONAL,A,11879,7.3,0.227,36.7,49.31,759,N,26,0
CUST-18128,35,76744,MORTGAGE,3.6,HOMEIMPROVEMENT,E,4021,19.91,0.052,16.17,54.32,565,Y,17,0
CUST-18129,66,22187,OTHER,9.9,VENTURE,E,15452,,0.696,18.75,57.62,633,N,35,1
CUST-18130,32,314252,RENT,5.4,EDUCATION,B,6881,12.01,0.022,28.48,48.15,716,N,13,0
CUST-18131,34,49868,RENT,3.6,PERSONAL,A,7476,8.15,0.15,34.76,16.97,745,N,15,1
CUST-18132,46,53380,RENT,1.9,MEDICAL,B,8998,12.15,0.169,17.62,94.07,760,N,27,0
CUST-18133,23,104206,RENT,5.0,EDUCATION,A,27954,7.52,0.268,20.43,22.28,724,N,5,0
CUST-18134,35,84878,RENT,8.1,HOMEIMPROVEMENT,B,10187,10.26,0.12,11.86,77.43,688,N,17,0
CUST-18135,49,50153,RENT,2.4,EDUCATION,A,4347,7.12,0.087,22.76,59.07,762,N,30,1
CUST-18136,63,53001,OWN,0.9,HOMEIMPROVEMENT,C,11057,12.12,0.209,8.01,20.05,749,N,35,0
CUST-18137,49,19880,RENT,7.6,PERSONAL,A,5837,5.0,0.294,18.12,39.46,718,N,27,0
CUST-18138,55,35105,MORTGAGE,23.0,EDUCATION,B,9004,11.75,0.256,28.17,58.78,660,N,35,0
CUST-18139,22,66857,RENT,1.6,DEBTCONSOLIDATION,A,6262,7.22,0.094,4.51,89.7,758,N,4,0
CUST-18140,41,63980,RENT,12.4,PERSONAL,B,7928,11.39,0.124,21.41,29.16,752,N,23,0
CUST-18141,68,101997,OWN,0.7,EDUCATION,A,12244,8.22,0.12,18.49,37.13,782,N,35,0
CUST-18142,41,45601,RENT,15.2,EDUCATION,E,8107,19.69,0.178,9.06,76.61,546,N,21,1
CUST-18143,69,21324,OWN,6.8,MEDICAL,B,6635,11.63,0.311,35.91,51.49,660,Y,35,0
CUST-18144,69,92414,RENT,2.1,EDUCATION,A,13947,8.79,0.151,17.8,42.38,727,Y,35,1
CUST-18145,68,116035,MORTGAGE,1.8,HOMEIMPROVEMENT,B,11156,9.36,0.096,15.83,41.89,704,N,35,0
CUST-18146,31,84031,OTHER,5.2,DEBTCONSOLIDATION,A,13691,9.34,0.163,17.13,27.15,761,N,10,0
CUST-18147,40,44436,RENT,4.5,HOMEIMPROVEMENT,B,17006,11.54,0.383,19.38,37.17,692,N,18,0
CUST-18148,23,91732,RENT,5.0,EDUCATION,A,13134,6.45,0.143,8.65,81.93,741,N,3,0
CUST-18149,50,350000,MORTGAGE,7.3,DEBTCONSOLIDATION,B,12871,9.72,0.037,8.09,40.43,690,N,30,0
CUST-18150,63,52527,RENT,3.9,VENTURE,B,6060,9.01,0.115,15.31,78.37,721,N,35,0
CUST-18151,50,22313,MORTGAGE,13.1,EDUCATION,C,8394,14.25,0.376,20.41,28.87,662,N,28,0
CUST-18152,42,34483,RENT,4.5,PERSONAL,B,2171,10.29,0.063,12.7,17.14,722,N,22,0
CUST-18153,39,71345,RENT,9.5,VENTURE,D,4578,13.51,0.064,11.12,87.68,622,N,19,0
CUST-18154,34,18715,RENT,9.2,VENTURE,E,6120,18.83,0.327,17.52,98.72,505,N,14,1
CUST-18155,42,54265,OWN,12.6,PERSONAL,F,7392,21.54,0.136,22.47,90.12,530,N,23,0
CUST-18156,47,61586,RENT,0.3,MEDICAL,A,9211,7.63,0.15,18.89,20.3,727,N,28,0
CUST-18157,35,123139,RENT,4.4,DEBTCONSOLIDATION,C,3956,11.65,0.032,5.81,60.51,705,N,13,0
CUST-18158,56,107593,MORTGAGE,3.2,EDUCATION,B,7257,10.64,0.067,21.08,68.25,660,N,35,0
CUST-18159,40,82351,RENT,,EDUCATION,B,17280,12.3,0.21,10.72,33.26,633,N,18,0
CUST-18160,34,15000,RENT,3.1,DEBTCONSOLIDATION,D,6764,16.72,0.451,18.43,33.87,638,N,13,0
CUST-18161,36,85189,RENT,9.1,PERSONAL,A,11260,8.21,0.132,16.91,47.82,759,N,16,0
CUST-18162,69,74854,MORTGAGE,1.9,DEBTCONSOLIDATION,B,11697,12.38,0.156,21.77,40.18,705,N,35,0
CUST-18163,56,57157,MORTGAGE,3.1,HOMEIMPROVEMENT,B,18858,10.39,0.33,23.82,48.37,714,N,35,0
CUST-18164,32,17359,RENT,1.1,EDUCATION,A,7336,7.35,0.423,26.73,17.56,747,N,10,0
CUST-18165,38,30758,RENT,1.4,PERSONAL,D,3781,16.91,0.123,24.29,85.11,594,N,17,0
CUST-18166,49,24340,MORTGAGE,5.4,PERSONAL,B,7044,9.44,0.289,10.93,31.3,706,N,29,1
CUST-18167,64,15000,MORTGAGE,0.6,EDUCATION,C,10748,12.67,0.717,19.71,72.09,613,Y,35,1
CUST-18168,37,48935,RENT,1.0,VENTURE,E,4959,17.05,0.101,11.53,61.18,622,N,17,0
CUST-18169,33,30372,RENT,3.8,MEDICAL,C,11653,16.25,0.384,27.44,64.15,627,N,14,0
CUST-18170,55,236850,RENT,0.2,VENTURE,D,11394,17.5,0.048,16.65,74.47,567,N,35,0
CUST-18171,55,44299,MORTGAGE,0.7,VENTURE,A,3351,6.36,0.076,15.57,11.85,764,N,35,0
CUST-18172,39,106537,OTHER,10.0,MEDICAL,B,4806,11.73,0.045,3.91,67.22,671,N,17,0
CUST-18173,38,19120,RENT,9.4,DEBTCONSOLIDATION,B,4102,9.53,0.215,8.65,37.59,742,N,18,0
CUST-18174,64,35665,RENT,2.1,VENTURE,C,11400,13.58,0.32,34.37,84.34,580,N,35,1
CUST-18175,63,51955,RENT,2.1,DEBTCONSOLIDATION,A,5480,7.58,0.105,13.23,41.99,692,N,35,1
CUST-18176,26,28427,RENT,8.0,EDUCATION,C,5672,12.96,0.2,10.28,48.18,637,N,6,0
CUST-18177,63,38050,RENT,0.1,VENTURE,A,4309,6.52,0.113,11.28,62.04,755,N,35,0
CUST-18178,23,43011,OWN,4.3,MEDICAL,A,8151,8.95,0.19,26.36,23.88,724,N,3,0
CUST-18179,53,42601,RENT,4.5,DEBTCONSOLIDATION,B,7869,10.6,0.185,18.95,45.55,691,N,33,1
CUST-18180,21,149204,MORTGAGE,3.0,MEDICAL,B,11620,12.52,0.078,9.01,42.14,761,N,3,0
CUST-18181,24,61508,RENT,,EDUCATION,E,9801,18.25,0.159,24.83,59.85,545,Y,4,0
CUST-18182,29,65362,MORTGAGE,2.2,EDUCATION,C,6053,12.93,0.093,29.03,56.52,594,Y,9,0
CUST-18183,51,67764,MORTGAGE,2.9,EDUCATION,B,7724,10.45,0.114,20.19,55.22,692,N,30,0
CUST-18184,61,70797,RENT,5.6,EDUCATION,A,15528,8.82,0.219,26.91,27.38,710,N,35,0
CUST-18185,60,46642,OWN,17.1,MEDICAL,A,18058,6.55,0.387,20.44,45.86,770,N,35,0
CUST-18186,32,40439,RENT,11.1,HOMEIMPROVEMENT,B,14472,11.19,0.358,18.8,23.12,717,Y,12,0
CUST-18187,58,54181,MORTGAGE,5.5,PERSONAL,A,7196,7.91,0.133,6.53,27.12,745,N,35,0
CUST-18188,24,98133,MORTGAGE,6.0,EDUCATION,C,3877,15.21,0.04,26.54,53.96,663,N,6,0
CUST-18189,29,96350,RENT,0.4,HOMEIMPROVEMENT,A,5752,8.1,0.06,11.29,46.69,713,N,11,0
CUST-18190,29,42436,MORTGAGE,2.4,EDUCATION,B,6273,8.34,0.148,29.14,57.66,733,N,10,0
CUST-18191,57,77707,MORTGAGE,0.1,DEBTCONSOLIDATION,C,5395,12.28,0.069,8.37,79.97,630,N,35,0
CUST-18192,46,43619,OTHER,1.0,EDUCATION,D,6437,15.34,0.148,4.95,81.18,669,N,26,0
CUST-18193,40,50027,MORTGAGE,5.0,MEDICAL,B,5155,9.96,0.103,21.48,95.09,689,N,21,0
CUST-18194,27,36897,RENT,9.0,PERSONAL,A,11461,9.09,0.311,25.25,33.27,734,N,6,0
CUST-18195,20,43959,MORTGAGE,2.0,DEBTCONSOLIDATION,E,5104,19.18,0.116,10.49,87.1,563,Y,1,1
CUST-18196,47,109622,MORTGAGE,5.5,HOMEIMPROVEMENT,C,10779,13.54,0.098,29.5,63.93,670,N,27,1
CUST-18197,68,51815,MORTGAGE,0.5,HOMEIMPROVEMENT,D,15979,16.23,0.308,25.28,58.33,661,N,35,0
CUST-18198,58,53165,MORTGAGE,5.5,PERSONAL,A,11454,8.15,0.215,25.77,64.43,763,N,35,0
CUST-18199,33,20571,RENT,3.0,DEBTCONSOLIDATION,B,9699,9.63,0.471,14.11,40.81,775,N,12,0
CUST-18200,40,40719,RENT,5.3,DEBTCONSOLIDATION,A,6459,7.3,0.159,10.85,78.06,721,N,19,0
CUST-18201,49,42413,MORTGAGE,2.0,MEDICAL,A,7234,7.28,0.171,15.85,26.06,743,N,28,0
CUST-18202,40,29807,OWN,4.4,VENTURE,A,2320,7.41,0.078,12.62,40.79,711,N,21,0
CUST-18203,68,49662,RENT,2.8,DEBTCONSOLIDATION,B,8130,9.82,0.164,21.26,31.23,682,N,35,0
CUST-18204,28,37891,OWN,4.1,EDUCATION,G,13432,22.9,0.354,23.45,87.38,477,N,8,0
CUST-18205,36,51431,OWN,0.8,PERSONAL,B,5630,11.62,0.109,11.97,77.56,649,N,16,0
CUST-18206,24,52727,OWN,2.5,HOMEIMPROVEMENT,C,9241,13.36,0.175,10.93,94.8,683,N,6,1
CUST-18207,50,27626,OWN,2.3,MEDICAL,D,5840,17.85,0.211,30.5,43.92,631,N,31,1
CUST-18208,59,38591,OWN,6.7,DEBTCONSOLIDATION,A,6400,8.08,0.166,11.82,38.62,736,N,35,0
CUST-18209,57,51350,MORTGAGE,6.1,MEDICAL,A,6390,8.12,0.124,17.36,77.08,761,N,35,0
CUST-18210,62,99765,MORTGAGE,12.0,PERSONAL,A,6036,8.86,0.061,14.83,68.38,736,N,35,0
CUST-18211,38,57184,RENT,5.0,MEDICAL,D,3538,19.62,0.062,9.3,54.33,602,Y,16,1
CUST-18212,55,32953,RENT,1.9,VENTURE,C,4543,15.06,0.138,9.8,38.94,668,N,33,0
CUST-18213,69,62280,RENT,7.6,PERSONAL,B,10183,11.56,0.164,8.22,40.89,699,Y,35,0
CUST-18214,52,136561,RENT,3.4,EDUCATION,D,11399,16.85,0.083,5.05,81.18,611,N,34,1
CUST-18215,32,84967,RENT,,PERSONAL,A,21971,9.01,0.259,23.72,90.57,683,N,11,0
CUST-18216,33,68085,OWN,6.9,VENTURE,A,10357,6.6,0.152,25.14,27.5,779,N,13,0
CUST-18217,52,75762,MORTGAGE,0.7,DEBTCONSOLIDATION,B,3889,11.2,0.051,2.92,71.6,746,N,31,0
CUST-18218,48,116305,RENT,1.0,VENTURE,C,5547,15.03,0.048,11.97,69.38,686,N,28,0
CUST-18219,62,93468,MORTGAGE,7.1,VENTURE,A,6149,8.64,0.066,7.32,44.15,731,N,35,0
CUST-18220,68,68875,MORTGAGE,7.4,EDUCATION,A,4213,7.41,0.061,17.16,36.94,784,N,35,0
CUST-18221,55,93077,RENT,7.8,MEDICAL,B,8911,11.05,0.096,14.47,34.77,715,N,35,0
CUST-18222,63,25616,OWN,1.7,MEDICAL,A,4026,7.11,0.157,16.8,41.74,720,N,35,0
CUST-18223,29,19903,RENT,,VENTURE,C,16096,12.58,0.809,35.08,37.11,639,N,11,0
CUST-18224,50,53866,MORTGAGE,6.4,HOMEIMPROVEMENT,B,3455,12.24,0.064,5.21,24.01,697,N,29,0
CUST-18225,25,51083,RENT,7.0,VENTURE,B,13244,9.98,0.259,17.91,48.14,618,N,6,1
CUST-18226,20,35371,MORTGAGE,2.0,DEBTCONSOLIDATION,D,9000,15.97,0.254,24.75,82.29,617,Y,2,1
CUST-18227,26,80459,MORTGAGE,4.3,HOMEIMPROVEMENT,C,4426,13.0,0.055,6.11,36.72,611,N,6,0
CUST-18228,46,16031,RENT,0.6,PERSONAL,A,12058,6.66,0.752,16.33,47.94,713,N,28,1
CUST-18229,40,35565,OWN,6.2,MEDICAL,B,8090,9.63,0.227,19.12,30.38,705,N,19,0
CUST-18230,47,36644,RENT,5.9,DEBTCONSOLIDATION,B,9800,8.43,0.267,21.28,43.23,688,N,28,0
CUST-18231,35,18365,MORTGAGE,1.9,DEBTCONSOLIDATION,D,3061,14.64,0.167,12.12,54.56,575,N,14,0
CUST-18232,65,120191,OWN,6.7,EDUCATION,C,3232,13.27,0.027,23.79,90.6,655,N,35,0
CUST-18233,42,21687,OWN,4.0,VENTURE,B,5083,11.05,0.234,5.91,41.11,670,N,20,1
CUST-18234,39,34440,RENT,4.1,EDUCATION,D,2824,14.49,0.082,4.24,97.89,580,N,20,0
CUST-18235,57,84523,RENT,2.3,PERSONAL,B,10588,10.72,0.125,20.16,50.74,741,N,35,0
CUST-18236,44,72231,MORTGAGE,0.6,HOMEIMPROVEMENT,D,4854,18.04,0.067,17.27,60.44,616,N,22,0
CUST-18237,47,25212,RENT,1.2,DEBTCONSOLIDATION,A,15570,6.93,0.618,26.28,50.15,762,N,29,0
CUST-18238,24,73828,MORTGAGE,6.0,MEDICAL,A,5691,6.31,0.077,18.06,28.61,805,N,6,0
CUST-18239,40,58329,MORTGAGE,1.6,PERSONAL,C,4548,13.43,0.078,18.22,69.24,642,N,20,0
CUST-18240,37,198753,MORTGAGE,0.0,HOMEIMPROVEMENT,A,12666,8.12,0.064,16.23,30.25,728,N,17,0
CUST-18241,66,62465,RENT,29.1,MEDICAL,C,4024,12.83,0.064,24.52,80.56,628,N,35,0
CUST-18242,25,45037,MORTGAGE,1.2,PERSONAL,C,3737,14.64,0.083,19.31,17.59,715,N,6,1
CUST-18243,48,29322,OWN,5.3,PERSONAL,C,5459,14.06,0.186,22.83,46.97,647,N,27,0
CUST-18244,38,31365,MORTGAGE,13.1,PERSONAL,D,16713,18.58,0.533,47.28,72.18,577,N,19,1
CUST-18245,52,29867,MORTGAGE,4.6,VENTURE,B,2717,8.48,0.091,21.94,75.31,705,Y,33,1
CUST-18246,20,111598,RENT,2.0,EDUCATION,D,1796,14.81,0.016,28.6,54.27,588,Y,1,1
CUST-18247,64,49552,RENT,18.7,PERSONAL,B,4204,10.0,0.085,21.59,51.85,686,N,35,0
CUST-18248,22,68813,RENT,4.0,DEBTCONSOLIDATION,B,11670,8.89,0.17,4.27,42.72,757,N,2,0
CUST-18249,61,121606,MORTGAGE,4.1,DEBTCONSOLIDATION,B,15925,12.39,0.131,19.8,42.68,704,Y,35,1
CUST-18250,40,15000,RENT,2.3,PERSONAL,E,4167,19.78,0.278,28.73,76.79,525,N,19,1
CUST-18251,54,105590,MORTGAGE,3.3,EDUCATION,A,14206,7.1,0.135,11.91,63.97,735,N,33,0
CUST-18252,60,50677,MORTGAGE,9.2,MEDICAL,C,2456,,0.048,19.35,74.18,585,N,35,0
CUST-18253,59,63642,MORTGAGE,9.6,PERSONAL,A,1919,7.85,0.03,17.8,66.47,723,N,35,0
CUST-18254,22,29820,RENT,4.0,PERSONAL,A,5997,7.25,0.201,18.17,54.54,785,N,1,0
CUST-18255,44,31161,MORTGAGE,4.5,EDUCATION,E,4134,18.56,0.133,27.14,59.26,545,N,25,0
CUST-18256,64,65729,MORTGAGE,3.2,DEBTCONSOLIDATION,A,10214,8.17,0.155,12.24,43.16,842,N,35,0
CUST-18257,57,204998,RENT,1.9,DEBTCONSOLIDATION,C,5963,14.13,0.029,20.0,53.19,559,Y,35,1
CUST-18258,64,89499,RENT,0.0,HOMEIMPROVEMENT,B,9887,11.32,0.11,17.93,79.33,684,Y,35,1
CUST-18259,39,104748,MORTGAGE,7.2,VENTURE,D,10761,17.47,0.103,24.57,84.72,614,N,20,1
CUST-18260,63,43686,RENT,1.6,VENTURE,C,15209,15.24,0.348,17.55,60.53,652,N,35,1
CUST-18261,64,34196,RENT,2.0,MEDICAL,A,5355,6.51,0.157,3.93,11.09,770,N,35,0
CUST-18262,53,30684,RENT,9.3,MEDICAL,B,3041,13.18,0.099,22.76,31.56,690,N,35,0
CUST-18263,40,36571,RENT,0.3,VENTURE,A,5363,9.66,0.147,12.79,52.87,794,N,22,0
CUST-18264,67,15000,OWN,13.1,VENTURE,B,7132,12.56,0.475,42.65,76.93,657,Y,35,1
CUST-18265,42,31730,MORTGAGE,0.0,PERSONAL,C,3118,,0.098,15.44,62.36,642,N,20,0
CUST-18266,25,35023,MORTGAGE,7.0,EDUCATION,A,16600,6.64,0.474,18.33,35.05,711,N,5,0
CUST-18267,32,44125,OWN,3.0,DEBTCONSOLIDATION,D,4279,16.63,0.097,12.7,100.0,593,N,12,1
CUST-18268,68,53053,MORTGAGE,0.5,EDUCATION,A,16633,7.84,0.314,39.12,39.73,741,Y,35,1
CUST-18269,42,60929,MORTGAGE,5.6,EDUCATION,A,2654,8.53,0.044,22.25,60.61,772,N,21,0
CUST-18270,28,48583,RENT,10.0,MEDICAL,A,12761,7.3,0.263,16.46,17.49,715,Y,8,0
CUST-18271,36,34583,MORTGAGE,2.9,EDUCATION,A,6398,8.61,0.185,17.58,67.3,740,N,18,0
CUST-18272,21,15092,RENT,3.0,PERSONAL,B,7138,10.08,0.473,19.26,30.06,701,N,1,0
CUST-18273,38,34711,RENT,19.4,EDUCATION,A,11509,7.56,0.332,11.61,38.12,755,N,19,0
CUST-18274,38,27351,RENT,1.4,VENTURE,G,8241,25.37,0.301,16.65,55.69,461,Y,18,0
CUST-18275,26,64837,RENT,8.0,EDUCATION,G,6875,24.65,0.106,16.68,55.89,508,Y,6,1
CUST-18276,61,84590,RENT,1.7,VENTURE,B,8552,9.69,0.101,6.85,31.54,741,N,35,0
CUST-18277,61,86089,RENT,2.8,PERSONAL,B,11156,9.42,0.13,9.17,33.05,740,N,35,0
CUST-18278,39,77201,MORTGAGE,1.7,PERSONAL,E,12119,20.78,0.157,35.79,80.62,560,Y,17,0
CUST-18279,28,45246,RENT,3.0,HOMEIMPROVEMENT,C,9271,14.1,0.205,6.67,25.43,668,N,9,0
CUST-18280,36,35840,MORTGAGE,0.0,VENTURE,A,20618,,0.575,14.72,20.08,744,N,18,0
CUST-18281,46,31311,MORTGAGE,1.8,VENTURE,C,7709,14.87,0.246,9.37,70.41,687,N,25,0
CUST-18282,66,19840,MORTGAGE,2.9,PERSONAL,A,11644,7.16,0.587,17.99,50.17,774,Y,35,0
CUST-18283,21,88886,RENT,3.0,EDUCATION,B,6685,11.71,0.075,15.47,51.42,659,N,2,0
CUST-18284,55,44142,OWN,5.1,HOMEIMPROVEMENT,B,10076,,0.228,26.03,70.71,695,N,35,0
CUST-18285,38,23206,RENT,4.4,PERSONAL,C,20311,13.36,0.875,28.75,67.2,627,N,19,1
CUST-18286,36,29854,MORTGAGE,1.7,HOMEIMPROVEMENT,A,6597,10.68,0.221,15.08,39.84,747,N,15,0
CUST-18287,24,29138,MORTGAGE,6.0,MEDICAL,A,7289,10.32,0.25,12.56,50.44,710,N,4,0
CUST-18288,58,50302,RENT,2.5,VENTURE,D,3065,17.28,0.061,8.85,44.96,606,Y,35,1
CUST-18289,37,93011,RENT,1.2,VENTURE,D,5960,15.48,0.064,18.5,31.13,605,Y,19,1
CUST-18290,26,39783,RENT,4.0,EDUCATION,B,13454,9.93,0.338,26.76,52.12,696,N,7,0
CUST-18291,36,15000,MORTGAGE,6.9,EDUCATION,C,3810,12.85,0.254,7.88,21.87,659,N,16,0
CUST-18292,58,43760,MORTGAGE,0.1,VENTURE,C,17115,14.48,0.391,27.1,85.07,596,N,35,0
CUST-18293,55,44635,OWN,1.6,HOMEIMPROVEMENT,B,3043,10.96,0.068,12.02,97.0,727,N,34,0
CUST-18294,59,42832,RENT,8.7,PERSONAL,A,6854,7.13,0.16,13.39,14.26,779,N,35,0
CUST-18295,64,33641,RENT,3.5,EDUCATION,B,3600,12.98,0.107,18.22,18.07,749,N,35,0
CUST-18296,23,55852,RENT,2.6,EDUCATION,E,15926,18.98,0.285,18.54,57.36,567,N,5,1
CUST-18297,57,51005,OWN,13.4,MEDICAL,D,10985,18.74,0.215,14.15,32.79,619,N,35,0
CUST-18298,44,48295,RENT,0.5,PERSONAL,B,11730,11.9,0.243,26.08,52.26,737,N,24,0
CUST-18299,24,62792,RENT,4.8,DEBTCONSOLIDATION,A,17674,8.27,0.281,21.27,71.61,725,N,5,1
CUST-18300,49,37877,OWN,2.1,MEDICAL,D,10826,15.57,0.286,9.59,32.68,627,N,27,0
CUST-18301,31,36608,MORTGAGE,0.4,DEBTCONSOLIDATION,C,12296,15.43,0.336,16.71,34.39,624,N,11,0
CUST-18302,23,112204,MORTGAGE,1.2,HOMEIMPROVEMENT,B,14700,12.87,0.131,41.57,72.66,718,N,4,1
CUST-18303,43,68570,RENT,4.9,PERSONAL,A,11414,7.78,0.166,12.35,25.22,764,N,21,0
CUST-18304,48,80512,MORTGAGE,0.1,PERSONAL,C,8602,15.0,0.107,8.75,100.0,619,Y,26,1
CUST-18305,28,102299,OWN,4.5,HOMEIMPROVEMENT,B,22312,10.62,0.218,20.84,78.8,718,N,10,0
CUST-18306,23,67209,MORTGAGE,5.0,MEDICAL,B,12105,12.31,0.18,24.13,75.88,685,N,5,1
CUST-18307,43,85565,RENT,7.9,PERSONAL,B,17925,9.36,0.209,27.95,67.76,694,Y,22,1
CUST-18308,33,19003,RENT,2.1,DEBTCONSOLIDATION,C,9058,14.69,0.477,34.02,40.8,679,N,14,1
CUST-18309,24,55408,RENT,0.7,MEDICAL,B,5854,7.48,0.106,5.66,60.45,738,N,5,0
CUST-18310,37,43930,MORTGAGE,3.1,EDUCATION,C,13878,12.1,0.316,19.12,78.3,665,N,18,1
CUST-18311,61,134136,RENT,2.5,MEDICAL,A,5860,6.23,0.044,8.28,60.21,750,N,35,0
CUST-18312,38,85526,MORTGAGE,17.8,HOMEIMPROVEMENT,C,19717,13.52,0.231,28.14,64.67,675,N,16,0
CUST-18313,31,33581,MORTGAGE,13.0,PERSONAL,A,1459,6.44,0.043,10.13,40.35,739,N,10,0
CUST-18314,37,61308,MORTGAGE,2.6,EDUCATION,B,8505,9.45,0.139,10.59,58.97,731,N,18,0
CUST-18315,36,54209,RENT,0.8,EDUCATION,B,5183,10.28,0.096,11.5,38.78,678,N,15,0
CUST-18316,49,64382,MORTGAGE,12.1,HOMEIMPROVEMENT,C,9505,13.35,0.148,15.8,24.11,642,N,29,0
CUST-18317,43,26600,MORTGAGE,7.9,HOMEIMPROVEMENT,C,10629,12.12,0.4,22.94,80.41,617,Y,25,1
CUST-18318,30,60840,RENT,3.6,EDUCATION,C,8700,11.89,0.143,8.07,51.7,647,N,9,0
CUST-18319,54,42749,OWN,2.3,VENTURE,A,9778,6.48,0.229,26.5,18.75,803,N,32,0
CUST-18320,42,58073,RENT,3.0,EDUCATION,B,3363,11.7,0.058,18.23,48.44,753,N,22,0
CUST-18321,36,31741,MORTGAGE,11.6,MEDICAL,A,4281,10.66,0.135,12.72,57.82,807,N,16,0
CUST-18322,20,34508,RENT,1.0,DEBTCONSOLIDATION,B,4958,12.25,0.144,11.21,54.29,678,N,1,0
CUST-18323,34,99141,MORTGAGE,8.2,MEDICAL,C,6634,13.07,0.067,11.12,39.72,745,N,15,0
CUST-18324,51,26083,MORTGAGE,0.1,DEBTCONSOLIDATION,A,3255,8.0,0.125,23.99,39.48,791,Y,31,0
CUST-18325,28,27264,RENT,10.0,VENTURE,B,14572,10.5,0.534,26.83,42.53,736,N,10,0
CUST-18326,34,47526,MORTGAGE,3.5,PERSONAL,D,9805,16.33,0.206,15.66,40.66,619,Y,14,0
CUST-18327,47,30849,MORTGAGE,1.3,HOMEIMPROVEMENT,C,12531,13.63,0.406,17.0,82.94,595,N,25,1
CUST-18328,43,28824,MORTGAGE,0.0,PERSONAL,C,17159,13.83,0.595,28.77,40.49,628,N,25,1
CUST-18329,54,52210,RENT,4.1,MEDICAL,D,8922,14.4,0.171,30.56,94.38,595,N,33,1
CUST-18330,41,19869,RENT,1.4,VENTURE,B,7192,9.76,0.362,14.2,98.53,695,N,22,1
CUST-18331,46,26774,MORTGAGE,5.0,HOMEIMPROVEMENT,C,3026,13.45,0.113,19.54,94.78,635,N,28,0
CUST-18332,38,168124,RENT,1.7,EDUCATION,A,4751,10.36,0.028,6.04,27.63,749,N,17,0
CUST-18333,64,64581,MORTGAGE,0.5,HOMEIMPROVEMENT,A,3976,8.26,0.062,25.81,27.1,767,N,35,0
CUST-18334,31,31321,RENT,3.5,DEBTCONSOLIDATION,B,4005,11.82,0.128,9.45,42.74,703,N,12,0
CUST-18335,39,63002,RENT,4.2,PERSONAL,A,7056,7.37,0.112,33.03,56.33,743,N,17,0
CUST-18336,20,68899,MORTGAGE,2.0,HOMEIMPROVEMENT,B,20229,12.23,0.294,22.16,24.85,691,N,1,0
CUST-18337,40,89022,MORTGAGE,3.1,EDUCATION,A,3318,7.84,0.037,9.79,36.79,800,N,20,0
CUST-18338,68,45419,MORTGAGE,4.5,PERSONAL,F,4797,22.99,0.106,7.59,55.04,516,Y,35,1
CUST-18339,64,88071,MORTGAGE,3.7,DEBTCONSOLIDATION,D,2087,16.71,0.024,5.18,78.14,637,N,35,0
CUST-18340,20,15000,MORTGAGE,0.7,EDUCATION,F,8983,22.66,0.599,20.8,83.48,531,Y,2,1
CUST-18341,29,26009,MORTGAGE,1.1,VENTURE,D,4876,15.93,0.187,19.52,44.26,545,Y,9,1
CUST-18342,66,54085,OWN,,MEDICAL,E,8388,21.7,0.155,21.85,68.1,651,N,35,0
CUST-18343,51,59741,MORTGAGE,5.9,EDUCATION,B,14938,9.92,0.25,13.67,19.87,743,N,32,0
CUST-18344,58,28365,MORTGAGE,3.8,VENTURE,B,5152,9.36,0.182,11.62,68.82,779,N,35,0
CUST-18345,41,57276,RENT,2.8,PERSONAL,A,17846,7.69,0.312,26.78,52.29,781,N,20,0
CUST-18346,37,33714,OWN,8.0,EDUCATION,C,9376,15.75,0.278,19.04,32.97,652,N,15,0
CUST-18347,67,41515,RENT,2.0,DEBTCONSOLIDATION,C,14114,12.68,0.34,25.26,54.54,670,N,35,0
CUST-18348,65,90659,RENT,4.2,DEBTCONSOLIDATION,B,12228,10.28,0.135,10.36,94.11,683,N,35,1
CUST-18349,51,84572,RENT,0.4,MEDICAL,A,16043,7.81,0.19,12.1,33.29,720,N,32,0
CUST-18350,46,26950,RENT,6.8,PERSONAL,B,3057,8.91,0.113,15.89,28.32,773,Y,27,0
CUST-18351,47,25994,RENT,5.9,MEDICAL,A,4235,5.85,0.163,17.45,31.08,740,N,28,0
CUST-18352,37,38303,MORTGAGE,8.1,HOMEIMPROVEMENT,C,10838,14.85,0.283,17.99,43.59,655,N,17,0
CUST-18353,58,48240,MORTGAGE,10.8,PERSONAL,B,9748,10.59,0.202,23.37,16.12,716,N,35,0
CUST-18354,68,33032,RENT,7.1,PERSONAL,D,11423,15.23,0.346,28.48,47.86,602,N,35,0
CUST-18355,48,91526,MORTGAGE,9.3,HOMEIMPROVEMENT,E,10312,19.12,0.113,7.06,88.92,604,Y,30,1
CUST-18356,37,60381,MORTGAGE,2.1,EDUCATION,A,15322,6.83,0.254,37.07,60.67,747,N,19,1
CUST-18357,63,62545,MORTGAGE,2.1,PERSONAL,G,4973,24.51,0.08,24.16,58.14,623,N,35,1
CUST-18358,27,22927,RENT,9.0,PERSONAL,F,9786,22.24,0.427,13.33,73.9,463,N,5,1
CUST-18359,50,98752,MORTGAGE,12.3,HOMEIMPROVEMENT,C,5069,10.92,0.051,13.9,53.6,627,N,28,0
CUST-18360,53,15000,RENT,4.0,MEDICAL,D,10853,18.1,0.724,30.2,100.0,648,N,34,1
CUST-18361,26,80856,RENT,2.3,PERSONAL,A,8477,7.59,0.105,11.42,79.38,695,N,4,0
CUST-18362,55,85869,RENT,10.0,HOMEIMPROVEMENT,F,9918,,0.116,38.36,100.0,537,Y,35,1
CUST-18363,37,37818,MORTGAGE,2.0,HOMEIMPROVEMENT,B,4271,11.56,0.113,13.04,55.82,688,N,15,0
CUST-18364,57,105213,MORTGAGE,0.8,PERSONAL,D,8449,15.26,0.08,7.95,77.63,606,N,35,0
CUST-18365,28,47199,RENT,5.1,MEDICAL,B,4542,10.12,0.096,7.8,72.83,742,N,9,0
CUST-18366,28,50891,RENT,0.2,EDUCATION,C,3035,12.04,0.06,10.88,41.44,655,N,8,0
CUST-18367,65,60097,MORTGAGE,2.4,MEDICAL,B,12072,11.39,0.201,23.92,89.01,674,N,35,0
CUST-18368,27,331686,MORTGAGE,8.2,EDUCATION,B,2241,11.93,0.007,10.5,79.03,736,N,6,0
CUST-18369,54,109826,RENT,1.7,EDUCATION,E,13695,19.96,0.125,13.61,43.89,578,Y,32,1
CUST-18370,37,74658,MORTGAGE,13.4,VENTURE,C,2923,13.27,0.039,15.38,66.13,602,N,16,0
CUST-18371,24,28348,OWN,6.0,MEDICAL,D,11148,14.97,0.393,23.65,36.24,587,Y,6,1
CUST-18372,33,53431,RENT,8.5,EDUCATION,B,3385,9.95,0.063,10.92,85.29,697,N,14,1
CUST-18373,47,30095,MORTGAGE,22.0,PERSONAL,E,1116,19.78,0.037,17.42,60.25,597,N,28,0
CUST-18374,49,80279,RENT,3.8,DEBTCONSOLIDATION,C,8554,12.81,0.107,19.15,56.98,646,N,30,0
CUST-18375,23,53331,MORTGAGE,4.2,PERSONAL,A,5795,6.95,0.109,36.1,54.82,783,N,2,0
CUST-18376,58,24966,RENT,9.0,VENTURE,C,10972,12.15,0.439,14.04,36.95,652,N,35,0
CUST-18377,39,51465,RENT,3.4,PERSONAL,A,4637,6.61,0.09,11.58,41.74,726,N,17,0
CUST-18378,44,29447,MORTGAGE,2.6,VENTURE,D,15501,14.74,0.526,25.52,70.6,612,N,26,0
CUST-18379,47,53676,MORTGAGE,4.8,PERSONAL,B,23037,10.83,0.429,18.0,14.27,726,N,26,0
CUST-18380,31,29276,RENT,5.4,EDUCATION,B,14008,10.56,0.478,28.05,17.37,694,N,13,0
CUST-18381,21,49835,RENT,3.0,VENTURE,C,12030,13.61,0.241,14.51,33.74,611,N,1,0
CUST-18382,62,76901,RENT,5.5,EDUCATION,C,10496,13.07,0.136,28.0,98.04,657,N,35,0
CUST-18383,33,47484,MORTGAGE,6.8,MEDICAL,C,10308,12.79,0.217,32.39,78.42,618,Y,12,0
CUST-18384,41,38772,MORTGAGE,5.6,PERSONAL,D,11370,16.14,0.293,18.06,30.29,662,N,22,0
CUST-18385,50,55379,MORTGAGE,3.3,EDUCATION,B,8087,9.99,0.146,5.43,44.41,740,N,29,0
CUST-18386,42,74481,MORTGAGE,0.7,VENTURE,B,5865,10.68,0.079,12.87,64.28,692,N,21,0
CUST-18387,67,25227,MORTGAGE,7.7,PERSONAL,A,7351,9.7,0.291,8.66,41.7,766,Y,35,0
CUST-18388,39,57319,MORTGAGE,0.2,PERSONAL,B,7743,10.27,0.135,2.81,45.11,697,N,20,0
CUST-18389,57,108068,MORTGAGE,24.5,EDUCATION,A,15177,6.79,0.14,14.86,29.71,803,N,35,0
CUST-18390,23,69161,MORTGAGE,5.0,PERSONAL,C,7469,13.2,0.108,31.06,70.09,594,N,5,0
CUST-18391,34,50749,OWN,5.6,PERSONAL,B,3726,9.91,0.073,10.23,24.91,707,Y,13,0
CUST-18392,43,71958,RENT,17.0,EDUCATION,D,22471,15.9,0.312,16.41,85.52,577,Y,21,1
CUST-18393,44,64311,RENT,4.7,PERSONAL,B,17138,9.8,0.266,14.99,69.21,715,N,24,0
CUST-18394,20,77046,RENT,0.3,HOMEIMPROVEMENT,A,7036,8.32,0.091,14.01,68.9,684,N,1,1
CUST-18395,26,15000,MORTGAGE,4.1,PERSONAL,B,4220,11.31,0.281,32.35,43.41,712,N,6,1
CUST-18396,50,19301,RENT,1.6,HOMEIMPROVEMENT,A,9077,8.58,0.47,20.19,28.23,818,N,28,0
CUST-18397,31,89580,RENT,2.3,HOMEIMPROVEMENT,A,6884,8.84,0.077,35.42,46.08,731,N,10,1
CUST-18398,61,19867,OTHER,3.1,PERSONAL,C,7043,13.06,0.355,17.94,89.09,597,Y,35,1
CUST-18399,24,62375,OWN,6.0,PERSONAL,B,12285,8.62,0.197,10.17,31.96,723,N,5,0
CUST-18400,63,39686,OWN,3.5,PERSONAL,A,12041,9.86,0.303,20.8,53.45,739,N,35,0
CUST-18401,69,26964,RENT,3.2,MEDICAL,A,8400,5.0,0.312,14.63,37.55,783,N,35,0
CUST-18402,61,60463,OWN,1.8,VENTURE,B,6044,10.09,0.1,24.68,46.87,738,N,35,0
CUST-18403,57,55305,RENT,3.9,VENTURE,C,2059,11.79,0.037,8.56,62.3,686,N,35,0
CUST-18404,31,173894,RENT,1.4,MEDICAL,B,9195,10.98,0.053,14.87,56.04,699,N,11,0
CUST-18405,58,33695,RENT,1.5,PERSONAL,A,8129,6.35,0.241,15.43,22.23,814,N,35,0
CUST-18406,37,116316,MORTGAGE,7.1,HOMEIMPROVEMENT,B,13287,11.86,0.114,16.22,22.18,728,N,17,0
CUST-18407,21,60563,RENT,2.1,EDUCATION,E,2505,19.78,0.041,25.25,97.09,545,N,1,1
CUST-18408,29,32971,MORTGAGE,0.3,DEBTCONSOLIDATION,B,13708,12.31,0.416,33.56,61.87,677,N,10,0
CUST-18409,34,79185,MORTGAGE,2.1,EDUCATION,A,4711,7.62,0.059,34.62,40.71,796,Y,12,0
CUST-18410,49,68833,RENT,5.1,EDUCATION,B,20312,11.89,0.295,36.76,67.93,723,N,29,0
CUST-18411,63,50086,RENT,8.4,HOMEIMPROVEMENT,D,4428,,0.088,6.86,69.67,585,N,35,1
CUST-18412,36,57513,RENT,,MEDICAL,A,6892,8.68,0.12,11.23,61.99,737,N,18,0
CUST-18413,23,34262,OWN,5.0,VENTURE,B,7979,10.34,0.233,6.53,55.69,698,N,4,0
CUST-18414,26,29867,RENT,2.8,EDUCATION,D,8127,16.79,0.272,17.51,47.97,639,N,5,0
CUST-18415,60,77316,RENT,1.8,HOMEIMPROVEMENT,A,19153,8.61,0.248,13.31,26.99,742,N,35,0
CUST-18416,50,42857,RENT,0.7,DEBTCONSOLIDATION,E,17227,19.96,0.402,35.24,54.71,616,N,28,1
CUST-18417,58,46721,OWN,4.9,MEDICAL,B,3545,9.55,0.076,14.61,55.56,713,Y,35,1
CUST-18418,53,57982,RENT,3.6,EDUCATION,B,2936,9.91,0.051,6.05,46.27,748,N,31,0
CUST-18419,25,57478,RENT,5.7,VENTURE,F,2253,20.73,0.039,2.97,75.47,490,N,3,1
CUST-18420,69,20793,RENT,1.4,DEBTCONSOLIDATION,A,11168,8.36,0.537,17.25,30.36,803,N,35,0
CUST-18421,57,106059,OWN,2.0,VENTURE,C,10473,13.09,0.099,15.46,59.66,691,N,35,0
CUST-18422,64,52717,RENT,1.7,DEBTCONSOLIDATION,D,4883,15.96,0.093,35.91,42.75,613,N,35,0
CUST-18423,53,43408,MORTGAGE,8.0,EDUCATION,B,7817,,0.18,18.65,26.57,682,Y,33,0
CUST-18424,63,63481,RENT,0.9,DEBTCONSOLIDATION,A,7285,7.22,0.115,10.58,50.3,796,N,35,0
CUST-18425,34,56496,OWN,4.7,PERSONAL,B,8837,11.9,0.156,6.25,44.75,684,N,15,0
CUST-18426,33,77671,MORTGAGE,0.3,EDUCATION,A,5771,8.44,0.074,22.0,88.84,750,N,13,0
CUST-18427,25,67696,MORTGAGE,4.0,MEDICAL,B,5192,,0.077,10.32,65.07,718,N,7,0
CUST-18428,69,75410,RENT,,VENTURE,C,5617,13.0,0.074,21.82,74.03,610,Y,35,1
CUST-18429,56,110259,RENT,1.0,EDUCATION,B,20204,11.35,0.183,17.27,64.19,694,N,35,1
CUST-18430,69,83297,RENT,0.6,DEBTCONSOLIDATION,C,12383,14.1,0.149,16.95,61.6,618,Y,35,0
CUST-18431,51,44520,MORTGAGE,2.1,DEBTCONSOLIDATION,A,2525,6.04,0.057,14.42,52.89,696,N,29,0
CUST-18432,22,24990,OWN,2.1,HOMEIMPROVEMENT,A,5488,7.2,0.22,19.63,76.7,823,N,4,0
CUST-18433,22,133342,RENT,4.0,PERSONAL,D,16025,16.29,0.12,21.76,60.76,587,N,4,0
CUST-18434,41,42504,OWN,1.3,PERSONAL,A,9176,9.29,0.216,33.71,62.87,772,N,20,1
CUST-18435,41,36906,RENT,0.5,MEDICAL,A,13761,7.0,0.373,33.19,68.87,823,N,21,0
CUST-18436,29,17291,OWN,4.6,VENTURE,E,9517,20.08,0.55,17.55,87.79,548,N,7,1
CUST-18437,22,60059,RENT,4.0,PERSONAL,B,7258,12.06,0.121,7.73,75.47,656,N,2,1
CUST-18438,31,53601,RENT,1.7,VENTURE,C,17470,,0.326,23.36,50.85,712,N,9,0
CUST-18439,48,19750,RENT,4.6,MEDICAL,A,6551,7.84,0.332,36.43,74.02,717,N,26,1
CUST-18440,67,64341,MORTGAGE,7.5,VENTURE,A,11112,9.94,0.173,11.39,35.94,736,N,35,0
CUST-18441,36,36354,MORTGAGE,2.1,MEDICAL,B,9884,8.62,0.272,23.63,50.06,680,N,18,1
CUST-18442,26,246271,RENT,3.7,VENTURE,C,2017,12.77,0.008,9.87,66.07,655,N,7,1
CUST-18443,32,34835,MORTGAGE,0.8,PERSONAL,F,7625,22.33,0.219,33.09,98.12,466,N,14,1
CUST-18444,21,37755,RENT,0.1,EDUCATION,B,6575,10.94,0.174,17.75,25.29,722,N,2,0
CUST-18445,23,29002,RENT,5.0,DEBTCONSOLIDATION,A,4550,7.69,0.157,22.56,47.39,766,N,1,0
CUST-18446,29,105527,RENT,1.8,EDUCATION,B,1000,11.15,0.009,28.01,40.34,730,N,8,1
CUST-18447,58,39196,MORTGAGE,1.6,DEBTCONSOLIDATION,A,9452,9.01,0.241,20.32,10.31,780,N,35,0
CUST-18448,43,31731,MORTGAGE,18.1,PERSONAL,A,8933,7.57,0.282,22.21,17.41,766,Y,23,0
CUST-18449,36,74919,MORTGAGE,6.5,MEDICAL,B,12286,10.41,0.164,19.76,76.42,689,N,15,0
CUST-18450,25,21413,MORTGAGE,4.4,EDUCATION,B,2348,11.21,0.11,20.96,69.98,702,N,4,0
CUST-18451,38,71329,RENT,6.0,DEBTCONSOLIDATION,A,18030,9.89,0.253,35.04,62.93,727,N,20,0
CUST-18452,24,142748,MORTGAGE,6.0,DEBTCONSOLIDATION,F,3045,22.72,0.021,12.27,84.53,537,N,2,0
CUST-18453,51,68869,RENT,7.2,EDUCATION,B,14627,11.75,0.212,12.98,86.42,672,N,31,0
CUST-18454,29,71878,MORTGAGE,0.3,EDUCATION,A,3107,5.61,0.043,26.55,40.6,755,N,8,0
CUST-18455,28,82622,RENT,2.7,VENTURE,A,16643,7.28,0.201,13.8,50.61,735,N,6,0
CUST-18456,46,136738,MORTGAGE,1.7,HOMEIMPROVEMENT,D,6749,15.04,0.049,22.31,77.89,581,N,26,1
CUST-18457,32,101309,MORTGAGE,0.4,VENTURE,D,5431,16.52,0.054,22.94,89.69,647,N,10,1
CUST-18458,38,63818,RENT,2.7,HOMEIMPROVEMENT,C,6376,15.21,0.1,3.39,21.11,678,N,19,0
CUST-18459,40,84316,MORTGAGE,4.8,PERSONAL,B,7130,8.95,0.085,23.04,53.07,702,Y,20,0
CUST-18460,43,28808,RENT,1.0,VENTURE,C,13241,15.58,0.46,28.21,93.68,589,Y,24,1
CUST-18461,57,78102,RENT,1.8,VENTURE,E,4847,19.49,0.062,10.11,100.0,539,N,35,1
CUST-18462,23,26813,MORTGAGE,,PERSONAL,A,15904,8.57,0.593,22.21,20.91,747,N,5,0
CUST-18463,43,39331,MORTGAGE,4.3,HOMEIMPROVEMENT,D,6436,17.73,0.164,9.99,87.04,627,N,22,1
CUST-18464,54,15000,RENT,10.2,DEBTCONSOLIDATION,D,28280,18.89,1.885,51.58,90.75,627,N,35,1
CUST-18465,22,62371,RENT,4.0,HOMEIMPROVEMENT,B,3002,11.2,0.048,18.14,77.74,708,N,4,0
CUST-18466,23,33312,MORTGAGE,5.0,EDUCATION,A,10146,6.45,0.305,18.72,24.72,751,N,3,0
CUST-18467,56,95481,MORTGAGE,4.5,EDUCATION,B,3427,11.71,0.036,24.23,44.95,692,N,35,0
CUST-18468,59,61952,RENT,6.0,MEDICAL,A,2710,5.0,0.044,11.2,52.05,728,N,35,0
CUST-18469,67,96226,MORTGAGE,9.8,PERSONAL,A,8660,6.41,0.09,6.17,16.72,808,N,35,0
CUST-18470,54,25587,MORTGAGE,9.2,DEBTCONSOLIDATION,E,6867,18.8,0.268,16.25,79.19,606,Y,35,1
CUST-18471,50,91402,RENT,6.3,PERSONAL,B,6388,7.98,0.07,8.69,57.56,720,N,32,0
CUST-18472,63,173427,RENT,3.5,VENTURE,B,10460,12.52,0.06,5.67,76.26,660,N,35,0
CUST-18473,44,77535,RENT,1.6,EDUCATION,A,3899,9.09,0.05,9.98,28.62,709,N,22,0
CUST-18474,59,78763,MORTGAGE,10.5,MEDICAL,B,5344,11.04,0.068,11.73,26.77,699,N,35,0
CUST-18475,32,54271,RENT,7.5,PERSONAL,C,3333,14.68,0.061,7.16,72.97,632,N,10,0
CUST-18476,23,35781,OWN,5.0,EDUCATION,A,12640,7.94,0.353,18.71,51.18,710,N,3,0
CUST-18477,65,77397,RENT,0.8,MEDICAL,B,5518,11.54,0.071,15.72,49.14,704,N,35,0
CUST-18478,33,19857,MORTGAGE,1.9,VENTURE,A,22291,9.01,1.123,30.11,22.54,684,N,11,1
CUST-18479,32,38152,RENT,2.8,HOMEIMPROVEMENT,B,29082,8.76,0.762,38.55,36.7,697,N,10,1
CUST-18480,46,16938,OWN,9.1,PERSONAL,D,5978,17.6,0.353,20.92,72.11,628,N,24,0
CUST-18481,25,32138,MORTGAGE,7.0,PERSONAL,A,5587,8.86,0.174,31.06,84.99,767,N,5,0
CUST-18482,36,72058,RENT,1.7,VENTURE,A,8384,6.79,0.116,19.58,27.53,687,N,16,0
CUST-18483,55,66385,OWN,5.8,HOMEIMPROVEMENT,B,3382,10.22,0.051,10.35,34.02,635,N,35,0
CUST-18484,59,50541,RENT,0.4,EDUCATION,B,7126,9.57,0.141,8.6,41.16,693,N,35,0
CUST-18485,68,54297,MORTGAGE,2.6,EDUCATION,B,9431,10.87,0.174,15.91,98.43,678,N,35,1
CUST-18486,54,15811,MORTGAGE,3.3,PERSONAL,C,16508,13.97,1.044,54.77,82.61,607,Y,34,1
CUST-18487,36,39201,MORTGAGE,7.3,PERSONAL,A,5951,7.73,0.152,3.93,32.19,675,N,15,0
CUST-18488,60,32571,OWN,,PERSONAL,B,19558,9.58,0.6,41.41,36.27,669,N,35,0
CUST-18489,21,33009,MORTGAGE,2.1,MEDICAL,A,5947,9.15,0.18,13.43,74.3,746,N,1,0
CUST-18490,32,70245,OTHER,3.8,DEBTCONSOLIDATION,A,4868,6.8,0.069,5.4,41.36,742,N,10,0
CUST-18491,21,29251,RENT,3.0,PERSONAL,B,8076,11.16,0.276,19.15,85.55,658,Y,1,1
CUST-18492,47,34104,RENT,2.0,VENTURE,B,9624,11.45,0.282,13.26,76.9,665,N,28,0
CUST-18493,62,15000,MORTGAGE,21.2,MEDICAL,A,20188,5.45,1.346,39.46,28.44,738,N,35,0
CUST-18494,45,41090,MORTGAGE,10.4,DEBTCONSOLIDATION,A,17108,7.9,0.416,31.53,63.37,721,N,23,1
CUST-18495,41,25522,MORTGAGE,1.8,HOMEIMPROVEMENT,C,3745,15.0,0.147,13.23,22.84,661,N,19,0
CUST-18496,66,51406,RENT,3.5,HOMEIMPROVEMENT,B,6039,10.48,0.117,8.63,46.62,720,N,35,0
CUST-18497,62,27704,MORTGAGE,1.3,VENTURE,A,17956,8.58,0.648,33.39,52.95,766,N,35,0
CUST-18498,22,52194,OWN,3.6,HOMEIMPROVEMENT,A,18623,6.69,0.357,13.81,54.55,712,N,1,0
CUST-18499,54,44944,RENT,5.7,EDUCATION,C,8953,14.77,0.199,19.74,40.21,662,N,33,0
CUST-18500,31,133682,RENT,0.4,EDUCATION,A,19925,6.14,0.149,14.14,58.63,763,N,13,0
CUST-18501,43,66060,RENT,10.2,DEBTCONSOLIDATION,B,39477,10.47,0.598,34.18,66.15,752,N,25,1
CUST-18502,24,16255,RENT,4.5,VENTURE,B,8856,11.98,0.545,18.24,18.39,769,N,4,0
CUST-18503,39,22949,MORTGAGE,21.0,PERSONAL,D,11514,17.92,0.502,15.72,96.44,653,N,21,1
CUST-18504,58,50671,OWN,0.1,HOMEIMPROVEMENT,C,1000,11.94,0.02,13.48,78.19,634,Y,35,1
CUST-18505,58,28059,RENT,8.9,EDUCATION,C,7315,13.24,0.261,24.42,75.51,623,N,35,0
CUST-18506,32,15000,MORTGAGE,7.9,EDUCATION,B,5585,9.78,0.372,31.78,70.62,693,N,12,1
CUST-18507,60,110164,MORTGAGE,0.7,VENTURE,C,11233,14.92,0.102,11.56,48.2,630,N,35,0
CUST-18508,64,75518,RENT,2.0,MEDICAL,C,15787,13.41,0.209,22.36,48.95,723,N,35,0
CUST-18509,31,67009,MORTGAGE,10.8,MEDICAL,B,4531,10.68,0.068,15.95,32.76,733,N,9,0
CUST-18510,32,34050,MORTGAGE,3.7,EDUCATION,D,4284,17.08,0.126,18.39,89.56,632,N,11,0
CUST-18511,29,63361,MORTGAGE,2.6,DEBTCONSOLIDATION,F,4610,,0.073,10.17,84.93,558,N,11,0
CUST-18512,52,32124,RENT,11.8,DEBTCONSOLIDATION,B,24283,10.86,0.756,39.45,71.05,748,N,33,1
CUST-18513,59,55432,MORTGAGE,0.5,PERSONAL,D,10126,15.29,0.183,12.72,57.53,632,N,35,1
CUST-18514,35,28216,RENT,3.2,EDUCATION,B,3429,9.91,0.122,31.16,58.41,693,N,15,0
CUST-18515,64,121755,RENT,5.3,PERSONAL,B,14269,9.97,0.117,21.89,50.8,726,N,35,0
CUST-18516,54,19107,RENT,4.7,HOMEIMPROVEMENT,B,11761,11.08,0.616,17.36,17.75,726,N,33,0
CUST-18517,22,102679,RENT,1.5,HOMEIMPROVEMENT,A,12458,6.55,0.121,10.31,21.54,711,N,1,0
CUST-18518,24,50178,RENT,4.1,MEDICAL,E,1081,18.93,0.022,27.71,43.74,654,N,6,1
CUST-18519,45,36545,RENT,6.2,HOMEIMPROVEMENT,C,4291,13.89,0.117,16.3,42.82,629,N,24,0
CUST-18520,30,54187,MORTGAGE,4.4,VENTURE,B,11626,12.16,0.215,15.89,43.96,754,N,9,0
CUST-18521,26,76115,MORTGAGE,,MEDICAL,C,5701,14.03,0.075,17.72,29.59,644,N,4,0
CUST-18522,29,111307,RENT,1.5,EDUCATION,C,11257,14.86,0.101,27.81,49.39,691,N,11,0
CUST-18523,61,59153,RENT,8.9,EDUCATION,A,12695,5.0,0.215,20.16,47.8,752,N,35,0
CUST-18524,53,28726,MORTGAGE,3.0,EDUCATION,A,5692,9.22,0.198,22.66,49.05,699,N,35,0
CUST-18525,22,50684,RENT,4.0,MEDICAL,D,8725,15.47,0.172,10.24,38.59,647,N,3,0
CUST-18526,27,145812,RENT,0.1,PERSONAL,D,6743,15.77,0.046,22.34,51.6,662,N,7,0
CUST-18527,50,110040,MORTGAGE,2.4,PERSONAL,G,14695,26.83,0.134,20.87,61.22,500,N,28,1
CUST-18528,30,84563,RENT,1.0,PERSONAL,A,6733,7.7,0.08,5.85,76.22,780,N,11,0
CUST-18529,64,79016,RENT,4.1,VENTURE,B,2848,9.6,0.036,17.26,29.2,676,N,35,0
CUST-18530,26,74583,RENT,1.4,DEBTCONSOLIDATION,C,12251,12.77,0.164,22.49,66.44,652,N,8,0
CUST-18531,64,98248,RENT,6.7,HOMEIMPROVEMENT,B,9921,8.84,0.101,16.63,83.15,739,N,35,0
CUST-18532,21,37272,OWN,3.0,VENTURE,C,5116,13.52,0.137,14.58,68.82,663,N,2,0
CUST-18533,25,21740,RENT,1.2,HOMEIMPROVEMENT,A,4653,7.1,0.214,32.74,69.51,768,N,3,0
CUST-18534,60,51092,MORTGAGE,0.9,EDUCATION,A,4788,8.3,0.094,11.75,64.7,786,N,35,0
CUST-18535,51,30014,MORTGAGE,10.4,EDUCATION,A,6038,9.56,0.201,21.8,22.44,809,N,30,0
CUST-18536,39,26029,RENT,2.2,EDUCATION,B,15082,9.0,0.579,15.39,41.17,740,N,20,0
CUST-18537,53,31819,RENT,2.9,PERSONAL,B,16328,11.22,0.513,18.61,47.12,712,N,32,1
CUST-18538,69,217768,MORTGAGE,1.2,VENTURE,D,4333,14.66,0.02,14.6,55.72,609,Y,35,0
CUST-18539,35,53192,MORTGAGE,2.8,PERSONAL,A,10724,8.02,0.202,28.44,54.75,757,N,17,0
CUST-18540,44,60909,RENT,1.3,VENTURE,B,8254,9.09,0.136,14.25,35.63,655,N,22,0
CUST-18541,31,23542,RENT,5.5,PERSONAL,E,7279,17.88,0.309,11.98,80.73,579,N,10,1
CUST-18542,26,16215,MORTGAGE,3.5,EDUCATION,B,5049,13.56,0.311,25.87,25.55,660,N,7,0
CUST-18543,58,29988,RENT,7.8,DEBTCONSOLIDATION,A,7795,10.08,0.26,31.59,77.91,737,N,35,0
CUST-18544,36,116182,RENT,1.9,PERSONAL,A,2995,6.65,0.026,13.22,25.12,776,N,16,0
CUST-18545,64,59907,RENT,3.5,MEDICAL,C,2555,15.78,0.043,10.68,61.36,636,N,35,1
CUST-18546,30,70203,RENT,1.5,PERSONAL,A,6549,7.45,0.093,11.29,67.21,799,N,10,0
CUST-18547,25,76354,RENT,7.0,PERSONAL,F,9706,20.35,0.127,9.49,51.27,529,N,5,0
CUST-18548,42,34378,RENT,3.7,VENTURE,B,16039,11.28,0.467,17.8,22.97,742,N,22,0
CUST-18549,46,112733,MORTGAGE,1.0,VENTURE,C,4089,14.64,0.036,17.48,41.35,640,N,26,0
CUST-18550,65,33534,MORTGAGE,1.6,PERSONAL,B,9674,11.4,0.288,24.42,29.06,696,N,35,0
CUST-18551,25,113975,RENT,0.4,HOMEIMPROVEMENT,E,3803,17.47,0.033,5.38,72.81,610,Y,6,0
CUST-18552,57,63919,RENT,0.1,VENTURE,B,9767,9.13,0.153,26.66,35.98,694,N,35,1
CUST-18553,21,16757,MORTGAGE,3.0,EDUCATION,C,8760,14.62,0.523,28.06,86.8,663,N,2,1
CUST-18554,41,31294,RENT,2.1,EDUCATION,D,9182,,0.293,14.93,60.12,595,Y,21,1
CUST-18555,39,16798,RENT,16.6,VENTURE,D,3530,17.72,0.21,9.01,53.25,530,N,21,0
CUST-18556,44,98515,RENT,0.9,VENTURE,A,1000,7.06,0.01,20.15,56.67,729,N,23,0
CUST-18557,34,48298,RENT,7.9,PERSONAL,A,10837,5.53,0.224,24.13,29.72,801,N,13,0
CUST-18558,68,15000,OWN,1.9,EDUCATION,A,18896,5.92,1.26,29.49,51.21,762,N,35,1
CUST-18559,48,61417,MORTGAGE,1.3,EDUCATION,A,18805,8.04,0.306,31.93,40.68,781,N,28,0
CUST-18560,27,35514,RENT,9.0,EDUCATION,D,1000,17.1,0.028,15.57,72.54,643,N,5,0
CUST-18561,56,20124,MORTGAGE,8.1,EDUCATION,B,15249,12.37,0.758,32.92,32.58,727,N,35,0
CUST-18562,68,134158,RENT,5.0,DEBTCONSOLIDATION,B,13263,10.52,0.099,15.96,74.17,756,N,35,1
CUST-18563,52,52280,RENT,6.0,VENTURE,A,22652,7.26,0.433,37.31,67.21,739,N,31,1
CUST-18564,41,41107,RENT,23.0,HOMEIMPROVEMENT,F,12193,24.16,0.297,19.88,78.48,582,Y,22,1
CUST-18565,69,38574,MORTGAGE,4.5,EDUCATION,D,3713,15.49,0.096,6.59,43.99,633,N,35,0
CUST-18566,66,19772,RENT,0.5,PERSONAL,B,9686,10.16,0.49,24.61,42.64,716,N,35,1
CUST-18567,24,22410,RENT,0.3,PERSONAL,C,2795,14.07,0.125,41.6,78.42,578,Y,6,1
CUST-18568,58,105974,RENT,5.5,MEDICAL,C,7767,12.43,0.073,26.22,34.42,664,N,35,0
CUST-18569,37,36889,RENT,5.4,EDUCATION,C,11419,,0.31,13.01,25.24,682,N,16,1
CUST-18570,57,49674,MORTGAGE,6.9,PERSONAL,A,6349,7.51,0.128,25.63,26.12,758,Y,35,0
CUST-18571,56,15000,MORTGAGE,0.6,PERSONAL,C,4522,14.86,0.301,14.8,79.8,694,Y,35,1
CUST-18572,49,22228,MORTGAGE,14.5,HOMEIMPROVEMENT,B,8587,10.0,0.386,13.32,61.13,745,N,28,0
CUST-18573,50,70677,MORTGAGE,4.0,VENTURE,C,12608,12.73,0.178,8.17,51.21,640,N,30,0
CUST-18574,29,61489,OWN,5.2,PERSONAL,B,13304,12.8,0.216,18.58,40.98,704,N,8,0
CUST-18575,34,140368,RENT,0.2,VENTURE,E,18507,20.52,0.132,28.01,37.9,561,Y,12,1
CUST-18576,61,109729,RENT,16.2,VENTURE,C,8172,14.8,0.074,13.67,92.32,635,N,35,0
CUST-18577,67,42683,RENT,4.1,EDUCATION,B,3700,11.5,0.087,11.24,38.09,703,N,35,0
CUST-18578,63,65106,RENT,4.1,PERSONAL,D,3217,,0.049,41.84,69.08,618,Y,35,1
CUST-18579,37,40539,RENT,14.4,HOMEIMPROVEMENT,B,11461,9.35,0.283,13.11,53.79,627,N,19,0
CUST-18580,42,168196,RENT,13.3,EDUCATION,B,17201,9.36,0.102,29.29,29.78,699,N,20,0
CUST-18581,52,97675,RENT,1.2,HOMEIMPROVEMENT,B,5853,9.81,0.06,8.41,46.2,714,N,30,1
CUST-18582,35,54274,MORTGAGE,13.4,PERSONAL,B,6393,11.94,0.118,21.72,65.32,705,N,17,1
CUST-18583,57,55283,OWN,,MEDICAL,A,15475,7.47,0.28,18.6,94.57,748,N,35,0
CUST-18584,54,116647,RENT,0.1,PERSONAL,C,11508,14.63,0.099,17.75,44.44,615,Y,34,1
CUST-18585,53,69407,RENT,1.4,VENTURE,D,4351,17.49,0.063,4.6,82.56,564,N,32,1
CUST-18586,47,124888,MORTGAGE,2.7,DEBTCONSOLIDATION,B,11100,12.42,0.089,28.07,60.29,681,N,28,1
CUST-18587,21,15000,RENT,,EDUCATION,B,3977,11.46,0.265,13.75,73.2,637,N,1,0
CUST-18588,49,64649,RENT,6.0,PERSONAL,A,5011,7.76,0.078,25.76,75.57,748,N,30,0
CUST-18589,32,35980,RENT,1.2,EDUCATION,D,1774,14.94,0.049,17.18,77.29,581,Y,14,1
CUST-18590,60,140621,MORTGAGE,9.1,HOMEIMPROVEMENT,C,4916,15.83,0.035,26.45,68.73,657,Y,35,0
CUST-18591,35,123975,MORTGAGE,9.3,VENTURE,B,12422,11.78,0.1,20.87,97.95,680,N,16,0
CUST-18592,24,49996,MORTGAGE,5.0,EDUCATION,C,9737,14.01,0.195,19.01,89.99,582,Y,5,1
CUST-18593,47,123177,RENT,12.7,DEBTCONSOLIDATION,B,7475,10.76,0.061,7.85,76.1,666,N,27,0
CUST-18594,58,142895,RENT,8.4,VENTURE,A,3726,5.36,0.026,16.23,30.5,757,N,35,0
CUST-18595,64,51258,RENT,1.3,PERSONAL,A,10157,8.01,0.198,23.51,33.04,777,N,35,0
CUST-18596,39,216027,OWN,8.0,MEDICAL,A,3496,6.86,0.016,21.95,34.17,740,N,18,0
CUST-18597,43,48107,MORTGAGE,15.3,MEDICAL,B,5138,8.53,0.107,10.83,66.33,709,N,23,1
CUST-18598,46,43100,RENT,0.7,HOMEIMPROVEMENT,C,6534,12.92,0.152,13.58,44.23,644,N,26,0
CUST-18599,49,82415,MORTGAGE,19.2,EDUCATION,B,21742,10.79,0.264,16.33,19.16,692,N,30,0
CUST-18600,64,39645,RENT,0.1,HOMEIMPROVEMENT,B,7704,10.95,0.194,16.17,51.2,672,N,35,0
CUST-18601,46,51596,OWN,3.7,HOMEIMPROVEMENT,A,13839,6.09,0.268,20.16,27.89,749,N,24,0
CUST-18602,45,114194,MORTGAGE,7.4,VENTURE,C,8768,11.87,0.077,16.5,53.4,629,N,24,0
CUST-18603,26,49589,RENT,7.8,EDUCATION,A,16410,7.14,0.331,13.67,45.01,798,Y,4,0
CUST-18604,61,17729,MORTGAGE,6.6,DEBTCONSOLIDATION,C,15266,14.18,0.861,34.47,86.2,626,N,35,1
CUST-18605,66,61107,MORTGAGE,3.8,MEDICAL,B,5704,9.55,0.093,5.97,82.49,706,N,35,0
CUST-18606,57,32280,RENT,,DEBTCONSOLIDATION,A,10332,6.97,0.32,11.02,60.06,713,N,35,0
CUST-18607,24,82385,MORTGAGE,6.0,EDUCATION,B,5322,10.73,0.065,3.5,70.43,693,N,2,0
CUST-18608,42,74437,MORTGAGE,3.4,DEBTCONSOLIDATION,C,10436,12.52,0.14,17.36,84.64,615,N,24,1
CUST-18609,47,118520,RENT,4.5,HOMEIMPROVEMENT,B,17617,8.09,0.149,26.36,76.01,680,N,27,0
CUST-18610,53,84501,MORTGAGE,9.4,DEBTCONSOLIDATION,B,11992,10.87,0.142,19.38,42.44,734,N,34,0
CUST-18611,34,94291,MORTGAGE,1.9,EDUCATION,A,9942,5.4,0.105,11.56,69.07,748,N,15,0
CUST-18612,51,32811,RENT,3.7,MEDICAL,B,5512,10.9,0.168,31.38,33.29,729,N,32,0
CUST-18613,45,79410,RENT,0.0,PERSONAL,D,5657,16.23,0.071,15.63,54.79,603,N,25,1
CUST-18614,67,159702,MORTGAGE,5.8,PERSONAL,B,10827,10.23,0.068,23.39,64.46,726,N,35,0
CUST-18615,50,32429,RENT,1.1,EDUCATION,A,11622,6.18,0.358,24.05,71.71,779,N,30,0
CUST-18616,38,144327,MORTGAGE,3.3,DEBTCONSOLIDATION,C,2463,13.1,0.017,27.79,91.38,675,N,19,1
CUST-18617,28,35255,RENT,1.2,VENTURE,A,5798,6.45,0.164,25.18,50.33,783,Y,7,1
CUST-18618,48,29401,RENT,0.1,EDUCATION,D,8945,19.92,0.304,21.21,50.55,627,N,30,0
CUST-18619,58,58554,RENT,3.3,DEBTCONSOLIDATION,E,9969,18.54,0.17,6.27,37.08,555,N,35,0
CUST-18620,23,75323,MORTGAGE,2.8,VENTURE,B,11553,11.75,0.153,18.34,33.5,650,N,3,0
CUST-18621,22,84715,MORTGAGE,2.8,DEBTCONSOLIDATION,D,3779,15.82,0.045,14.62,87.35,583,Y,4,1
CUST-18622,48,27527,RENT,1.2,DEBTCONSOLIDATION,A,11305,7.79,0.411,17.81,42.53,764,N,27,0
CUST-18623,30,63622,RENT,12.0,VENTURE,A,13659,7.51,0.215,19.4,49.45,789,Y,12,0
CUST-18624,52,32489,MORTGAGE,0.0,EDUCATION,B,6751,10.3,0.208,7.78,46.97,717,N,32,0
CUST-18625,57,20063,RENT,11.1,DEBTCONSOLIDATION,C,5272,13.26,0.263,23.87,58.77,639,N,35,1
CUST-18626,30,28078,RENT,6.7,EDUCATION,B,14788,10.8,0.527,20.38,94.0,685,N,11,1
CUST-18627,46,31240,RENT,0.9,VENTURE,B,8564,12.15,0.274,12.66,88.52,701,N,25,0
CUST-18628,52,67034,RENT,3.2,HOMEIMPROVEMENT,A,6220,6.14,0.093,33.3,16.26,771,N,32,0
CUST-18629,40,97863,RENT,22.0,PERSONAL,D,10094,14.38,0.103,5.68,73.5,611,N,20,0
CUST-18630,58,20253,RENT,5.2,VENTURE,A,2471,6.5,0.122,8.32,58.46,733,N,35,0
CUST-18631,50,60547,RENT,0.7,EDUCATION,B,6643,10.65,0.11,11.3,64.41,670,N,28,0
CUST-18632,57,24196,MORTGAGE,3.1,EDUCATION,A,14529,7.15,0.6,24.99,79.22,725,N,35,0
CUST-18633,65,71499,RENT,3.2,PERSONAL,A,7424,9.35,0.104,15.79,47.25,726,N,35,0
CUST-18634,21,33737,MORTGAGE,3.0,HOMEIMPROVEMENT,A,2606,9.2,0.077,12.42,54.99,748,N,3,0
CUST-18635,46,26087,MORTGAGE,12.4,PERSONAL,B,10080,9.95,0.386,15.8,41.71,672,Y,24,1
CUST-18636,55,79205,RENT,0.4,HOMEIMPROVEMENT,B,9656,12.35,0.122,12.06,52.59,680,N,35,0
CUST-18637,30,34470,MORTGAGE,1.9,VENTURE,B,5977,11.0,0.173,12.68,45.84,724,N,9,0
CUST-18638,66,40555,RENT,1.8,VENTURE,C,15669,12.63,0.386,21.75,91.99,671,N,35,1
CUST-18639,37,15000,RENT,19.0,HOMEIMPROVEMENT,D,18898,16.36,1.26,33.7,37.29,669,N,16,0
CUST-18640,20,86502,OWN,2.0,MEDICAL,A,15146,7.27,0.175,26.09,26.75,762,N,2,0
CUST-18641,54,80221,MORTGAGE,10.6,EDUCATION,A,10510,6.62,0.131,20.56,61.27,701,N,35,0
CUST-18642,54,49181,OWN,2.8,PERSONAL,B,6936,9.74,0.141,13.09,22.72,646,N,35,0
CUST-18643,50,19603,MORTGAGE,6.4,MEDICAL,B,2063,11.04,0.105,8.67,44.07,704,N,31,0
CUST-18644,47,101277,RENT,1.7,MEDICAL,A,8510,7.02,0.084,3.65,27.84,748,N,26,0
CUST-18645,58,32867,RENT,12.1,EDUCATION,C,4203,13.16,0.128,14.36,62.39,641,N,35,0
CUST-18646,20,37346,RENT,2.0,VENTURE,B,4396,10.25,0.118,19.03,66.11,659,N,1,0
CUST-18647,44,196266,MORTGAGE,8.1,MEDICAL,C,5749,13.3,0.029,19.08,52.55,616,Y,23,1
CUST-18648,62,32138,MORTGAGE,1.5,HOMEIMPROVEMENT,B,29343,11.6,0.913,37.22,49.07,738,N,35,1
CUST-18649,57,76521,MORTGAGE,5.9,MEDICAL,B,2537,9.51,0.033,4.17,26.38,736,N,35,0
CUST-18650,39,68682,RENT,2.6,DEBTCONSOLIDATION,D,10306,16.78,0.15,28.38,82.86,619,N,17,1
CUST-18651,22,61951,RENT,0.2,MEDICAL,A,12057,5.68,0.195,15.6,27.25,772,Y,4,0
CUST-18652,21,58058,MORTGAGE,,HOMEIMPROVEMENT,B,4684,9.87,0.081,32.37,50.47,660,N,1,1
CUST-18653,37,61441,OWN,4.0,MEDICAL,A,4295,5.93,0.07,21.19,33.41,761,N,18,0
CUST-18654,63,57708,RENT,0.8,MEDICAL,B,9338,12.44,0.162,11.93,57.85,677,N,35,0
CUST-18655,29,47517,RENT,1.0,EDUCATION,D,6535,16.66,0.138,14.62,40.13,654,Y,10,1
CUST-18656,24,121390,RENT,3.1,EDUCATION,A,9428,6.99,0.078,19.64,70.21,767,N,5,1
CUST-18657,28,22301,RENT,2.1,DEBTCONSOLIDATION,B,4313,8.42,0.193,22.84,44.47,646,N,9,1
CUST-18658,21,90479,MORTGAGE,2.9,EDUCATION,D,15321,14.89,0.169,17.84,74.66,567,Y,2,1
CUST-18659,53,80290,MORTGAGE,3.1,PERSONAL,B,9555,11.52,0.119,8.36,64.98,697,N,31,0
CUST-18660,57,74536,MORTGAGE,0.8,HOMEIMPROVEMENT,B,4988,10.93,0.067,21.02,75.95,668,N,35,0
CUST-18661,50,95816,RENT,1.0,MEDICAL,G,4359,22.77,0.045,9.68,99.05,539,Y,31,1
CUST-18662,29,46371,RENT,9.4,EDUCATION,A,12898,5.78,0.278,13.42,45.21,685,N,7,0
CUST-18663,69,15972,RENT,0.9,MEDICAL,A,11879,9.72,0.744,26.13,36.93,748,N,35,0
CUST-18664,31,46939,MORTGAGE,5.5,MEDICAL,D,8704,18.13,0.185,20.93,68.05,555,N,12,0
CUST-18665,55,27045,MORTGAGE,2.7,MEDICAL,A,14626,7.85,0.541,33.43,58.58,737,N,33,1
CUST-18666,40,31599,RENT,17.2,HOMEIMPROVEMENT,D,8253,16.64,0.261,12.5,60.01,567,N,21,1
CUST-18667,68,23261,RENT,0.3,EDUCATION,B,4005,10.3,0.172,19.5,40.54,698,N,35,0
CUST-18668,66,36812,RENT,8.9,VENTURE,D,12501,14.99,0.34,30.6,63.04,578,N,35,1
CUST-18669,25,34270,RENT,3.4,HOMEIMPROVEMENT,C,7112,14.53,0.208,7.3,62.58,626,N,3,0
CUST-18670,67,15000,MORTGAGE,0.0,HOMEIMPROVEMENT,B,3714,10.27,0.248,27.39,32.19,737,N,35,0
CUST-18671,68,74617,MORTGAGE,1.5,EDUCATION,B,4866,11.38,0.065,2.0,21.24,684,N,35,0
CUST-18672,22,185756,RENT,2.6,EDUCATION,A,15007,7.01,0.081,20.23,63.32,654,Y,1,0
CUST-18673,29,70526,MORTGAGE,1.9,MEDICAL,A,14743,7.94,0.209,19.25,70.21,744,N,7,1
CUST-18674,24,43401,MORTGAGE,2.3,HOMEIMPROVEMENT,C,8797,12.92,0.203,18.83,28.59,699,N,3,0
CUST-18675,65,47436,RENT,12.4,HOMEIMPROVEMENT,D,10005,16.58,0.211,32.18,44.02,623,N,35,0
CUST-18676,45,38078,RENT,2.2,MEDICAL,C,6600,14.46,0.173,18.11,66.5,682,Y,24,1
CUST-18677,40,51741,MORTGAGE,2.7,DEBTCONSOLIDATION,E,14153,18.86,0.274,12.19,68.33,549,N,21,1
CUST-18678,64,47944,MORTGAGE,7.2,MEDICAL,D,8907,18.92,0.186,7.06,54.82,632,N,35,0
CUST-18679,45,29595,RENT,7.9,HOMEIMPROVEMENT,C,10255,12.81,0.347,19.93,29.37,634,N,26,0
CUST-18680,57,134555,MORTGAGE,0.4,HOMEIMPROVEMENT,D,10906,16.66,0.081,13.86,36.35,621,N,35,0
CUST-18681,63,20084,RENT,6.1,DEBTCONSOLIDATION,A,5450,9.16,0.271,15.5,54.93,791,N,35,0
CUST-18682,45,75432,MORTGAGE,3.3,DEBTCONSOLIDATION,C,5295,15.24,0.07,14.57,42.62,612,N,23,0
CUST-18683,27,46132,OWN,0.7,MEDICAL,C,5715,14.06,0.124,18.17,77.41,587,N,6,0
CUST-18684,24,153353,MORTGAGE,1.5,PERSONAL,A,4486,7.82,0.029,12.11,26.03,735,N,6,0
CUST-18685,34,60145,MORTGAGE,0.2,MEDICAL,D,6506,16.58,0.108,26.98,78.48,622,Y,15,1
CUST-18686,35,39500,RENT,2.2,HOMEIMPROVEMENT,A,19508,9.13,0.494,30.18,76.68,808,N,16,0
CUST-18687,20,42250,MORTGAGE,1.5,HOMEIMPROVEMENT,B,8658,11.65,0.205,31.53,26.88,703,N,2,0
CUST-18688,35,50208,MORTGAGE,2.4,EDUCATION,A,4920,8.81,0.098,12.85,37.83,772,N,17,0
CUST-18689,56,24694,MORTGAGE,4.3,PERSONAL,B,12286,12.46,0.498,27.22,100.0,676,Y,35,1
CUST-18690,22,30942,MORTGAGE,4.0,MEDICAL,B,6630,11.05,0.214,29.81,49.35,677,N,3,0
CUST-18691,66,16798,OWN,4.6,MEDICAL,C,12975,13.01,0.772,36.0,28.12,662,Y,35,1
CUST-18692,50,28175,RENT,5.7,PERSONAL,C,17032,13.92,0.605,30.72,65.74,706,N,32,0
CUST-18693,32,51862,RENT,10.0,HOMEIMPROVEMENT,C,4663,13.57,0.09,28.39,55.85,651,N,11,0
CUST-18694,35,58694,MORTGAGE,10.4,EDUCATION,C,3732,13.27,0.064,14.53,25.72,659,N,17,0
CUST-18695,62,15000,MORTGAGE,9.9,VENTURE,A,9702,7.01,0.647,30.6,35.37,726,N,35,0
CUST-18696,40,45146,MORTGAGE,0.8,PERSONAL,B,11925,11.16,0.264,25.08,95.74,680,N,22,1
CUST-18697,21,68737,MORTGAGE,1.4,HOMEIMPROVEMENT,D,8917,17.27,0.13,19.34,68.05,649,N,1,0
CUST-18698,46,44455,MORTGAGE,3.5,VENTURE,C,10482,12.66,0.236,13.55,92.61,599,Y,24,1
CUST-18699,57,33514,MORTGAGE,2.2,EDUCATION,C,5856,13.88,0.175,8.2,49.49,623,N,35,0
CUST-18700,45,38280,RENT,0.7,VENTURE,A,14279,9.45,0.373,23.16,64.23,742,N,23,1
CUST-18701,57,35438,MORTGAGE,1.7,PERSONAL,B,7582,9.6,0.214,27.65,74.52,704,N,35,1
CUST-18702,65,33455,RENT,18.5,DEBTCONSOLIDATION,E,5405,21.14,0.162,19.2,66.85,567,N,35,1
CUST-18703,44,54409,RENT,2.1,HOMEIMPROVEMENT,D,4061,15.45,0.075,5.63,66.91,638,N,26,0
CUST-18704,30,195753,RENT,2.7,HOMEIMPROVEMENT,A,13083,7.93,0.067,17.06,72.02,850,N,12,0
CUST-18705,27,31375,RENT,0.0,PERSONAL,B,6523,8.36,0.208,11.41,100.0,663,N,6,1
CUST-18706,27,40502,RENT,6.4,PERSONAL,B,3992,11.27,0.099,30.3,50.55,710,N,8,0
CUST-18707,52,47523,RENT,2.7,MEDICAL,B,5296,10.24,0.111,7.61,40.97,676,N,32,0
CUST-18708,26,32454,RENT,0.5,PERSONAL,B,10556,8.41,0.325,27.75,23.44,733,N,8,0
CUST-18709,57,94744,RENT,17.3,HOMEIMPROVEMENT,C,8567,12.93,0.09,14.51,62.84,714,N,35,0
CUST-18710,40,15000,RENT,7.5,EDUCATION,F,12730,24.12,0.849,34.97,64.12,528,Y,19,1
CUST-18711,27,35645,MORTGAGE,6.5,EDUCATION,D,33522,17.18,0.94,37.68,59.97,645,N,7,1
CUST-18712,40,80096,MORTGAGE,15.8,PERSONAL,D,5294,16.64,0.066,20.07,56.5,576,Y,19,1
CUST-18713,39,41090,MORTGAGE,2.6,DEBTCONSOLIDATION,C,10870,14.14,0.265,15.55,79.04,694,Y,21,1
CUST-18714,27,29956,RENT,6.3,DEBTCONSOLIDATION,A,16101,8.71,0.537,20.49,35.23,810,Y,5,0
CUST-18715,65,63860,MORTGAGE,1.2,PERSONAL,B,8408,12.33,0.132,9.89,30.35,695,N,35,0
CUST-18716,50,84440,RENT,6.0,EDUCATION,B,8707,10.15,0.103,18.24,65.12,723,N,29,0
CUST-18717,69,55624,RENT,0.1,EDUCATION,D,3888,17.21,0.07,21.01,71.8,566,N,35,1
CUST-18718,48,30311,MORTGAGE,0.7,EDUCATION,E,10762,20.07,0.355,19.67,54.89,548,N,29,1
CUST-18719,67,64454,MORTGAGE,2.8,DEBTCONSOLIDATION,B,13754,10.63,0.213,11.56,41.65,719,N,35,1
CUST-18720,28,38513,MORTGAGE,0.1,VENTURE,B,4241,10.28,0.11,28.34,68.3,783,N,7,0
CUST-18721,34,76658,MORTGAGE,3.1,DEBTCONSOLIDATION,B,6187,12.42,0.081,33.16,35.63,636,N,12,0
CUST-18722,49,119366,RENT,3.7,HOMEIMPROVEMENT,B,26380,10.82,0.221,27.06,75.95,707,N,27,0
CUST-18723,45,15000,MORTGAGE,4.9,VENTURE,A,16940,6.04,1.129,50.72,43.56,794,Y,23,1
CUST-18724,29,52398,MORTGAGE,0.5,VENTURE,E,10346,16.01,0.197,18.75,66.32,634,N,10,0
CUST-18725,48,17301,MORTGAGE,1.0,HOMEIMPROVEMENT,B,11774,11.65,0.681,19.56,46.71,693,N,28,1
CUST-18726,35,212155,MORTGAGE,4.8,VENTURE,G,6515,23.98,0.031,18.66,56.54,545,N,14,0
CUST-18727,55,37016,RENT,5.4,PERSONAL,A,24082,7.32,0.651,28.16,53.86,776,N,33,0
CUST-18728,39,76712,RENT,0.1,VENTURE,A,6693,7.99,0.087,18.5,62.46,812,N,17,0
CUST-18729,64,47992,RENT,3.9,MEDICAL,B,13057,13.45,0.272,17.85,61.51,693,N,35,0
CUST-18730,56,30277,RENT,7.7,DEBTCONSOLIDATION,D,7249,18.12,0.239,19.97,63.46,613,Y,35,0
CUST-18731,41,28191,RENT,0.4,MEDICAL,B,14292,10.23,0.507,20.99,65.06,678,N,23,0
CUST-18732,26,126932,RENT,2.7,PERSONAL,D,10852,17.38,0.085,9.15,58.8,600,N,5,0
CUST-18733,42,86991,OWN,2.0,EDUCATION,B,7355,9.78,0.085,11.65,52.69,689,N,22,0
CUST-18734,60,157337,MORTGAGE,12.2,DEBTCONSOLIDATION,D,10925,17.43,0.069,3.58,41.83,581,Y,35,1
CUST-18735,59,50679,MORTGAGE,,DEBTCONSOLIDATION,A,4082,6.51,0.081,23.71,16.62,813,N,35,0
CUST-18736,48,58264,RENT,1.9,VENTURE,B,13358,10.72,0.229,40.68,83.92,702,N,29,1
CUST-18737,35,41759,RENT,11.4,PERSONAL,A,3172,7.76,0.076,12.27,55.43,733,N,14,0
CUST-18738,57,41264,MORTGAGE,2.0,PERSONAL,A,11886,6.24,0.288,15.41,25.77,736,N,35,0
CUST-18739,47,26235,RENT,3.8,MEDICAL,B,10994,9.79,0.419,11.16,47.77,646,N,29,1
CUST-18740,67,51555,MORTGAGE,0.2,DEBTCONSOLIDATION,B,12909,7.89,0.25,10.57,55.21,721,N,35,0
CUST-18741,57,30529,OWN,21.0,HOMEIMPROVEMENT,C,7147,13.04,0.234,29.44,64.73,620,N,35,1
CUST-18742,50,63904,RENT,8.7,DEBTCONSOLIDATION,C,8843,14.84,0.138,19.82,36.57,629,N,32,0
CUST-18743,33,54285,MORTGAGE,5.0,VENTURE,B,1000,12.9,0.018,8.42,31.71,740,N,12,0
CUST-18744,52,58256,RENT,0.3,HOMEIMPROVEMENT,G,3550,26.29,0.061,24.36,94.03,481,N,31,1
CUST-18745,28,133930,MORTGAGE,0.4,EDUCATION,F,9103,21.54,0.068,25.49,82.65,546,Y,8,0
CUST-18746,46,47923,RENT,3.9,PERSONAL,E,5662,19.49,0.118,6.45,83.25,551,N,25,0
CUST-18747,43,77190,RENT,1.7,DEBTCONSOLIDATION,B,3334,10.41,0.043,9.05,52.59,682,N,24,0
CUST-18748,32,167863,MORTGAGE,4.9,EDUCATION,B,8736,10.25,0.052,11.62,29.77,678,N,13,0
CUST-18749,45,107362,MORTGAGE,4.6,VENTURE,B,12950,11.67,0.121,8.42,23.21,694,N,24,0
CUST-18750,48,97919,MORTGAGE,9.1,VENTURE,A,9333,6.84,0.095,13.17,70.02,701,N,26,0
CUST-18751,68,40781,RENT,1.7,PERSONAL,C,3660,15.24,0.09,16.26,70.33,677,Y,35,1
CUST-18752,62,56262,MORTGAGE,4.3,PERSONAL,B,4306,10.67,0.077,33.6,10.52,798,N,35,0
CUST-18753,47,22226,MORTGAGE,,EDUCATION,C,3955,12.1,0.178,14.37,46.95,671,N,28,0
CUST-18754,47,66128,OWN,3.4,VENTURE,B,16124,10.38,0.244,23.7,34.76,668,N,29,0
CUST-18755,27,57796,OWN,8.9,PERSONAL,A,3435,8.07,0.059,9.84,31.25,774,N,7,0
CUST-18756,42,49713,MORTGAGE,0.7,EDUCATION,C,5997,14.67,0.121,6.7,90.55,596,Y,20,1
CUST-18757,48,90791,MORTGAGE,6.6,VENTURE,B,6432,11.41,0.071,20.66,27.35,673,N,27,0
CUST-18758,24,23749,MORTGAGE,6.0,PERSONAL,B,4334,10.12,0.182,11.06,72.76,685,N,6,0
CUST-18759,61,130733,RENT,2.0,PERSONAL,B,7496,9.88,0.057,11.63,82.88,737,N,35,0
CUST-18760,26,84209,RENT,2.3,EDUCATION,A,3099,9.58,0.037,4.23,48.24,774,N,8,0
CUST-18761,61,46986,MORTGAGE,0.4,EDUCATION,D,2174,16.53,0.046,3.65,71.17,560,Y,35,1
CUST-18762,55,44835,MORTGAGE,5.1,VENTURE,A,5980,6.14,0.133,6.53,60.08,779,N,35,0
CUST-18763,60,65405,MORTGAGE,4.0,DEBTCONSOLIDATION,B,1621,9.8,0.025,5.62,49.24,681,N,35,0
CUST-18764,46,122089,RENT,0.2,PERSONAL,D,7119,14.15,0.058,10.08,97.81,631,N,25,0
CUST-18765,65,52102,RENT,7.0,DEBTCONSOLIDATION,A,24052,5.55,0.462,21.87,58.81,723,Y,35,0
CUST-18766,21,53445,RENT,3.0,MEDICAL,B,9540,9.86,0.179,28.99,58.83,696,N,3,0
CUST-18767,44,49556,RENT,11.9,VENTURE,B,2113,9.55,0.043,10.43,88.18,671,N,23,0
CUST-18768,28,142802,MORTGAGE,3.9,HOMEIMPROVEMENT,A,3782,6.68,0.026,2.53,51.29,746,Y,10,0
CUST-18769,46,39287,OWN,3.0,MEDICAL,B,6885,11.42,0.175,26.79,47.46,658,N,25,0
CUST-18770,20,48160,RENT,2.0,PERSONAL,B,5109,11.55,0.106,11.23,57.09,670,N,1,0
CUST-18771,42,117955,MORTGAGE,2.5,PERSONAL,A,4799,6.1,0.041,8.8,60.89,728,N,24,0
CUST-18772,29,53541,RENT,,HOMEIMPROVEMENT,B,5078,12.77,0.095,27.42,54.18,666,N,7,1
CUST-18773,61,96977,OTHER,4.8,EDUCATION,A,19507,,0.201,14.08,75.69,737,N,35,0
CUST-18774,44,28374,MORTGAGE,2.3,MEDICAL,D,15810,16.51,0.557,17.44,79.75,613,N,25,1
CUST-18775,22,43339,RENT,0.5,MEDICAL,C,4504,,0.104,24.74,85.35,696,N,1,1
CUST-18776,25,119450,OTHER,0.1,EDUCATION,A,7839,7.14,0.066,25.35,77.38,711,Y,7,0
CUST-18777,25,32669,MORTGAGE,2.8,HOMEIMPROVEMENT,D,5621,18.93,0.172,27.88,57.38,574,N,7,0
CUST-18778,21,44766,RENT,,VENTURE,B,2203,9.2,0.049,15.14,41.93,701,N,1,0
CUST-18779,37,57182,MORTGAGE,8.6,VENTURE,A,2972,7.82,0.052,21.42,90.14,693,N,15,0
CUST-18780,42,27078,RENT,2.7,EDUCATION,A,7402,,0.273,25.28,35.67,759,N,23,0
CUST-18781,21,38242,MORTGAGE,1.7,EDUCATION,B,5579,8.33,0.146,9.62,54.41,701,N,1,0
CUST-18782,31,52448,OWN,3.1,MEDICAL,A,13903,5.66,0.265,16.38,33.37,769,N,10,0
CUST-18783,41,50413,MORTGAGE,1.4,HOMEIMPROVEMENT,A,5019,8.23,0.1,31.52,24.23,828,N,20,0
CUST-18784,56,105684,RENT,0.5,MEDICAL,C,7241,11.43,0.069,24.17,87.06,652,N,35,1
CUST-18785,39,123608,RENT,0.6,DEBTCONSOLIDATION,F,12986,20.52,0.105,27.07,43.77,511,N,20,0
CUST-18786,58,29329,RENT,1.9,PERSONAL,B,17652,11.49,0.602,13.19,66.93,734,N,35,0
CUST-18787,43,52405,RENT,0.1,DEBTCONSOLIDATION,B,5668,11.34,0.108,25.99,80.8,700,N,23,1
CUST-18788,67,73463,RENT,1.2,VENTURE,E,15180,19.57,0.207,10.76,59.18,564,Y,35,1
CUST-18789,39,121760,MORTGAGE,7.7,HOMEIMPROVEMENT,A,8036,6.09,0.066,18.72,60.46,813,N,17,0
CUST-18790,20,75440,MORTGAGE,1.3,EDUCATION,A,12325,6.08,0.163,25.88,59.17,776,Y,1,0
CUST-18791,20,58369,MORTGAGE,0.6,MEDICAL,D,5775,14.91,0.099,25.29,76.18,577,Y,1,1
CUST-18792,36,73124,RENT,14.9,HOMEIMPROVEMENT,C,5702,13.34,0.078,13.84,70.42,618,Y,16,0
CUST-18793,20,73442,RENT,2.0,VENTURE,A,9073,8.27,0.124,5.87,89.18,703,N,1,0
CUST-18794,64,28095,RENT,0.3,EDUCATION,C,2752,12.99,0.098,29.9,95.26,611,Y,35,1
CUST-18795,49,55032,RENT,0.3,EDUCATION,D,5461,17.56,0.099,6.11,95.52,649,N,30,1
CUST-18796,60,117653,RENT,4.7,VENTURE,A,7426,9.43,0.063,10.36,50.96,732,N,35,0
CUST-18797,66,43286,RENT,3.9,DEBTCONSOLIDATION,B,7977,10.97,0.184,12.18,42.86,637,N,35,0
CUST-18798,22,52979,MORTGAGE,0.4,MEDICAL,A,11274,6.0,0.213,6.0,65.64,766,N,1,0
CUST-18799,65,42382,OWN,1.3,EDUCATION,C,2980,13.6,0.07,4.67,56.19,656,N,35,0
CUST-18800,30,15000,RENT,12.0,HOMEIMPROVEMENT,C,6213,15.12,0.414,35.38,73.56,634,N,12,1
CUST-18801,43,49630,MORTGAGE,4.2,VENTURE,A,4584,6.74,0.092,29.39,78.15,728,Y,22,0
CUST-18802,41,58751,RENT,2.9,EDUCATION,C,12923,12.71,0.22,29.14,78.05,651,N,20,1
CUST-18803,63,36044,OWN,1.4,PERSONAL,C,4576,14.87,0.127,8.65,42.23,653,N,35,0
CUST-18804,64,24519,RENT,0.7,VENTURE,A,8117,5.78,0.331,13.15,46.07,764,N,35,1
CUST-18805,45,28901,RENT,2.6,EDUCATION,B,4531,10.74,0.157,12.12,52.76,639,N,26,1
CUST-18806,32,77537,RENT,12.8,PERSONAL,B,18655,9.76,0.241,26.79,98.94,662,N,10,1
CUST-18807,20,160093,RENT,0.2,VENTURE,B,11806,9.98,0.074,18.28,54.69,684,N,1,1
CUST-18808,43,112359,MORTGAGE,23.5,EDUCATION,D,5364,18.54,0.048,17.93,37.49,563,N,25,1
CUST-18809,29,21881,OTHER,1.2,EDUCATION,B,10630,9.92,0.486,10.82,79.35,717,N,7,0
CUST-18810,54,81860,MORTGAGE,2.6,MEDICAL,A,6175,7.65,0.075,7.75,66.58,774,N,35,0
CUST-18811,43,32928,RENT,0.2,VENTURE,C,15176,14.74,0.461,21.31,51.4,629,N,24,0
CUST-18812,47,34566,MORTGAGE,4.4,EDUCATION,B,7847,8.96,0.227,23.14,45.42,723,N,27,0
CUST-18813,55,37153,MORTGAGE,3.3,PERSONAL,F,15719,23.0,0.423,18.53,88.68,538,N,35,0
CUST-18814,35,74879,MORTGAGE,5.5,MEDICAL,A,7026,6.96,0.094,14.99,41.84,758,N,14,0
CUST-18815,59,87164,MORTGAGE,3.9,PERSONAL,B,12562,8.96,0.144,19.19,78.12,599,Y,35,1
CUST-18816,35,46220,MORTGAGE,2.5,VENTURE,B,19194,9.91,0.415,12.33,84.76,693,N,16,1
CUST-18817,36,46693,MORTGAGE,6.7,DEBTCONSOLIDATION,D,18367,16.57,0.393,20.73,48.3,589,N,16,0
CUST-18818,34,64767,MORTGAGE,0.1,VENTURE,B,12820,10.79,0.198,7.1,51.68,695,N,16,0
CUST-18819,35,68926,RENT,3.9,EDUCATION,C,17953,12.6,0.26,14.2,49.78,635,N,15,0
CUST-18820,34,99283,RENT,0.6,PERSONAL,A,1194,7.24,0.012,9.87,52.81,708,N,15,0
CUST-18821,53,22683,MORTGAGE,2.9,EDUCATION,B,12090,8.83,0.533,13.96,86.63,688,N,33,1
CUST-18822,30,49613,MORTGAGE,7.8,EDUCATION,A,12520,6.65,0.252,23.57,77.96,735,N,12,0
CUST-18823,20,25827,RENT,0.8,EDUCATION,E,3706,17.87,0.143,16.61,42.05,602,Y,1,1
CUST-18824,34,47545,OWN,13.7,PERSONAL,A,3426,7.4,0.072,9.42,47.65,745,N,12,0
CUST-18825,45,42800,RENT,11.0,HOMEIMPROVEMENT,B,15502,9.49,0.362,22.02,51.48,680,N,27,1
CUST-18826,23,47664,RENT,2.7,HOMEIMPROVEMENT,A,5042,9.99,0.106,20.56,38.99,706,N,4,0
CUST-18827,62,30337,RENT,0.0,VENTURE,E,12600,19.96,0.415,19.65,54.64,665,N,35,1
CUST-18828,24,20082,OWN,6.0,PERSONAL,C,14925,11.55,0.743,17.58,51.98,685,N,3,0
CUST-18829,54,15000,RENT,10.6,HOMEIMPROVEMENT,F,11544,21.1,0.77,40.59,66.96,536,Y,35,1
CUST-18830,32,45310,RENT,1.0,PERSONAL,A,11374,8.34,0.251,20.27,37.5,700,N,12,0
CUST-18831,29,37850,RENT,11.0,PERSONAL,A,9448,7.79,0.25,21.43,51.54,697,N,10,0
CUST-18832,30,32677,MORTGAGE,12.0,EDUCATION,B,14748,8.61,0.451,15.52,88.84,758,N,10,1
CUST-18833,37,108394,MORTGAGE,3.2,MEDICAL,C,7674,12.56,0.071,10.11,45.97,706,N,18,0
CUST-18834,53,29270,RENT,8.0,EDUCATION,B,9371,11.27,0.32,11.08,64.6,710,N,35,0
CUST-18835,58,114702,MORTGAGE,2.9,PERSONAL,C,1291,13.95,0.011,7.49,39.93,622,Y,35,0
CUST-18836,60,129872,OWN,4.2,PERSONAL,A,6024,8.19,0.046,10.84,28.24,731,N,35,0
CUST-18837,61,15206,RENT,1.9,HOMEIMPROVEMENT,B,6829,10.16,0.449,22.64,89.97,670,N,35,0
CUST-18838,69,51814,MORTGAGE,0.9,EDUCATION,B,10070,9.47,0.194,23.05,20.01,773,N,35,0
CUST-18839,42,38568,RENT,6.9,EDUCATION,B,12065,8.97,0.313,24.67,74.57,693,N,24,0
CUST-18840,26,15000,RENT,0.0,MEDICAL,B,7119,11.64,0.475,14.28,37.63,728,N,4,0
CUST-18841,58,20603,MORTGAGE,4.3,PERSONAL,A,6105,9.83,0.296,23.17,66.96,783,N,35,0
CUST-18842,22,78038,MORTGAGE,4.0,VENTURE,E,7048,19.83,0.09,4.9,38.57,525,N,1,0
CUST-18843,31,164640,RENT,1.3,EDUCATION,C,3452,14.62,0.021,22.24,60.27,653,N,12,0
CUST-18844,26,84255,RENT,2.0,MEDICAL,B,6096,9.54,0.072,13.08,86.55,690,N,7,0
CUST-18845,68,59526,OWN,4.4,VENTURE,B,4826,10.47,0.081,19.07,17.46,745,N,35,0
CUST-18846,45,48397,MORTGAGE,1.4,HOMEIMPROVEMENT,A,13008,7.42,0.269,16.39,46.83,771,N,23,0
CUST-18847,52,134537,RENT,9.4,EDUCATION,B,10974,10.96,0.082,10.82,86.74,698,N,31,0
CUST-18848,56,177894,MORTGAGE,2.3,MEDICAL,B,5786,10.59,0.033,5.86,77.4,705,N,35,0
CUST-18849,67,34471,RENT,4.4,DEBTCONSOLIDATION,B,5940,13.83,0.172,6.49,46.88,676,N,35,0
CUST-18850,34,15000,RENT,1.3,VENTURE,D,6585,17.46,0.439,16.17,87.33,577,N,16,1
CUST-18851,21,15000,MORTGAGE,0.2,DEBTCONSOLIDATION,A,5971,9.06,0.398,19.51,61.52,724,N,1,0
CUST-18852,60,108350,MORTGAGE,1.0,DEBTCONSOLIDATION,A,7535,7.82,0.07,21.31,52.52,767,N,35,0
CUST-18853,26,47656,RENT,0.2,VENTURE,B,14700,7.95,0.308,20.53,57.4,732,N,8,0
CUST-18854,51,54717,MORTGAGE,3.2,EDUCATION,C,2033,14.04,0.037,4.51,44.0,672,N,33,0
CUST-18855,23,16740,RENT,4.4,VENTURE,A,8282,8.81,0.495,11.28,52.11,695,N,1,1
CUST-18856,39,31197,MORTGAGE,0.2,VENTURE,B,7107,12.17,0.228,26.97,81.37,711,N,19,0
CUST-18857,69,41056,RENT,0.5,MEDICAL,A,4756,7.42,0.116,16.97,53.66,771,N,35,0
CUST-18858,55,55531,RENT,3.3,VENTURE,C,1935,11.78,0.035,19.03,64.48,710,N,34,0
CUST-18859,51,38593,RENT,8.0,VENTURE,B,5506,10.15,0.143,19.74,55.61,653,N,30,0
CUST-18860,47,26307,MORTGAGE,4.9,MEDICAL,D,4372,14.76,0.166,4.94,38.34,648,N,26,0
CUST-18861,32,30615,RENT,0.6,EDUCATION,B,7769,12.04,0.254,33.69,73.27,756,N,12,0
CUST-18862,20,101214,RENT,2.0,PERSONAL,D,8480,17.04,0.084,25.53,46.72,572,Y,2,1
CUST-18863,54,56776,RENT,12.5,HOMEIMPROVEMENT,C,2174,12.89,0.038,20.94,90.08,673,N,35,1
CUST-18864,67,70777,RENT,2.0,HOMEIMPROVEMENT,D,2782,17.39,0.039,23.64,56.46,551,Y,35,1
CUST-18865,49,28586,RENT,4.8,MEDICAL,D,8423,18.26,0.295,12.98,78.74,609,Y,28,1
CUST-18866,55,15000,MORTGAGE,3.4,EDUCATION,B,7204,11.44,0.48,17.79,38.81,664,N,35,1
CUST-18867,44,35815,RENT,14.2,PERSONAL,B,9727,12.9,0.272,15.61,49.45,724,N,23,0
CUST-18868,35,29145,MORTGAGE,3.6,PERSONAL,C,8444,,0.29,11.17,89.95,648,N,16,1
CUST-18869,38,60440,OWN,16.1,PERSONAL,B,3860,11.67,0.064,25.87,53.09,688,Y,17,0
CUST-18870,20,350000,MORTGAGE,,EDUCATION,A,3080,5.75,0.009,9.2,42.66,771,N,1,0
CUST-18871,24,74391,MORTGAGE,2.1,PERSONAL,D,25856,18.77,0.348,13.61,100.0,580,N,5,1
CUST-18872,41,253109,MORTGAGE,7.6,EDUCATION,B,11052,,0.044,24.8,26.25,701,N,21,0
CUST-18873,43,68958,OWN,7.7,VENTURE,A,17937,7.05,0.26,15.83,18.86,774,N,25,0
CUST-18874,62,33592,RENT,6.6,DEBTCONSOLIDATION,C,4279,12.11,0.127,15.55,40.58,638,N,35,1
CUST-18875,64,60400,MORTGAGE,9.8,EDUCATION,D,2999,15.85,0.05,6.22,83.19,615,Y,35,0
CUST-18876,56,142683,OWN,6.1,MEDICAL,D,4037,16.19,0.028,15.05,61.9,601,Y,35,0
CUST-18877,55,146933,RENT,5.1,DEBTCONSOLIDATION,B,31255,10.76,0.213,5.92,49.57,750,N,34,1
CUST-18878,55,34710,RENT,3.1,DEBTCONSOLIDATION,A,14230,7.48,0.41,31.95,73.37,799,N,35,0
CUST-18879,23,57062,OWN,3.1,EDUCATION,C,12292,12.74,0.215,24.56,94.05,647,Y,5,0
CUST-18880,55,20794,MORTGAGE,2.6,EDUCATION,B,13191,11.89,0.634,34.66,44.14,696,N,35,0
CUST-18881,37,80402,RENT,4.8,EDUCATION,A,16749,5.46,0.208,30.96,66.38,715,N,15,0
CUST-18882,69,124494,MORTGAGE,2.6,PERSONAL,D,9246,17.19,0.074,15.1,56.33,689,N,35,0
CUST-18883,35,50205,RENT,0.8,MEDICAL,A,4257,7.72,0.085,18.43,49.82,777,N,13,0
CUST-18884,60,32845,RENT,0.6,EDUCATION,B,4110,10.49,0.125,15.13,36.29,732,N,35,0
CUST-18885,37,60844,MORTGAGE,12.9,VENTURE,A,2778,8.26,0.046,16.51,54.7,800,N,19,0
CUST-18886,41,62973,MORTGAGE,0.1,EDUCATION,E,22795,18.7,0.362,15.93,75.23,568,Y,23,1
CUST-18887,21,51466,MORTGAGE,0.6,VENTURE,A,5053,6.58,0.098,13.82,49.78,741,N,1,0
CUST-18888,40,54569,RENT,2.9,EDUCATION,B,4492,10.15,0.082,10.85,76.78,752,N,21,0
CUST-18889,55,44166,MORTGAGE,1.5,MEDICAL,D,9906,15.87,0.224,26.04,67.55,591,Y,35,1
CUST-18890,63,89105,RENT,2.6,VENTURE,A,4063,7.22,0.046,24.79,74.4,744,N,35,1
CUST-18891,58,76247,MORTGAGE,0.6,VENTURE,A,8716,8.36,0.114,14.8,44.11,761,N,35,0
CUST-18892,66,27177,RENT,0.7,PERSONAL,A,21814,7.63,0.803,23.0,80.66,712,N,35,1
CUST-18893,58,26732,RENT,8.1,EDUCATION,B,8204,10.54,0.307,20.9,35.51,728,N,35,0
CUST-18894,48,42081,MORTGAGE,7.1,EDUCATION,B,7311,10.78,0.174,21.28,61.12,719,N,26,0
CUST-18895,45,76275,RENT,0.6,MEDICAL,C,4570,13.1,0.06,8.97,100.0,631,N,26,1
CUST-18896,40,53574,MORTGAGE,5.5,PERSONAL,A,11977,8.58,0.224,10.48,54.5,791,N,18,0
CUST-18897,36,33326,RENT,4.7,MEDICAL,C,10056,14.18,0.302,19.67,92.01,609,N,17,1
CUST-18898,35,57349,RENT,6.2,PERSONAL,G,16501,24.51,0.288,20.92,48.11,487,N,15,0
CUST-18899,50,40195,RENT,3.2,EDUCATION,D,9085,15.14,0.226,15.76,48.33,662,Y,32,1
CUST-18900,28,83140,MORTGAGE,1.6,VENTURE,C,10098,15.07,0.121,6.76,58.17,645,N,9,0
CUST-18901,50,59864,RENT,5.4,EDUCATION,E,5886,20.3,0.098,24.35,75.53,518,Y,31,1
CUST-18902,33,40571,MORTGAGE,2.3,EDUCATION,G,7864,25.18,0.194,27.61,67.67,508,N,14,1
CUST-18903,68,56325,MORTGAGE,1.2,VENTURE,B,12444,12.54,0.221,19.91,49.24,690,N,35,0
CUST-18904,56,107907,RENT,2.6,VENTURE,A,17942,8.33,0.166,9.13,49.04,768,N,35,0
CUST-18905,21,34829,RENT,3.0,EDUCATION,E,11086,19.44,0.318,8.33,56.54,608,Y,2,1
CUST-18906,67,62417,RENT,3.2,EDUCATION,D,8709,15.89,0.14,28.28,57.67,608,Y,35,1
CUST-18907,65,46991,OWN,1.8,VENTURE,A,23544,6.84,0.501,18.83,85.24,667,N,35,1
CUST-18908,33,63334,RENT,8.9,DEBTCONSOLIDATION,E,3080,19.83,0.049,14.25,81.98,590,Y,13,1
CUST-18909,52,33099,RENT,10.7,EDUCATION,B,8968,11.66,0.271,8.56,50.16,665,Y,33,0
CUST-18910,54,52375,RENT,,VENTURE,B,7369,,0.141,7.21,47.66,718,N,35,0
CUST-18911,58,95291,MORTGAGE,2.3,DEBTCONSOLIDATION,B,2186,8.84,0.023,23.7,84.88,730,N,35,0
CUST-18912,66,27939,MORTGAGE,4.7,MEDICAL,B,4180,11.61,0.15,5.75,69.71,737,N,35,0
CUST-18913,39,22078,OWN,0.3,EDUCATION,B,9293,10.14,0.421,16.64,38.59,730,N,20,0
CUST-18914,21,22586,OWN,3.0,VENTURE,B,17226,9.79,0.763,31.14,72.7,689,N,1,1
CUST-18915,60,24284,RENT,7.6,PERSONAL,B,10151,10.94,0.418,11.44,63.83,696,Y,35,1
CUST-18916,38,70066,RENT,2.5,EDUCATION,B,6343,11.45,0.091,18.32,63.58,715,N,17,0
CUST-18917,56,21088,MORTGAGE,1.0,EDUCATION,C,9277,12.02,0.44,17.84,59.42,679,N,35,0
CUST-18918,37,40997,OWN,0.1,EDUCATION,A,8334,7.76,0.203,17.59,28.48,715,N,19,0
CUST-18919,35,71038,RENT,5.1,PERSONAL,E,4603,17.55,0.065,30.41,52.81,602,Y,14,1
CUST-18920,23,62943,RENT,1.6,VENTURE,C,6219,14.45,0.099,7.24,41.76,586,N,4,1
CUST-18921,31,38896,OWN,3.1,DEBTCONSOLIDATION,C,7874,12.17,0.202,21.73,79.31,577,N,10,1
CUST-18922,48,54970,RENT,2.4,EDUCATION,B,5857,10.73,0.107,8.37,44.46,642,N,29,1
CUST-18923,26,52275,MORTGAGE,,PERSONAL,F,5454,,0.104,7.33,61.71,548,Y,8,1
CUST-18924,33,42849,OWN,3.6,VENTURE,A,6155,6.82,0.144,7.62,58.19,772,N,14,0
CUST-18925,31,43195,MORTGAGE,3.1,MEDICAL,A,9006,5.1,0.208,17.53,43.6,757,N,11,0
CUST-18926,54,187447,RENT,4.9,VENTURE,D,6470,,0.035,20.82,39.46,590,Y,35,0
CUST-18927,24,79665,RENT,1.5,VENTURE,C,5283,,0.066,10.25,67.63,667,N,3,0
CUST-18928,36,217160,RENT,1.2,DEBTCONSOLIDATION,A,3735,6.38,0.017,8.35,53.25,727,N,15,0
CUST-18929,61,36381,OWN,8.4,PERSONAL,B,8270,10.12,0.227,14.16,37.56,689,N,35,0
CUST-18930,51,46584,OTHER,6.1,PERSONAL,B,2784,9.56,0.06,12.48,32.93,671,N,32,0
CUST-18931,29,22042,MORTGAGE,7.4,EDUCATION,B,7077,10.17,0.321,27.01,53.06,723,N,10,1
CUST-18932,62,30159,MORTGAGE,0.7,MEDICAL,B,1863,9.06,0.062,3.3,55.67,680,N,35,0
CUST-18933,36,153452,RENT,1.3,DEBTCONSOLIDATION,G,4058,23.93,0.026,16.29,52.02,514,N,14,0
CUST-18934,24,35838,MORTGAGE,4.3,DEBTCONSOLIDATION,F,11153,21.68,0.311,11.28,100.0,533,Y,2,1
CUST-18935,64,155060,RENT,9.7,HOMEIMPROVEMENT,F,5163,22.04,0.033,41.26,42.24,586,Y,35,1
CUST-18936,61,23248,MORTGAGE,11.1,EDUCATION,B,7243,8.31,0.312,35.7,58.58,702,N,35,0
CUST-18937,28,26053,MORTGAGE,8.9,VENTURE,B,11306,10.56,0.434,29.35,74.85,744,N,10,1
CUST-18938,68,39945,MORTGAGE,0.2,EDUCATION,B,5710,9.17,0.143,10.63,43.98,728,N,35,0
CUST-18939,52,47181,OWN,8.6,DEBTCONSOLIDATION,C,2383,11.86,0.051,15.36,100.0,611,N,31,0
CUST-18940,55,85293,RENT,11.5,EDUCATION,B,25791,11.98,0.302,20.49,37.03,681,N,35,0
CUST-18941,55,64245,MORTGAGE,0.3,PERSONAL,C,7871,14.38,0.123,20.66,81.61,640,N,33,0
CUST-18942,37,38185,RENT,2.7,HOMEIMPROVEMENT,C,10905,14.16,0.286,14.51,62.36,669,N,16,0
CUST-18943,28,45252,MORTGAGE,3.8,VENTURE,D,4566,16.24,0.101,26.63,89.06,637,N,9,0
CUST-18944,48,40479,MORTGAGE,1.3,HOMEIMPROVEMENT,A,13518,6.8,0.334,18.43,26.58,773,Y,27,0
CUST-18945,69,28316,RENT,3.6,PERSONAL,C,7602,15.28,0.268,22.08,97.39,622,Y,35,1
CUST-18946,33,28773,RENT,10.9,HOMEIMPROVEMENT,B,9976,10.66,0.347,22.5,50.58,699,Y,15,1
CUST-18947,44,90828,RENT,10.1,VENTURE,A,8238,6.42,0.091,30.76,55.71,735,N,26,1
CUST-18948,34,16368,RENT,14.1,VENTURE,B,6622,9.31,0.405,16.96,33.83,713,N,16,1
CUST-18949,25,129367,MORTGAGE,3.3,MEDICAL,A,6638,7.87,0.051,14.09,52.76,693,N,6,0
CUST-18950,61,39902,RENT,2.6,VENTURE,B,16813,10.08,0.421,17.19,41.39,699,N,35,0
CUST-18951,48,30837,RENT,5.5,EDUCATION,A,11670,8.74,0.378,27.31,54.01,688,N,27,0
CUST-18952,34,76408,RENT,2.7,PERSONAL,E,8896,19.59,0.116,18.46,41.41,532,Y,16,1
CUST-18953,48,119506,MORTGAGE,,MEDICAL,A,10294,6.06,0.086,38.91,41.23,807,N,28,0
CUST-18954,23,95853,MORTGAGE,5.0,VENTURE,D,8705,18.73,0.091,19.17,79.87,669,N,1,0
CUST-18955,37,66244,RENT,1.6,PERSONAL,D,11268,15.28,0.17,11.96,35.47,587,N,16,1
CUST-18956,69,94100,MORTGAGE,0.3,EDUCATION,B,8226,9.03,0.087,12.72,77.85,717,N,35,1
CUST-18957,68,17502,MORTGAGE,0.1,VENTURE,A,5810,7.4,0.332,20.7,74.53,767,N,35,0
CUST-18958,63,35842,RENT,13.4,EDUCATION,B,17432,11.06,0.486,13.19,82.23,748,N,35,0
CUST-18959,58,28375,MORTGAGE,1.5,PERSONAL,A,6083,6.42,0.214,13.88,31.21,759,N,35,0
CUST-18960,35,102209,RENT,3.0,HOMEIMPROVEMENT,A,3635,8.33,0.036,3.21,32.5,713,N,16,0
CUST-18961,30,38945,RENT,12.0,PERSONAL,B,15831,9.91,0.406,21.28,53.14,671,N,9,1
CUST-18962,33,81409,MORTGAGE,3.2,EDUCATION,B,18476,13.43,0.227,12.79,34.79,714,N,11,0
CUST-18963,22,67610,RENT,0.4,MEDICAL,C,4772,13.9,0.071,4.52,100.0,586,Y,1,0
CUST-18964,69,29220,MORTGAGE,4.0,MEDICAL,B,5937,9.2,0.203,15.37,51.98,640,N,35,1
CUST-18965,61,34469,RENT,0.5,EDUCATION,D,12287,15.66,0.356,21.72,100.0,640,N,35,0
CUST-18966,57,106541,RENT,0.5,DEBTCONSOLIDATION,A,6334,8.09,0.059,27.54,41.69,842,N,35,0
CUST-18967,64,30782,MORTGAGE,9.5,VENTURE,A,1301,6.53,0.042,2.0,37.08,728,N,35,0
CUST-18968,61,52834,MORTGAGE,1.7,EDUCATION,B,7886,10.41,0.149,5.23,81.56,694,N,35,0
CUST-18969,37,30652,MORTGAGE,5.7,EDUCATION,D,8628,18.86,0.281,27.14,80.87,607,N,17,1
CUST-18970,39,40604,RENT,3.6,MEDICAL,D,4479,17.27,0.11,12.28,29.07,619,Y,17,0
CUST-18971,67,47681,MORTGAGE,1.3,PERSONAL,C,8618,14.21,0.181,9.04,86.52,620,N,35,1
CUST-18972,44,30646,OWN,3.6,DEBTCONSOLIDATION,B,15330,12.88,0.5,28.99,86.85,696,N,26,0
CUST-18973,57,27549,MORTGAGE,0.4,EDUCATION,C,15171,12.59,0.551,19.51,24.8,678,N,35,1
CUST-18974,32,58207,MORTGAGE,2.1,VENTURE,A,2666,7.48,0.046,22.24,64.93,730,N,14,0
CUST-18975,23,29529,MORTGAGE,3.7,HOMEIMPROVEMENT,B,5786,10.14,0.196,8.64,47.92,700,N,5,0
CUST-18976,33,30139,RENT,1.3,HOMEIMPROVEMENT,B,4328,9.75,0.144,14.65,37.44,736,N,11,0
CUST-18977,52,27905,RENT,5.4,PERSONAL,B,18288,10.19,0.655,29.17,57.56,699,Y,33,1
CUST-18978,47,46782,RENT,0.3,MEDICAL,D,3265,15.95,0.07,15.35,87.49,556,N,28,1
CUST-18979,56,86354,OTHER,3.3,PERSONAL,D,4723,15.71,0.055,7.33,74.37,530,Y,35,1
CUST-18980,27,121044,RENT,6.3,HOMEIMPROVEMENT,A,7813,7.15,0.065,18.36,28.5,710,N,6,0
CUST-18981,63,31711,MORTGAGE,2.8,MEDICAL,F,1000,21.21,0.032,26.21,42.48,571,Y,35,0
CUST-18982,53,178115,RENT,10.4,PERSONAL,A,1461,7.89,0.008,11.37,64.58,741,N,34,0
CUST-18983,63,26827,MORTGAGE,5.0,VENTURE,A,13954,6.35,0.52,14.2,50.07,762,N,35,0
CUST-18984,24,93913,RENT,6.0,EDUCATION,E,8458,20.72,0.09,23.34,69.01,615,N,2,1
CUST-18985,24,31792,MORTGAGE,1.7,PERSONAL,B,4667,11.37,0.147,12.99,59.97,656,N,3,0
CUST-18986,50,29069,RENT,,MEDICAL,D,8235,17.04,0.283,8.07,46.11,703,N,28,0
CUST-18987,64,31355,OWN,4.7,EDUCATION,A,6253,6.95,0.199,34.23,46.06,746,N,35,0
CUST-18988,28,47502,MORTGAGE,6.8,DEBTCONSOLIDATION,D,4356,16.55,0.092,7.33,42.7,629,N,10,0
CUST-18989,61,69423,MORTGAGE,11.6,EDUCATION,D,12945,16.35,0.186,17.72,43.35,585,N,35,0
CUST-18990,51,73271,RENT,4.0,MEDICAL,B,6159,10.53,0.084,20.14,56.77,666,N,29,0
CUST-18991,52,27822,RENT,9.9,DEBTCONSOLIDATION,C,5682,11.89,0.204,25.42,31.81,651,N,32,0
CUST-18992,22,27070,MORTGAGE,3.9,EDUCATION,F,5301,22.13,0.196,16.21,68.32,509,Y,3,0
CUST-18993,49,28283,RENT,4.6,EDUCATION,B,6280,10.89,0.222,10.9,68.25,703,N,29,0
CUST-18994,69,45852,RENT,2.9,PERSONAL,B,11582,12.23,0.253,22.54,87.82,625,N,35,1
CUST-18995,31,43213,MORTGAGE,0.8,DEBTCONSOLIDATION,C,10377,12.29,0.24,24.45,100.0,602,Y,9,1
CUST-18996,48,27719,RENT,4.0,HOMEIMPROVEMENT,B,13333,9.08,0.481,27.89,86.6,682,N,30,1
CUST-18997,22,57627,RENT,4.0,EDUCATION,F,12855,23.18,0.223,22.76,75.85,490,N,2,1
CUST-18998,45,190525,MORTGAGE,7.7,EDUCATION,A,3807,5.69,0.02,6.15,27.24,850,N,23,0
CUST-18999,49,36212,RENT,6.9,DEBTCONSOLIDATION,B,2955,12.25,0.082,9.15,79.85,706,N,27,0
CUST-19000,28,37793,RENT,5.2,MEDICAL,C,6787,14.92,0.18,14.46,85.2,659,N,6,1
CUST-19001,45,68582,MORTGAGE,2.1,MEDICAL,B,7468,11.2,0.109,35.79,55.41,662,N,26,1
CUST-19002,21,35056,RENT,0.9,VENTURE,A,3713,5.68,0.106,14.05,48.96,726,N,3,0
CUST-19003,22,73231,MORTGAGE,1.3,VENTURE,B,9498,10.31,0.13,23.51,35.55,682,N,2,0
CUST-19004,65,31852,RENT,0.0,DEBTCONSOLIDATION,D,19852,16.44,0.623,20.51,66.45,650,N,35,0
CUST-19005,23,147159,MORTGAGE,,HOMEIMPROVEMENT,B,24219,10.85,0.165,14.86,84.37,650,N,5,0
CUST-19006,44,60286,RENT,8.4,DEBTCONSOLIDATION,B,6352,11.16,0.105,22.47,24.98,688,N,26,0
CUST-19007,32,33792,RENT,1.6,HOMEIMPROVEMENT,C,27413,12.6,0.811,29.97,78.01,665,N,13,1
CUST-19008,58,34433,RENT,0.5,PERSONAL,B,6774,11.77,0.197,21.19,59.24,619,Y,35,1
CUST-19009,63,36016,RENT,2.0,PERSONAL,B,3070,11.12,0.085,24.09,58.69,642,N,35,0
CUST-19010,54,111708,MORTGAGE,1.7,HOMEIMPROVEMENT,B,19690,11.11,0.176,11.43,67.74,651,N,35,1
CUST-19011,42,22896,RENT,3.0,PERSONAL,A,2140,7.23,0.093,21.5,35.99,744,N,22,0
CUST-19012,28,32834,MORTGAGE,1.5,HOMEIMPROVEMENT,C,6599,13.97,0.201,7.97,100.0,634,N,6,1
CUST-19013,21,34996,OWN,2.1,HOMEIMPROVEMENT,B,10306,7.93,0.294,27.31,36.54,733,N,1,0
CUST-19014,60,48561,MORTGAGE,11.9,EDUCATION,B,7965,10.98,0.164,18.03,49.42,622,N,35,0
CUST-19015,63,41661,RENT,2.0,EDUCATION,A,11317,9.49,0.272,22.13,38.48,735,N,35,0
CUST-19016,50,20035,RENT,7.7,PERSONAL,A,6637,8.44,0.331,29.33,25.8,791,N,28,0
CUST-19017,63,38565,OWN,4.9,PERSONAL,C,13284,14.3,0.344,19.05,96.43,595,N,35,0
CUST-19018,66,46178,MORTGAGE,2.1,VENTURE,B,15927,11.43,0.345,19.32,39.05,696,N,35,0
CUST-19019,21,33628,MORTGAGE,3.0,PERSONAL,A,7489,8.95,0.223,14.12,79.74,776,N,1,0
CUST-19020,51,74018,RENT,4.5,DEBTCONSOLIDATION,A,11918,7.26,0.161,13.83,68.33,799,N,31,0
CUST-19021,37,85105,MORTGAGE,0.0,EDUCATION,A,10223,8.68,0.12,24.74,67.94,706,N,18,0
CUST-19022,32,46768,MORTGAGE,0.4,HOMEIMPROVEMENT,B,10245,11.05,0.219,35.3,38.87,713,N,13,0
CUST-19023,65,56292,RENT,7.0,PERSONAL,B,3109,10.58,0.055,7.52,40.97,701,N,35,0
CUST-19024,24,15000,MORTGAGE,3.0,MEDICAL,A,12286,9.12,0.819,24.49,34.16,714,N,4,0
CUST-19025,61,38075,RENT,2.6,EDUCATION,B,11368,9.67,0.299,8.18,76.3,657,N,35,0
CUST-19026,63,89580,RENT,0.8,PERSONAL,A,8755,6.72,0.098,10.77,59.58,706,N,35,0
CUST-19027,29,38022,MORTGAGE,0.9,VENTURE,A,7511,5.0,0.198,22.69,12.12,850,Y,7,0
CUST-19028,62,31496,RENT,8.0,DEBTCONSOLIDATION,D,3833,15.39,0.122,18.63,74.04,651,N,35,1
CUST-19029,44,192261,MORTGAGE,8.8,PERSONAL,C,1892,12.97,0.01,3.23,66.75,652,Y,22,1
CUST-19030,53,146012,RENT,4.1,EDUCATION,C,13267,13.44,0.091,6.36,100.0,620,N,31,1
CUST-19031,56,64896,RENT,1.7,VENTURE,A,8433,8.04,0.13,22.05,66.94,770,Y,35,0
CUST-19032,49,97085,RENT,13.5,HOMEIMPROVEMENT,B,3855,11.56,0.04,19.8,51.83,657,Y,28,0
CUST-19033,26,15000,OTHER,4.9,PERSONAL,B,9946,,0.663,19.65,25.72,711,N,8,1
CUST-19034,25,30560,RENT,7.0,PERSONAL,C,6520,13.63,0.213,10.8,56.13,679,N,4,0
CUST-19035,22,36976,RENT,0.0,PERSONAL,B,5940,9.32,0.161,25.57,30.35,694,Y,3,0
CUST-19036,32,42549,MORTGAGE,3.0,EDUCATION,B,1193,8.9,0.028,3.86,37.16,679,N,10,0
CUST-19037,22,36535,RENT,4.0,PERSONAL,A,9107,7.89,0.249,15.41,73.92,732,N,4,0
CUST-19038,45,15000,RENT,2.1,EDUCATION,B,4470,10.62,0.298,21.9,77.69,734,N,27,0
CUST-19039,43,61797,RENT,6.5,MEDICAL,D,13968,17.09,0.226,30.12,44.15,608,N,22,1
CUST-19040,25,67927,RENT,5.4,MEDICAL,B,15434,11.2,0.227,23.1,45.75,758,N,7,0
CUST-19041,62,128173,RENT,0.8,PERSONAL,A,7176,6.92,0.056,9.79,63.44,686,N,35,0
CUST-19042,68,30546,RENT,7.5,MEDICAL,B,14844,11.81,0.486,21.8,63.61,656,Y,35,1
CUST-19043,61,29082,RENT,0.6,PERSONAL,C,3733,12.4,0.128,17.76,41.68,653,N,35,0
CUST-19044,31,15000,MORTGAGE,6.5,EDUCATION,A,3043,,0.203,12.51,34.45,766,N,13,0
CUST-19045,68,41103,RENT,23.5,EDUCATION,B,4896,10.98,0.119,16.08,49.39,698,N,35,0
CUST-19046,55,84176,OWN,15.8,PERSONAL,F,4620,22.26,0.055,33.24,65.25,579,N,35,0
CUST-19047,21,33960,MORTGAGE,3.0,HOMEIMPROVEMENT,B,3403,9.53,0.1,25.84,53.09,667,N,1,0
CUST-19048,30,177383,RENT,3.8,EDUCATION,A,7713,6.5,0.043,17.02,64.49,751,N,11,0
CUST-19049,58,42025,OWN,5.6,VENTURE,C,25739,13.96,0.612,14.99,57.11,688,N,35,1
CUST-19050,53,53540,RENT,6.5,MEDICAL,A,14380,7.8,0.269,27.06,44.77,812,Y,33,0
CUST-19051,45,21636,RENT,0.0,MEDICAL,A,8288,6.25,0.383,11.23,44.31,743,N,27,0
CUST-19052,37,58240,RENT,0.5,VENTURE,A,5121,6.73,0.088,29.6,16.9,844,N,16,1
CUST-19053,40,15000,MORTGAGE,4.5,PERSONAL,A,13275,6.41,0.885,29.16,37.04,753,N,22,1
CUST-19054,55,74326,MORTGAGE,0.0,PERSONAL,D,4103,13.96,0.055,12.82,50.84,669,N,35,1
CUST-19055,59,75709,RENT,12.0,EDUCATION,C,8567,15.14,0.113,24.39,100.0,638,N,35,1
CUST-19056,65,110810,RENT,3.4,EDUCATION,B,12294,10.79,0.111,19.76,92.93,695,N,35,0
CUST-19057,63,26582,MORTGAGE,1.5,MEDICAL,D,1698,17.89,0.064,9.19,73.34,651,N,35,0
CUST-19058,41,53978,RENT,2.5,VENTURE,C,12042,13.13,0.223,17.86,87.76,679,N,22,1
CUST-19059,49,68753,RENT,9.5,PERSONAL,B,6305,9.33,0.092,8.38,64.35,699,N,29,1
CUST-19060,69,63918,MORTGAGE,13.1,DEBTCONSOLIDATION,A,3809,6.45,0.06,21.59,41.15,713,Y,35,0
CUST-19061,62,29167,MORTGAGE,0.6,PERSONAL,C,20132,12.45,0.69,30.21,38.84,742,N,35,0
CUST-19062,49,15000,RENT,7.5,EDUCATION,B,4492,9.88,0.299,10.65,23.61,690,N,29,0
CUST-19063,27,60365,RENT,4.3,DEBTCONSOLIDATION,B,20442,8.64,0.339,28.98,58.98,702,N,7,1
CUST-19064,53,44734,MORTGAGE,4.4,PERSONAL,A,7678,7.04,0.172,9.93,55.24,683,N,35,0
CUST-19065,66,34891,RENT,7.6,DEBTCONSOLIDATION,A,4724,6.81,0.135,14.03,75.72,730,N,35,1
CUST-19066,28,77525,MORTGAGE,1.3,PERSONAL,C,4871,14.55,0.063,22.52,59.55,681,N,9,0
CUST-19067,39,47717,OWN,3.8,PERSONAL,A,4371,8.14,0.092,19.56,82.05,745,N,17,0
CUST-19068,59,22214,MORTGAGE,1.9,EDUCATION,B,13298,10.04,0.599,25.38,36.86,793,N,35,0
CUST-19069,44,15384,RENT,0.5,MEDICAL,A,28706,8.07,1.866,54.11,39.31,760,N,24,1
CUST-19070,38,24899,RENT,,MEDICAL,C,6849,12.19,0.275,8.5,90.84,629,N,16,0
CUST-19071,24,206036,RENT,0.7,PERSONAL,B,6935,8.98,0.034,16.06,38.97,760,N,5,0
CUST-19072,30,75634,OWN,4.8,PERSONAL,C,2396,13.39,0.032,11.7,88.54,736,N,11,0
CUST-19073,34,54894,OTHER,0.6,PERSONAL,A,12683,7.62,0.231,10.4,37.92,797,N,14,0
CUST-19074,27,43958,RENT,4.2,EDUCATION,A,7045,7.33,0.16,5.84,36.9,755,Y,7,0
CUST-19075,38,42258,MORTGAGE,4.4,DEBTCONSOLIDATION,A,6843,9.13,0.162,29.27,39.54,744,Y,17,0
CUST-19076,42,98747,MORTGAGE,11.7,EDUCATION,C,23472,14.32,0.238,29.23,74.49,593,Y,23,0
CUST-19077,46,36520,RENT,4.9,VENTURE,A,4862,8.74,0.133,9.71,57.26,762,N,24,0
CUST-19078,59,69296,RENT,21.2,PERSONAL,B,2438,9.84,0.035,10.19,54.76,714,N,35,0
CUST-19079,51,39772,RENT,0.2,PERSONAL,A,17221,7.9,0.433,31.01,85.11,710,N,33,1
CUST-19080,45,157014,RENT,6.1,MEDICAL,E,5293,18.25,0.034,23.09,40.18,573,N,23,0
CUST-19081,46,76525,OWN,0.1,HOMEIMPROVEMENT,B,3618,9.62,0.047,10.24,36.88,739,N,28,1
CUST-19082,38,103500,OWN,6.5,HOMEIMPROVEMENT,A,11072,7.9,0.107,16.15,32.73,740,N,17,0
CUST-19083,69,34522,RENT,2.4,MEDICAL,A,1449,6.43,0.042,9.79,25.73,761,N,35,0
CUST-19084,61,92492,RENT,4.7,EDUCATION,B,6034,9.55,0.065,4.67,51.87,630,N,35,0
CUST-19085,48,40637,RENT,1.9,PERSONAL,D,3810,17.02,0.094,18.48,52.11,674,N,30,0
CUST-19086,58,52366,MORTGAGE,0.9,VENTURE,A,8996,6.58,0.172,16.99,56.87,727,N,35,1
CUST-19087,60,130748,MORTGAGE,6.4,EDUCATION,C,7558,14.65,0.058,13.4,47.52,640,Y,35,1
CUST-19088,52,26221,MORTGAGE,11.7,HOMEIMPROVEMENT,B,12042,10.24,0.459,29.89,51.27,709,N,31,0
CUST-19089,38,55378,MORTGAGE,1.0,VENTURE,D,2746,16.29,0.05,16.54,72.2,603,Y,16,1
CUST-19090,56,63755,RENT,12.7,HOMEIMPROVEMENT,D,13766,16.8,0.216,12.97,100.0,644,N,35,0
CUST-19091,38,66970,RENT,0.8,MEDICAL,G,9748,24.34,0.146,12.82,100.0,487,N,20,1
CUST-19092,52,37403,OTHER,6.7,HOMEIMPROVEMENT,A,5675,7.84,0.152,33.84,35.64,730,N,34,1
CUST-19093,66,171400,RENT,16.0,EDUCATION,C,11547,12.4,0.067,9.34,39.55,683,N,35,0
CUST-19094,35,22539,MORTGAGE,0.8,MEDICAL,A,15733,5.0,0.698,31.32,48.08,654,N,17,0
CUST-19095,42,117633,RENT,2.9,PERSONAL,B,15557,8.8,0.132,12.9,70.1,655,N,20,1
CUST-19096,26,101624,MORTGAGE,2.1,VENTURE,C,9997,12.95,0.098,11.03,47.7,658,N,5,0
CUST-19097,45,153358,MORTGAGE,2.5,MEDICAL,B,6337,11.09,0.041,9.63,65.5,729,N,23,0
CUST-19098,51,18902,MORTGAGE,7.0,VENTURE,B,5888,13.09,0.312,30.95,58.49,730,N,30,0
CUST-19099,31,29106,MORTGAGE,5.4,VENTURE,F,6768,21.29,0.233,6.88,98.64,435,N,12,1
CUST-19100,27,119990,RENT,9.0,VENTURE,D,5717,15.72,0.048,19.65,100.0,593,Y,9,1
CUST-19101,24,15895,MORTGAGE,1.0,PERSONAL,B,7399,10.9,0.465,27.88,22.54,730,N,3,0
CUST-19102,61,18697,RENT,3.9,DEBTCONSOLIDATION,B,3959,10.77,0.212,11.88,47.96,664,N,35,1
CUST-19103,47,36571,MORTGAGE,3.0,PERSONAL,A,15290,7.81,0.418,15.81,50.54,742,N,27,0
CUST-19104,24,55005,RENT,6.0,HOMEIMPROVEMENT,B,6504,10.19,0.118,29.15,16.12,716,N,4,0
CUST-19105,68,127431,MORTGAGE,0.1,MEDICAL,B,9522,,0.075,15.42,53.41,702,Y,35,0
CUST-19106,45,43863,RENT,22.6,HOMEIMPROVEMENT,C,6949,13.74,0.158,13.11,76.09,667,N,23,0
CUST-19107,24,34031,RENT,3.3,MEDICAL,D,10348,16.44,0.304,28.98,57.89,604,N,6,1
CUST-19108,41,59091,RENT,4.9,VENTURE,A,7101,5.59,0.12,14.87,45.67,770,N,20,0
CUST-19109,34,64975,OTHER,2.2,EDUCATION,D,2623,17.2,0.04,17.12,95.37,631,Y,14,1
CUST-19110,32,63878,RENT,9.6,VENTURE,C,8015,14.38,0.125,29.54,49.82,680,N,12,0
CUST-19111,47,44055,RENT,4.1,EDUCATION,A,3298,8.17,0.075,23.15,47.88,778,N,26,0
CUST-19112,52,15168,RENT,5.4,VENTURE,B,10811,10.01,0.713,34.11,79.27,734,N,33,0
CUST-19113,62,28266,RENT,5.2,PERSONAL,B,16640,10.77,0.589,33.36,87.85,683,N,35,1
CUST-19114,42,114939,RENT,2.3,VENTURE,B,6616,9.42,0.058,11.18,29.44,685,N,20,0
CUST-19115,52,54843,MORTGAGE,0.4,EDUCATION,A,14906,5.84,0.272,18.13,57.18,757,N,34,0
CUST-19116,62,40396,RENT,8.2,EDUCATION,B,3802,10.38,0.094,10.5,33.64,769,N,35,0
CUST-19117,37,95884,MORTGAGE,1.7,HOMEIMPROVEMENT,A,12093,5.7,0.126,30.42,65.26,758,N,19,0
CUST-19118,69,24882,RENT,9.5,HOMEIMPROVEMENT,E,9527,19.34,0.383,28.4,76.14,629,N,35,1
CUST-19119,49,42821,RENT,4.7,VENTURE,D,28065,16.44,0.655,36.55,69.62,662,N,31,1
CUST-19120,45,53244,MORTGAGE,2.2,DEBTCONSOLIDATION,B,7831,9.52,0.147,30.26,50.84,752,N,27,0
CUST-19121,35,37615,RENT,4.5,PERSONAL,A,6161,9.83,0.164,5.13,58.49,799,N,14,0
CUST-19122,32,52075,RENT,5.2,EDUCATION,B,14667,9.78,0.282,13.03,36.94,667,N,11,0
CUST-19123,58,43799,RENT,6.1,EDUCATION,B,20469,10.75,0.467,22.81,81.97,662,Y,35,1
CUST-19124,52,21171,RENT,8.6,EDUCATION,D,15789,16.27,0.746,28.1,48.04,580,N,34,1
CUST-19125,45,54659,MORTGAGE,0.9,EDUCATION,A,11316,8.63,0.207,19.63,65.92,789,Y,25,1
CUST-19126,67,22092,MORTGAGE,14.4,VENTURE,C,8480,13.1,0.384,16.72,78.6,640,N,35,0
CUST-19127,20,54142,MORTGAGE,2.0,EDUCATION,B,10596,8.98,0.196,23.3,75.94,679,N,1,1
CUST-19128,68,111801,RENT,9.8,EDUCATION,A,7542,8.0,0.067,6.6,57.41,735,N,35,0
CUST-19129,57,41414,RENT,1.2,MEDICAL,A,6165,5.7,0.149,10.65,54.25,767,N,35,0
CUST-19130,21,24272,RENT,0.1,PERSONAL,C,1898,12.48,0.078,4.76,100.0,626,N,1,0
CUST-19131,68,45424,MORTGAGE,4.3,EDUCATION,B,7044,9.89,0.155,4.95,77.65,682,N,35,0
CUST-19132,25,29756,RENT,2.0,PERSONAL,G,6675,23.93,0.224,18.69,49.57,489,N,4,1
CUST-19133,65,70031,RENT,20.8,DEBTCONSOLIDATION,D,8481,16.08,0.121,22.08,44.1,642,N,35,0
CUST-19134,69,44855,MORTGAGE,0.6,EDUCATION,B,7629,9.99,0.17,13.29,62.89,642,N,35,0
CUST-19135,57,136742,RENT,0.2,HOMEIMPROVEMENT,C,16382,13.65,0.12,15.64,92.73,650,N,35,0
CUST-19136,61,98498,OWN,0.2,MEDICAL,A,4510,6.68,0.046,15.58,29.2,738,N,35,0
CUST-19137,43,44718,RENT,1.2,EDUCATION,D,8068,17.02,0.18,10.63,80.19,631,N,24,1
CUST-19138,37,75309,MORTGAGE,4.3,PERSONAL,B,10213,9.49,0.136,17.6,91.6,696,N,16,0
CUST-19139,46,38717,RENT,3.5,VENTURE,B,11224,8.98,0.29,8.46,42.41,668,N,24,0
CUST-19140,60,50029,MORTGAGE,2.2,DEBTCONSOLIDATION,D,23351,15.14,0.467,21.97,46.61,685,N,35,1
CUST-19141,27,39463,RENT,0.5,PERSONAL,A,6430,7.01,0.163,19.18,35.16,804,N,5,0
CUST-19142,47,77642,RENT,1.3,PERSONAL,B,18159,11.67,0.234,27.49,55.73,709,N,29,0
CUST-19143,29,115820,RENT,1.0,EDUCATION,C,11886,13.47,0.103,13.71,22.13,671,N,11,0
CUST-19144,36,79157,OTHER,6.8,EDUCATION,A,5231,6.95,0.066,17.91,69.63,724,N,14,0
CUST-19145,48,85234,OTHER,7.6,HOMEIMPROVEMENT,A,5922,7.45,0.069,6.78,60.45,757,N,29,0
CUST-19146,25,85290,RENT,7.0,MEDICAL,B,7933,9.05,0.093,9.02,17.72,793,N,7,0
CUST-19147,33,68237,MORTGAGE,15.0,PERSONAL,B,7123,8.45,0.104,10.98,54.04,743,N,13,0
CUST-19148,41,24746,MORTGAGE,10.8,DEBTCONSOLIDATION,B,4371,9.31,0.177,16.96,57.17,663,N,19,0
CUST-19149,25,136023,RENT,3.4,EDUCATION,D,1237,15.24,0.009,15.4,46.97,624,N,5,0
CUST-19150,45,144733,RENT,2.7,VENTURE,B,9917,13.38,0.069,23.52,73.91,703,N,26,1
CUST-19151,58,42602,OTHER,12.4,VENTURE,B,21440,12.81,0.503,20.75,95.4,718,N,35,1
CUST-19152,31,39245,RENT,,PERSONAL,A,27471,9.79,0.7,21.62,32.6,812,N,9,0
CUST-19153,54,70788,RENT,1.7,PERSONAL,A,20124,6.04,0.284,8.86,44.64,718,N,34,0
CUST-19154,33,68219,RENT,4.2,PERSONAL,B,4785,12.61,0.07,5.75,88.72,693,N,12,0
CUST-19155,41,43426,RENT,23.0,DEBTCONSOLIDATION,B,5124,9.64,0.118,7.91,56.3,661,N,23,0
CUST-19156,42,23155,MORTGAGE,9.5,HOMEIMPROVEMENT,C,12330,15.47,0.532,18.67,58.9,658,N,21,1
CUST-19157,67,58889,RENT,1.7,PERSONAL,B,3663,11.03,0.062,12.82,39.73,704,N,35,0
CUST-19158,26,68245,RENT,8.0,VENTURE,A,10248,6.31,0.15,18.06,39.64,823,N,4,0
CUST-19159,59,75772,RENT,19.9,VENTURE,B,6625,12.49,0.087,4.33,49.51,670,N,35,0
CUST-19160,69,60450,RENT,1.3,PERSONAL,B,4516,12.44,0.075,29.03,36.23,732,N,35,1
CUST-19161,44,41661,RENT,11.3,MEDICAL,A,1766,6.23,0.042,3.53,40.14,658,N,26,0
CUST-19162,32,89000,OWN,10.7,VENTURE,E,7338,19.89,0.082,26.83,50.51,638,Y,13,1
CUST-19163,40,50996,RENT,0.2,PERSONAL,B,6962,8.18,0.137,5.59,34.44,701,N,22,0
CUST-19164,60,37087,MORTGAGE,5.5,HOMEIMPROVEMENT,A,17256,7.03,0.465,24.71,61.51,755,N,35,0
CUST-19165,29,43985,RENT,1.8,VENTURE,C,12879,13.03,0.293,24.26,58.32,642,N,7,0
CUST-19166,28,17195,RENT,5.6,PERSONAL,D,9495,16.01,0.552,16.18,63.37,627,N,9,0
CUST-19167,34,43943,RENT,12.2,HOMEIMPROVEMENT,C,16350,15.43,0.372,19.82,40.26,629,N,14,0
CUST-19168,21,74091,MORTGAGE,3.0,PERSONAL,B,3430,8.9,0.046,31.48,63.22,705,N,1,0
CUST-19169,44,60106,MORTGAGE,2.7,HOMEIMPROVEMENT,B,7587,10.23,0.126,13.48,40.05,747,N,23,0
CUST-19170,32,122075,RENT,12.7,EDUCATION,C,10430,14.41,0.085,13.17,30.08,636,N,10,0
CUST-19171,53,41865,RENT,18.3,VENTURE,C,15366,11.92,0.367,26.22,78.04,639,N,34,1
CUST-19172,53,65669,MORTGAGE,0.3,HOMEIMPROVEMENT,B,18776,9.44,0.286,22.96,20.49,690,Y,31,0
CUST-19173,54,78876,RENT,12.8,EDUCATION,C,8366,14.84,0.106,8.49,47.41,684,N,35,0
CUST-19174,57,199928,MORTGAGE,0.4,EDUCATION,A,5873,9.11,0.029,9.38,69.35,745,N,35,0
CUST-19175,22,53469,RENT,2.1,MEDICAL,A,32831,6.98,0.614,40.9,17.92,734,N,4,0
CUST-19176,61,26199,MORTGAGE,7.2,MEDICAL,E,11491,20.53,0.439,16.36,73.2,576,Y,35,1
CUST-19177,25,81532,MORTGAGE,7.0,EDUCATION,E,9580,21.37,0.117,18.9,48.02,607,Y,6,1
CUST-19178,67,150156,RENT,6.5,DEBTCONSOLIDATION,C,7631,13.01,0.051,27.43,77.85,604,Y,35,0
CUST-19179,68,40395,MORTGAGE,0.2,VENTURE,B,7775,11.45,0.192,12.9,93.1,726,N,35,0
CUST-19180,38,81198,RENT,0.7,EDUCATION,A,5183,6.99,0.064,8.45,37.93,762,N,18,0
CUST-19181,22,102460,RENT,4.0,VENTURE,B,9074,8.88,0.089,4.98,73.05,714,N,4,0
CUST-19182,37,90241,RENT,0.4,MEDICAL,C,7936,13.5,0.088,8.6,92.25,651,N,19,0
CUST-19183,58,52856,MORTGAGE,0.4,HOMEIMPROVEMENT,B,6755,10.21,0.128,27.39,83.49,701,N,35,0
CUST-19184,28,32238,RENT,9.0,EDUCATION,C,3844,12.39,0.119,14.48,50.04,675,N,10,0
CUST-19185,31,46687,OWN,5.1,PERSONAL,C,7473,13.09,0.16,26.75,90.18,596,N,10,0
CUST-19186,24,64547,MORTGAGE,2.2,PERSONAL,C,15973,13.23,0.247,21.04,74.17,622,N,5,1
CUST-19187,22,84536,RENT,0.9,DEBTCONSOLIDATION,E,27085,19.83,0.32,18.97,100.0,511,N,2,1
CUST-19188,30,59896,MORTGAGE,10.8,EDUCATION,D,8529,17.75,0.142,6.39,83.63,673,N,8,0
CUST-19189,49,39028,RENT,22.3,EDUCATION,C,5436,14.75,0.139,18.2,44.33,694,Y,31,0
CUST-19190,23,68406,MORTGAGE,0.3,MEDICAL,A,3010,7.4,0.044,20.84,91.73,674,N,5,0
CUST-19191,24,82129,RENT,4.0,EDUCATION,E,10039,18.84,0.122,17.58,47.11,583,N,3,0
CUST-19192,20,61559,MORTGAGE,1.5,EDUCATION,A,8870,9.11,0.144,18.45,51.81,742,N,1,0
CUST-19193,46,29681,MORTGAGE,8.9,VENTURE,B,5317,10.38,0.179,18.53,17.89,721,N,24,0
CUST-19194,47,43965,MORTGAGE,2.1,PERSONAL,D,3942,15.78,0.09,24.96,42.77,622,N,27,0
CUST-19195,48,86568,RENT,6.3,MEDICAL,A,14859,7.7,0.172,17.81,19.15,745,N,28,0
CUST-19196,37,21379,RENT,3.9,EDUCATION,C,24867,11.31,1.163,30.09,66.91,648,N,15,0
CUST-19197,31,15000,RENT,3.9,MEDICAL,B,16199,9.94,1.08,29.68,51.83,736,N,13,1
CUST-19198,32,121157,RENT,9.8,EDUCATION,C,3457,12.86,0.029,12.53,89.35,629,N,11,1
CUST-19199,60,66625,RENT,3.2,MEDICAL,E,4409,18.55,0.066,32.17,43.67,557,N,35,1
CUST-19200,21,70547,MORTGAGE,3.0,PERSONAL,D,5956,16.96,0.084,12.8,46.23,633,N,1,1
CUST-19201,56,25691,MORTGAGE,2.3,EDUCATION,A,16498,8.79,0.642,40.18,46.02,780,N,34,0
CUST-19202,64,76306,RENT,1.0,EDUCATION,A,5375,9.53,0.07,13.93,45.31,760,N,35,0
CUST-19203,35,57823,RENT,,MEDICAL,F,3874,21.41,0.067,16.0,100.0,513,N,14,0
CUST-19204,67,18947,MORTGAGE,3.4,EDUCATION,B,3280,10.16,0.173,23.55,69.76,642,N,35,1
CUST-19205,43,115216,OWN,3.3,VENTURE,A,14528,6.68,0.126,15.19,33.88,693,N,23,0
CUST-19206,54,53917,RENT,8.3,VENTURE,C,13476,14.15,0.25,18.23,77.18,643,N,35,0
CUST-19207,41,38651,RENT,4.2,EDUCATION,A,6301,5.26,0.163,28.26,55.97,756,N,23,0
CUST-19208,55,39073,MORTGAGE,11.0,PERSONAL,A,3788,7.03,0.097,12.21,80.07,738,N,34,0
CUST-19209,30,15000,MORTGAGE,3.6,MEDICAL,C,2772,13.85,0.185,5.25,32.99,613,N,10,0
CUST-19210,65,69982,RENT,1.3,DEBTCONSOLIDATION,B,3191,9.75,0.046,6.48,34.51,658,N,35,0
CUST-19211,48,57360,MORTGAGE,0.7,PERSONAL,B,5691,9.99,0.099,20.79,70.03,706,N,29,0
CUST-19212,54,43632,MORTGAGE,10.1,PERSONAL,C,12949,14.69,0.297,22.89,80.09,697,N,35,1
CUST-19213,67,105565,RENT,0.3,EDUCATION,D,18427,16.43,0.175,17.14,48.65,584,Y,35,1
CUST-19214,34,21368,MORTGAGE,0.6,EDUCATION,C,5987,14.93,0.28,10.49,87.01,649,N,12,0
CUST-19215,50,34266,RENT,0.3,EDUCATION,B,17721,12.46,0.517,28.63,69.15,675,N,29,1
CUST-19216,61,29436,MORTGAGE,2.8,HOMEIMPROVEMENT,C,12475,14.14,0.424,25.24,59.11,671,N,35,0
CUST-19217,60,41469,MORTGAGE,3.8,MEDICAL,C,5034,13.15,0.121,20.93,40.13,646,N,35,0
CUST-19218,62,51045,RENT,0.1,EDUCATION,C,4481,15.4,0.088,12.14,72.33,685,N,35,0
CUST-19219,35,63450,MORTGAGE,3.6,DEBTCONSOLIDATION,B,4335,7.47,0.068,4.29,42.29,704,N,16,0
CUST-19220,29,39807,MORTGAGE,2.5,PERSONAL,A,5662,5.64,0.142,10.37,39.4,754,N,9,0
CUST-19221,68,28957,OWN,7.4,PERSONAL,C,3038,14.42,0.105,8.99,44.21,620,N,35,1
CUST-19222,51,134807,RENT,8.9,EDUCATION,A,10948,10.47,0.081,18.48,32.49,721,N,33,0
CUST-19223,21,208351,RENT,3.0,PERSONAL,B,2091,11.32,0.01,10.67,65.21,716,N,1,0
CUST-19224,43,53421,OTHER,3.2,VENTURE,A,14926,7.72,0.279,14.19,73.52,758,N,23,0
CUST-19225,42,31130,MORTGAGE,1.2,EDUCATION,B,5501,9.94,0.177,23.96,75.53,770,N,21,0
CUST-19226,21,118809,OWN,3.0,VENTURE,B,24913,11.17,0.21,21.24,55.39,662,Y,1,0
CUST-19227,57,20577,RENT,2.1,VENTURE,D,2767,17.89,0.134,18.86,35.55,645,N,35,0
CUST-19228,50,40100,RENT,2.2,EDUCATION,C,3275,14.4,0.082,13.57,47.29,655,N,29,0
CUST-19229,59,32284,RENT,12.4,MEDICAL,A,5008,7.58,0.155,27.07,77.21,716,N,35,1
CUST-19230,45,24447,MORTGAGE,18.6,MEDICAL,D,7829,17.74,0.32,18.88,80.57,516,Y,27,1
CUST-19231,48,41439,OWN,11.4,HOMEIMPROVEMENT,B,7879,10.87,0.19,20.39,40.78,678,N,28,0
CUST-19232,22,29187,MORTGAGE,4.0,PERSONAL,A,5271,8.11,0.181,6.15,24.51,732,N,3,0
CUST-19233,33,49394,RENT,10.2,EDUCATION,B,6322,11.66,0.128,10.55,55.41,682,N,11,0
CUST-19234,44,49826,RENT,6.1,HOMEIMPROVEMENT,A,11019,6.38,0.221,23.86,35.96,782,N,22,0
CUST-19235,67,33765,MORTGAGE,1.7,EDUCATION,B,3542,10.47,0.105,20.1,34.32,684,N,35,0
CUST-19236,20,39249,MORTGAGE,2.0,PERSONAL,D,8706,16.64,0.222,22.49,80.29,620,N,1,1
CUST-19237,22,42680,MORTGAGE,4.0,MEDICAL,C,1633,12.06,0.038,4.93,42.95,601,Y,1,0
CUST-19238,45,79690,RENT,1.4,EDUCATION,B,23489,9.19,0.295,32.24,60.24,714,N,23,1
CUST-19239,37,44843,RENT,3.4,MEDICAL,A,3418,6.75,0.076,10.71,26.06,705,N,15,0
CUST-19240,28,80404,RENT,0.4,HOMEIMPROVEMENT,A,13126,8.75,0.163,15.39,53.85,774,N,6,0
CUST-19241,57,69667,MORTGAGE,15.3,MEDICAL,F,6336,21.77,0.091,10.85,45.3,564,N,35,0
CUST-19242,42,69072,RENT,4.3,MEDICAL,B,7463,10.66,0.108,18.36,69.8,648,N,22,0
CUST-19243,40,112725,OWN,1.4,EDUCATION,B,10055,10.87,0.089,14.16,82.67,767,N,19,0
CUST-19244,20,25043,MORTGAGE,1.7,HOMEIMPROVEMENT,B,7410,11.26,0.296,32.01,87.52,684,N,1,1
CUST-19245,40,36904,RENT,19.7,VENTURE,A,8421,8.1,0.228,7.65,67.32,763,N,19,0
CUST-19246,46,141206,RENT,,EDUCATION,E,11118,19.58,0.079,7.2,68.04,597,Y,24,1
CUST-19247,61,42007,OWN,2.7,EDUCATION,A,12906,7.33,0.307,23.61,23.75,726,N,35,0
CUST-19248,25,15000,RENT,3.5,HOMEIMPROVEMENT,C,3782,14.81,0.252,33.22,53.85,625,N,6,0
CUST-19249,63,43400,RENT,0.5,EDUCATION,D,9867,15.91,0.227,27.88,40.13,595,Y,35,1
CUST-19250,55,53154,OWN,0.4,EDUCATION,C,8659,15.13,0.163,22.4,78.2,666,N,35,1
CUST-19251,47,15000,MORTGAGE,4.5,EDUCATION,D,14448,15.82,0.963,29.11,48.89,630,N,25,0
CUST-19252,64,109137,MORTGAGE,3.6,PERSONAL,C,16901,13.16,0.155,13.29,78.22,699,N,35,0
CUST-19253,36,31945,RENT,2.2,EDUCATION,B,1000,11.35,0.031,14.29,87.66,744,N,14,0
CUST-19254,59,59703,MORTGAGE,4.2,HOMEIMPROVEMENT,D,15146,19.34,0.254,20.23,80.87,653,N,35,1
CUST-19255,22,42805,RENT,0.4,MEDICAL,E,7886,,0.184,32.37,40.81,601,N,3,1
CUST-19256,31,22629,RENT,13.0,MEDICAL,B,3040,11.54,0.134,13.76,21.67,728,N,9,0
CUST-19257,58,25788,RENT,1.7,PERSONAL,B,4134,11.07,0.16,8.63,72.62,686,N,35,0
CUST-19258,31,27971,RENT,0.4,PERSONAL,B,8281,9.96,0.296,31.71,69.0,681,N,10,0
CUST-19259,21,94033,OWN,0.9,PERSONAL,A,8901,7.93,0.095,14.85,26.09,696,N,3,0
CUST-19260,65,44867,MORTGAGE,0.5,PERSONAL,A,8737,6.06,0.195,13.76,13.98,799,N,35,0
CUST-19261,41,35842,MORTGAGE,1.0,MEDICAL,A,8239,6.55,0.23,19.81,19.56,752,N,23,0
CUST-19262,42,27979,OWN,2.7,EDUCATION,D,6404,17.01,0.229,16.07,56.25,622,N,24,1
CUST-19263,49,100477,RENT,6.7,EDUCATION,B,10597,9.29,0.105,18.99,46.69,602,Y,29,1
CUST-19264,24,118009,RENT,1.6,DEBTCONSOLIDATION,D,7081,16.68,0.06,12.65,29.41,587,Y,3,0
CUST-19265,28,99792,MORTGAGE,2.9,EDUCATION,C,8619,12.7,0.086,22.12,88.76,684,N,9,0
CUST-19266,40,65871,MORTGAGE,13.2,HOMEIMPROVEMENT,B,4206,9.96,0.064,27.86,56.31,712,N,22,0
CUST-19267,30,58331,RENT,1.8,EDUCATION,A,9138,8.79,0.157,30.9,42.68,727,N,12,0
CUST-19268,24,23633,RENT,6.0,EDUCATION,B,9561,9.1,0.405,25.22,82.95,696,N,3,1
CUST-19269,54,42298,RENT,0.9,MEDICAL,E,6736,,0.159,15.4,46.93,639,N,33,1
CUST-19270,46,32522,RENT,1.0,PERSONAL,D,8219,17.07,0.253,31.25,63.84,602,Y,24,1
CUST-19271,68,16394,RENT,3.0,PERSONAL,C,5076,13.81,0.31,24.7,37.41,654,N,35,0
CUST-19272,21,92431,RENT,1.3,PERSONAL,C,10620,12.79,0.115,10.98,28.74,650,Y,1,0
CUST-19273,43,32289,RENT,11.7,EDUCATION,B,2757,10.94,0.085,18.36,77.76,707,N,25,0
CUST-19274,50,100465,RENT,0.3,MEDICAL,A,6568,6.26,0.065,4.21,29.66,792,N,30,0
CUST-19275,52,83203,RENT,4.5,VENTURE,A,9819,6.92,0.118,17.61,63.24,837,N,34,0
CUST-19276,58,68461,OWN,4.6,EDUCATION,B,16662,12.41,0.243,12.97,40.07,752,N,35,0
CUST-19277,49,70808,OWN,,EDUCATION,B,17236,11.27,0.243,25.73,59.6,708,N,31,0
CUST-19278,65,33887,MORTGAGE,6.6,HOMEIMPROVEMENT,C,8862,13.5,0.262,20.45,64.16,692,N,35,0
CUST-19279,56,149448,OTHER,3.2,PERSONAL,B,21111,11.04,0.141,20.08,39.26,648,N,35,0
CUST-19280,47,50305,OTHER,6.4,VENTURE,A,13056,6.53,0.26,6.55,40.21,749,N,28,0
CUST-19281,50,58756,RENT,8.8,DEBTCONSOLIDATION,C,5161,13.84,0.088,10.58,89.89,625,N,29,0
CUST-19282,30,33208,RENT,1.9,EDUCATION,C,9852,12.96,0.297,25.86,36.69,630,N,12,0
CUST-19283,42,28037,OWN,3.3,PERSONAL,A,5752,6.8,0.205,16.59,18.75,784,N,22,0
CUST-19284,21,65275,MORTGAGE,1.5,DEBTCONSOLIDATION,F,3408,21.85,0.052,10.61,74.88,578,Y,1,1
CUST-19285,59,55854,RENT,1.1,EDUCATION,B,10450,9.78,0.187,40.15,36.11,653,N,35,1
CUST-19286,60,30527,MORTGAGE,0.0,EDUCATION,C,9561,13.67,0.313,12.67,88.2,644,N,35,0
CUST-19287,46,20680,RENT,16.6,MEDICAL,E,9445,20.0,0.457,20.73,68.92,547,N,27,1
CUST-19288,54,22880,RENT,2.9,EDUCATION,A,8048,7.17,0.352,21.33,47.79,773,N,35,0
CUST-19289,21,100476,RENT,0.1,DEBTCONSOLIDATION,D,8462,13.08,0.084,10.63,54.47,649,N,2,0
CUST-19290,58,33929,RENT,0.0,PERSONAL,C,10785,12.46,0.318,31.69,71.42,729,N,35,0
CUST-19291,56,40000,RENT,1.7,MEDICAL,A,4228,6.2,0.106,22.82,55.91,792,N,35,0
CUST-19292,40,117032,OWN,0.1,MEDICAL,C,8647,13.94,0.074,8.83,60.01,690,Y,19,1
CUST-19293,24,25001,RENT,2.3,MEDICAL,D,3339,15.62,0.134,29.09,87.0,575,Y,5,1
CUST-19294,64,31691,RENT,0.3,MEDICAL,C,7974,12.9,0.252,21.33,72.41,626,N,35,0
CUST-19295,40,30907,RENT,0.2,DEBTCONSOLIDATION,C,6570,14.51,0.213,19.51,60.66,652,N,22,0
CUST-19296,48,129422,MORTGAGE,5.5,HOMEIMPROVEMENT,A,20472,6.56,0.158,34.05,12.22,840,N,26,0
CUST-19297,39,162109,OTHER,11.9,EDUCATION,A,12702,7.74,0.078,14.28,66.54,753,N,21,0
CUST-19298,57,76952,RENT,2.6,MEDICAL,B,4170,9.76,0.054,10.42,13.52,750,Y,35,1
CUST-19299,39,78435,RENT,9.1,PERSONAL,B,9403,9.93,0.12,15.78,50.74,685,N,19,0
CUST-19300,69,34606,RENT,0.1,EDUCATION,E,10999,18.1,0.318,18.63,71.37,569,Y,35,0
CUST-19301,44,157691,MORTGAGE,7.5,PERSONAL,B,11400,9.87,0.072,7.39,74.66,699,N,25,1
CUST-19302,21,57561,RENT,0.3,VENTURE,B,3252,11.11,0.056,8.24,38.13,683,N,2,0
CUST-19303,51,81786,RENT,9.1,EDUCATION,A,9780,,0.12,22.57,33.06,774,N,30,0
CUST-19304,45,46013,RENT,10.7,VENTURE,A,9272,6.64,0.202,20.02,31.04,705,N,24,0
CUST-19305,25,41738,RENT,7.0,EDUCATION,A,15869,10.13,0.38,15.55,34.3,686,N,3,0
CUST-19306,60,132962,OWN,8.6,DEBTCONSOLIDATION,B,1624,10.81,0.012,31.6,49.95,691,N,35,0
CUST-19307,22,67767,RENT,4.0,MEDICAL,A,13414,7.91,0.198,10.22,58.37,769,N,4,0
CUST-19308,52,117104,RENT,1.5,HOMEIMPROVEMENT,D,13407,15.75,0.114,20.92,40.61,583,N,30,0
CUST-19309,20,57136,MORTGAGE,2.0,VENTURE,B,8982,11.75,0.157,32.99,79.78,781,N,1,1
CUST-19310,24,29465,MORTGAGE,,DEBTCONSOLIDATION,D,20502,17.95,0.696,18.45,76.27,610,N,5,1
CUST-19311,32,34544,RENT,0.0,VENTURE,B,12681,9.77,0.367,26.97,100.0,703,N,13,1
CUST-19312,38,52144,OWN,3.2,VENTURE,B,6696,11.78,0.128,10.98,58.61,665,N,19,0
CUST-19313,31,33661,MORTGAGE,5.3,EDUCATION,B,7676,12.11,0.228,18.5,47.36,722,N,10,0
CUST-19314,67,25223,RENT,0.1,MEDICAL,F,1122,19.52,0.044,9.48,74.15,566,Y,35,1
CUST-19315,44,100795,RENT,4.9,EDUCATION,C,9062,14.53,0.09,4.07,39.82,657,N,25,0
CUST-19316,54,35350,RENT,5.3,PERSONAL,B,13807,9.58,0.391,36.35,55.79,711,N,35,0
CUST-19317,31,53258,RENT,0.9,VENTURE,B,2291,12.09,0.043,10.95,64.53,709,N,11,1
CUST-19318,49,58552,RENT,2.8,EDUCATION,A,6822,6.54,0.117,17.33,33.86,718,N,27,0
CUST-19319,24,34444,MORTGAGE,6.0,EDUCATION,C,15267,14.23,0.443,21.52,22.05,700,N,2,0
CUST-19320,53,117064,MORTGAGE,10.8,EDUCATION,F,8261,19.89,0.071,6.47,77.64,519,N,31,0
CUST-19321,41,25077,RENT,2.6,PERSONAL,A,4508,8.84,0.18,25.15,37.6,810,N,21,0
CUST-19322,58,57352,RENT,2.2,PERSONAL,C,17657,13.59,0.308,17.89,35.95,608,Y,35,1
CUST-19323,32,56821,RENT,0.7,EDUCATION,B,11211,12.05,0.197,17.96,89.27,732,N,10,0
CUST-19324,66,47450,MORTGAGE,0.2,PERSONAL,D,8739,15.64,0.184,32.15,72.89,617,Y,35,1
CUST-19325,22,22513,MORTGAGE,1.8,MEDICAL,A,5500,7.76,0.244,21.37,81.42,753,N,1,0
CUST-19326,39,82659,RENT,14.1,PERSONAL,A,6680,9.32,0.081,4.97,79.01,729,N,17,0
CUST-19327,50,76581,MORTGAGE,15.9,DEBTCONSOLIDATION,A,2800,7.47,0.037,14.67,71.35,773,Y,29,0
CUST-19328,24,32684,RENT,6.0,DEBTCONSOLIDATION,A,18582,8.02,0.569,27.76,93.8,769,N,5,0
CUST-19329,43,74943,MORTGAGE,2.2,EDUCATION,C,13025,14.34,0.174,25.89,38.93,713,N,22,0
CUST-19330,59,61386,RENT,0.8,EDUCATION,A,10062,5.64,0.164,26.96,48.34,773,N,35,0
CUST-19331,52,22734,RENT,4.5,PERSONAL,C,10321,12.87,0.454,26.65,80.41,636,N,34,1
CUST-19332,27,29367,RENT,5.2,DEBTCONSOLIDATION,D,10571,17.87,0.36,31.15,39.21,595,Y,6,1
CUST-19333,43,97048,OWN,2.8,MEDICAL,A,14684,5.04,0.151,15.26,28.37,761,N,25,0
CUST-19334,69,59021,MORTGAGE,5.9,VENTURE,A,5277,8.84,0.089,18.63,32.2,802,N,35,0
CUST-19335,39,34941,OWN,6.9,HOMEIMPROVEMENT,F,6134,21.29,0.176,14.28,53.77,544,N,19,1
CUST-19336,35,29287,RENT,7.6,DEBTCONSOLIDATION,C,6887,15.97,0.235,13.27,71.63,686,N,17,0
CUST-19337,69,35981,RENT,3.5,HOMEIMPROVEMENT,A,7357,8.02,0.204,13.68,68.63,760,N,35,0
CUST-19338,31,37545,RENT,7.8,HOMEIMPROVEMENT,B,12958,9.54,0.345,36.4,95.33,634,Y,10,1
CUST-19339,32,29508,MORTGAGE,0.1,HOMEIMPROVEMENT,F,4900,23.18,0.166,19.55,77.42,546,Y,12,1
CUST-19340,64,17239,MORTGAGE,5.7,HOMEIMPROVEMENT,A,6222,9.22,0.361,19.47,63.26,743,N,35,1
CUST-19341,61,97149,MORTGAGE,1.3,EDUCATION,C,6073,14.23,0.063,17.75,34.29,693,N,35,0
CUST-19342,58,87761,MORTGAGE,1.6,DEBTCONSOLIDATION,A,7577,6.96,0.086,15.87,42.99,808,N,35,0
CUST-19343,44,22834,MORTGAGE,0.5,VENTURE,B,2744,12.23,0.12,13.21,30.35,763,N,23,0
CUST-19344,65,53198,OWN,1.1,EDUCATION,D,5134,15.39,0.097,4.76,46.53,604,Y,35,1
CUST-19345,51,28528,RENT,24.1,MEDICAL,A,2341,8.79,0.082,12.09,31.21,733,N,32,0
CUST-19346,43,41900,MORTGAGE,2.7,VENTURE,B,5154,7.61,0.123,38.88,43.81,689,N,22,0
CUST-19347,67,39860,OWN,13.1,EDUCATION,B,7417,10.64,0.186,18.56,19.87,696,N,35,0
CUST-19348,66,37922,MORTGAGE,0.9,HOMEIMPROVEMENT,C,3266,12.83,0.086,20.36,50.23,656,N,35,0
CUST-19349,63,163042,MORTGAGE,1.1,PERSONAL,A,3487,5.85,0.021,9.99,32.92,718,N,35,0
CUST-19350,28,37639,RENT,4.1,DEBTCONSOLIDATION,B,3449,12.07,0.092,22.5,71.27,701,N,6,0
CUST-19351,59,30183,RENT,2.2,EDUCATION,B,8830,7.92,0.293,22.22,68.46,629,N,35,0
CUST-19352,69,31021,MORTGAGE,5.2,PERSONAL,A,6297,9.16,0.203,13.4,29.24,825,N,35,0
CUST-19353,42,91698,RENT,2.7,HOMEIMPROVEMENT,B,1466,8.66,0.016,17.9,78.22,692,N,23,0
CUST-19354,69,18192,RENT,8.3,EDUCATION,E,16590,20.76,0.912,37.81,56.54,555,N,35,1
CUST-19355,32,31021,MORTGAGE,2.8,HOMEIMPROVEMENT,A,8826,6.56,0.285,26.94,56.1,769,N,11,1
CUST-19356,51,116785,RENT,4.2,EDUCATION,B,17735,8.16,0.152,29.22,98.99,729,N,31,0
CUST-19357,69,56748,RENT,1.9,DEBTCONSOLIDATION,A,11044,6.96,0.195,13.27,37.24,679,N,35,0
CUST-19358,34,55003,MORTGAGE,6.1,EDUCATION,A,10893,8.18,0.198,11.22,59.23,726,N,13,0
CUST-19359,55,176184,RENT,5.3,PERSONAL,A,4685,6.42,0.027,14.99,74.14,800,N,33,0
CUST-19360,68,56829,RENT,2.5,DEBTCONSOLIDATION,B,13540,10.81,0.238,12.85,65.15,731,Y,35,0
CUST-19361,24,32051,RENT,1.6,PERSONAL,A,12616,8.33,0.394,35.16,42.37,709,N,6,0
CUST-19362,41,41388,RENT,4.8,DEBTCONSOLIDATION,C,1400,,0.034,24.76,97.05,692,N,23,1
CUST-19363,35,24803,RENT,14.3,HOMEIMPROVEMENT,E,2160,19.58,0.087,24.8,40.07,596,Y,17,0
CUST-19364,60,104147,OWN,0.7,PERSONAL,A,14470,,0.139,21.24,78.99,722,N,35,0
CUST-19365,29,69198,RENT,8.0,MEDICAL,C,3048,14.52,0.044,17.88,61.29,650,N,9,0
CUST-19366,43,96244,RENT,3.9,PERSONAL,A,5506,7.39,0.057,20.4,63.39,690,N,21,0
CUST-19367,37,101497,OWN,3.7,EDUCATION,A,8827,8.88,0.087,20.84,56.99,778,N,16,0
CUST-19368,68,38233,MORTGAGE,16.3,EDUCATION,A,2232,8.57,0.058,9.93,22.26,804,N,35,0
CUST-19369,37,27809,RENT,4.7,MEDICAL,B,5342,10.3,0.192,6.3,32.49,688,N,19,0
CUST-19370,26,47523,MORTGAGE,8.0,DEBTCONSOLIDATION,A,19938,8.36,0.42,13.32,59.62,750,N,5,0
CUST-19371,23,29037,MORTGAGE,3.6,PERSONAL,C,2720,13.83,0.094,12.05,69.79,665,N,5,0
CUST-19372,45,54120,MORTGAGE,1.4,EDUCATION,A,18122,8.16,0.335,32.96,32.59,742,N,27,1
CUST-19373,24,96689,MORTGAGE,5.9,MEDICAL,B,9371,12.76,0.097,28.91,73.33,628,Y,6,0
CUST-19374,35,44316,RENT,12.8,PERSONAL,C,4426,12.53,0.1,16.05,58.86,688,N,14,0
CUST-19375,54,53637,RENT,9.2,VENTURE,A,15424,7.81,0.288,7.25,29.37,792,N,32,0
CUST-19376,45,46336,RENT,1.1,EDUCATION,B,11205,10.54,0.242,18.84,38.24,724,N,26,0
CUST-19377,37,79351,MORTGAGE,1.9,DEBTCONSOLIDATION,A,4477,8.45,0.056,13.45,39.53,799,N,17,0
CUST-19378,48,32837,MORTGAGE,3.6,VENTURE,A,7825,,0.238,25.17,51.77,745,N,30,0
CUST-19379,42,15000,RENT,4.2,EDUCATION,D,6613,15.82,0.441,26.7,71.84,626,N,21,1
CUST-19380,33,65024,RENT,1.1,VENTURE,B,20002,10.42,0.308,18.97,79.47,675,N,14,0
CUST-19381,34,88672,OWN,1.3,HOMEIMPROVEMENT,D,11592,17.07,0.131,12.13,54.75,579,N,13,0
CUST-19382,68,64075,RENT,7.1,HOMEIMPROVEMENT,A,1870,6.95,0.029,24.31,32.27,704,N,35,0
CUST-19383,52,33384,RENT,6.6,EDUCATION,B,6071,7.31,0.182,8.98,20.03,712,N,32,0
CUST-19384,44,24809,MORTGAGE,9.1,EDUCATION,A,8914,6.36,0.359,23.01,27.76,753,N,26,0
CUST-19385,40,65953,RENT,13.5,MEDICAL,B,4644,12.2,0.07,7.51,60.87,738,N,19,0
CUST-19386,36,53363,RENT,1.8,EDUCATION,B,6776,12.36,0.127,21.84,47.15,639,N,16,0
CUST-19387,42,45457,RENT,9.8,EDUCATION,A,7345,6.9,0.162,30.78,45.35,759,N,21,0
CUST-19388,62,146309,MORTGAGE,5.5,VENTURE,B,7977,12.66,0.055,4.66,69.31,760,N,35,0
CUST-19389,36,27775,RENT,15.8,PERSONAL,A,12546,7.11,0.452,21.54,36.03,754,N,14,0
CUST-19390,33,142204,OWN,1.6,EDUCATION,D,6429,,0.045,30.3,53.28,642,N,11,0
CUST-19391,48,49964,RENT,1.6,PERSONAL,B,8115,10.13,0.162,26.85,63.59,782,N,30,0
CUST-19392,39,16295,MORTGAGE,6.1,PERSONAL,C,12586,14.37,0.772,39.1,84.27,698,N,17,1
CUST-19393,49,44023,RENT,13.2,EDUCATION,D,8041,15.82,0.183,18.79,51.59,560,Y,29,1
CUST-19394,38,87177,RENT,8.7,VENTURE,A,9845,8.22,0.113,22.16,35.83,739,N,18,0
CUST-19395,58,39378,MORTGAGE,6.5,DEBTCONSOLIDATION,B,16278,10.82,0.413,24.18,47.32,713,N,35,0
CUST-19396,32,20234,RENT,2.4,MEDICAL,A,11040,7.16,0.546,35.09,77.1,748,N,12,1
CUST-19397,37,44413,MORTGAGE,6.3,EDUCATION,A,3573,8.43,0.08,13.35,45.3,796,N,16,0
CUST-19398,42,29310,RENT,8.1,HOMEIMPROVEMENT,A,4128,8.97,0.141,10.12,55.57,749,Y,21,0
CUST-19399,65,65846,RENT,7.0,PERSONAL,B,3701,10.72,0.056,17.79,65.64,698,N,35,1
CUST-19400,52,77966,MORTGAGE,5.6,PERSONAL,B,2377,11.21,0.03,11.44,70.99,738,N,33,0
CUST-19401,58,26010,MORTGAGE,0.2,EDUCATION,A,11040,,0.424,15.85,87.78,701,N,35,0
CUST-19402,59,32096,RENT,5.4,MEDICAL,A,13863,9.17,0.432,17.8,63.2,767,N,35,1
CUST-19403,37,77186,OWN,3.3,HOMEIMPROVEMENT,A,13301,6.86,0.172,19.87,85.15,728,N,19,0
CUST-19404,28,29280,RENT,10.0,DEBTCONSOLIDATION,A,5815,6.47,0.199,18.68,39.17,777,N,6,0
CUST-19405,52,25609,RENT,4.7,MEDICAL,C,3258,14.56,0.127,26.58,72.18,637,N,33,0
CUST-19406,51,24168,RENT,4.7,MEDICAL,C,4868,13.04,0.201,16.66,58.03,668,N,30,0
CUST-19407,36,60549,RENT,18.0,EDUCATION,B,1000,9.67,0.017,41.26,53.73,681,Y,16,1
CUST-19408,38,59011,RENT,0.5,MEDICAL,C,3857,13.15,0.065,16.48,100.0,581,N,19,0
CUST-19409,46,32518,MORTGAGE,1.6,DEBTCONSOLIDATION,B,2751,9.04,0.085,13.56,61.09,713,N,28,0
CUST-19410,25,49170,MORTGAGE,5.3,EDUCATION,B,2248,9.65,0.046,23.69,34.23,655,N,5,1
CUST-19411,54,122550,RENT,1.9,EDUCATION,A,12780,8.73,0.104,18.78,25.96,802,Y,33,0
CUST-19412,56,27325,OWN,2.1,EDUCATION,A,2044,8.9,0.075,5.3,95.91,770,N,35,0
CUST-19413,53,15198,RENT,11.2,MEDICAL,C,4683,13.58,0.308,20.13,92.79,675,N,33,1
CUST-19414,39,64411,RENT,4.3,MEDICAL,F,7495,21.18,0.116,10.96,100.0,520,N,19,1
CUST-19415,44,45878,RENT,0.5,MEDICAL,C,6554,14.0,0.143,27.73,35.8,649,N,25,0
CUST-19416,23,32015,RENT,1.9,VENTURE,A,2659,5.22,0.083,8.01,59.55,667,N,2,1
CUST-19417,29,72493,MORTGAGE,0.4,MEDICAL,A,6045,8.91,0.083,20.65,34.9,764,N,11,0
CUST-19418,29,81107,RENT,4.1,VENTURE,B,5890,10.42,0.073,9.73,45.01,660,N,8,1
CUST-19419,43,15000,MORTGAGE,1.0,HOMEIMPROVEMENT,C,4663,12.26,0.311,36.3,78.27,661,N,23,1
CUST-19420,40,33138,MORTGAGE,9.7,HOMEIMPROVEMENT,A,10570,9.28,0.319,23.32,87.55,712,N,22,0
CUST-19421,30,196911,MORTGAGE,4.3,EDUCATION,C,7438,13.55,0.038,18.85,84.69,672,N,10,0
CUST-19422,46,69566,MORTGAGE,0.3,VENTURE,B,13771,9.99,0.198,29.99,62.18,706,N,25,0
CUST-19423,35,73545,RENT,1.8,VENTURE,C,9587,15.96,0.13,14.29,94.15,604,N,16,0
CUST-19424,45,99085,RENT,4.8,PERSONAL,B,3778,9.87,0.038,11.18,48.28,747,Y,27,0
CUST-19425,49,49525,MORTGAGE,2.0,HOMEIMPROVEMENT,B,10631,11.4,0.215,22.25,30.35,693,N,30,0
CUST-19426,68,79063,RENT,3.6,PERSONAL,A,13298,8.33,0.168,17.48,53.77,719,N,35,0
CUST-19427,35,75420,RENT,12.0,HOMEIMPROVEMENT,C,2346,12.48,0.031,10.29,58.16,686,N,17,1
CUST-19428,26,67739,MORTGAGE,2.2,PERSONAL,D,9047,16.33,0.134,19.88,55.08,591,N,5,1
CUST-19429,35,40408,RENT,2.0,VENTURE,D,4467,16.2,0.111,15.29,58.66,604,N,16,0
CUST-19430,54,54351,MORTGAGE,8.6,PERSONAL,A,19978,5.38,0.368,19.72,44.47,804,N,35,0
CUST-19431,35,34440,RENT,1.9,EDUCATION,C,7357,11.14,0.214,5.02,28.67,664,N,14,0
CUST-19432,59,49399,OWN,0.4,PERSONAL,F,16185,19.39,0.328,35.44,54.56,552,N,35,1
CUST-19433,31,24316,MORTGAGE,1.0,EDUCATION,B,17973,9.96,0.739,21.51,32.18,696,N,9,1
CUST-19434,54,30504,RENT,14.9,DEBTCONSOLIDATION,A,12679,6.31,0.416,18.84,66.88,727,N,33,0
CUST-19435,68,41382,MORTGAGE,13.5,PERSONAL,D,5355,15.38,0.129,18.37,45.0,598,N,35,0
CUST-19436,40,27827,MORTGAGE,1.3,EDUCATION,A,5256,7.0,0.189,31.23,69.79,667,N,22,1
CUST-19437,69,36206,MORTGAGE,4.0,VENTURE,A,7421,7.5,0.205,13.32,44.42,774,N,35,1
CUST-19438,62,44428,MORTGAGE,0.7,PERSONAL,B,11314,10.12,0.255,15.22,45.81,721,N,35,0
CUST-19439,55,62402,MORTGAGE,5.6,PERSONAL,A,10558,6.65,0.169,11.84,63.62,698,N,35,0
CUST-19440,67,86643,RENT,1.0,PERSONAL,A,17440,9.82,0.201,22.92,56.41,763,N,35,0
CUST-19441,36,37113,RENT,0.3,VENTURE,B,6462,10.26,0.174,18.06,95.96,595,Y,16,1
CUST-19442,51,109213,OWN,8.7,DEBTCONSOLIDATION,B,7152,11.7,0.065,12.65,22.74,775,N,29,0
CUST-19443,60,86091,RENT,2.0,HOMEIMPROVEMENT,D,5342,15.02,0.062,6.17,86.37,590,N,35,1
CUST-19444,25,66333,RENT,0.6,DEBTCONSOLIDATION,C,5019,15.1,0.076,8.09,81.1,632,N,7,0
CUST-19445,43,53754,RENT,9.0,MEDICAL,D,7155,15.84,0.133,8.17,84.88,636,N,24,0
CUST-19446,46,59365,MORTGAGE,7.2,DEBTCONSOLIDATION,B,9041,13.86,0.152,10.87,86.27,716,N,25,0
CUST-19447,39,99930,MORTGAGE,5.8,EDUCATION,B,10371,8.93,0.104,26.64,54.69,646,N,21,0
CUST-19448,44,102144,MORTGAGE,12.1,MEDICAL,B,16135,9.22,0.158,5.35,40.68,702,N,25,0
CUST-19449,21,109203,MORTGAGE,3.0,EDUCATION,C,18013,13.27,0.165,7.48,40.16,665,N,1,0
CUST-19450,28,50251,MORTGAGE,0.7,PERSONAL,B,16329,10.07,0.325,17.08,57.32,671,N,8,0
CUST-19451,47,68389,MORTGAGE,0.3,HOMEIMPROVEMENT,A,21779,6.09,0.318,33.54,92.23,778,N,29,0
CUST-19452,57,109768,RENT,1.9,PERSONAL,B,7407,12.27,0.067,9.86,95.59,655,N,35,1
CUST-19453,22,33717,RENT,0.5,VENTURE,B,4103,12.14,0.122,13.81,52.68,721,N,1,0
CUST-19454,39,40495,MORTGAGE,3.8,EDUCATION,A,11804,,0.291,21.73,63.97,698,N,19,1
CUST-19455,25,49494,RENT,0.1,PERSONAL,D,7151,17.71,0.144,20.26,28.01,595,N,6,0
CUST-19456,58,84099,MORTGAGE,2.9,EDUCATION,B,12372,12.21,0.147,14.39,49.42,643,N,35,0
CUST-19457,52,84889,MORTGAGE,1.0,EDUCATION,C,3927,13.49,0.046,15.68,28.67,678,N,32,0
CUST-19458,20,42679,MORTGAGE,2.0,DEBTCONSOLIDATION,A,4133,,0.097,13.86,74.27,794,N,1,0
CUST-19459,56,19827,RENT,5.6,VENTURE,B,14261,12.04,0.719,21.1,44.63,760,N,35,0
CUST-19460,25,56823,RENT,2.2,MEDICAL,E,17476,20.85,0.308,15.36,41.92,556,Y,3,1
CUST-19461,64,28254,MORTGAGE,2.1,PERSONAL,A,5691,6.0,0.201,13.02,40.08,723,N,35,0
CUST-19462,53,20051,RENT,23.4,EDUCATION,B,11171,12.2,0.557,35.99,25.28,735,N,33,0
CUST-19463,66,22963,MORTGAGE,6.3,PERSONAL,B,4728,9.28,0.206,6.16,36.79,702,N,35,0
CUST-19464,34,59624,MORTGAGE,3.6,VENTURE,B,15773,10.95,0.265,27.96,51.59,678,N,12,0
CUST-19465,64,110926,OTHER,4.3,PERSONAL,B,10052,9.52,0.091,26.95,44.04,677,N,35,0
CUST-19466,45,50178,MORTGAGE,4.8,MEDICAL,B,10121,10.7,0.202,12.33,65.85,701,N,23,0
CUST-19467,33,55649,RENT,0.1,VENTURE,C,10709,13.64,0.192,6.07,52.13,693,N,14,0
CUST-19468,26,99681,MORTGAGE,0.4,EDUCATION,B,13172,13.18,0.132,19.64,73.68,663,N,8,0
CUST-19469,65,19405,RENT,5.2,VENTURE,A,3619,5.55,0.186,29.41,61.74,796,N,35,0
CUST-19470,50,66977,RENT,2.3,VENTURE,E,5319,18.58,0.079,13.69,64.64,564,Y,28,1
CUST-19471,43,48681,MORTGAGE,0.3,PERSONAL,A,4152,6.94,0.085,13.09,24.56,793,N,22,0
CUST-19472,50,68846,MORTGAGE,1.8,VENTURE,B,2799,10.89,0.041,14.54,21.62,693,N,32,0
CUST-19473,48,36677,MORTGAGE,0.7,VENTURE,A,15090,7.13,0.411,40.3,46.47,779,N,30,0
CUST-19474,61,30008,RENT,12.4,EDUCATION,E,1422,16.86,0.047,16.64,60.2,541,N,35,1
CUST-19475,51,53332,MORTGAGE,1.1,PERSONAL,E,15502,20.38,0.291,25.02,78.34,585,Y,31,1
CUST-19476,36,131862,RENT,0.8,EDUCATION,B,8600,12.1,0.065,30.48,59.96,723,N,16,0
CUST-19477,33,82170,MORTGAGE,4.9,DEBTCONSOLIDATION,A,4309,8.02,0.052,4.93,47.87,685,N,15,0
CUST-19478,59,36148,MORTGAGE,3.7,EDUCATION,C,4448,12.95,0.123,35.74,34.67,707,N,35,0
CUST-19479,55,21925,RENT,4.3,PERSONAL,A,12045,7.75,0.549,32.1,27.24,699,N,35,0
CUST-19480,67,17867,RENT,2.9,PERSONAL,C,6377,12.04,0.357,23.32,24.06,688,N,35,0
CUST-19481,43,107975,RENT,3.1,PERSONAL,E,4820,20.77,0.045,4.82,100.0,553,N,21,1
CUST-19482,64,27638,OWN,7.5,PERSONAL,B,12110,11.1,0.438,13.25,46.86,727,N,35,0
CUST-19483,46,40323,MORTGAGE,1.2,MEDICAL,D,2285,15.86,0.057,16.31,40.0,625,N,27,0
CUST-19484,44,108307,MORTGAGE,2.5,EDUCATION,A,8820,7.6,0.081,23.8,37.91,738,N,26,0
CUST-19485,51,18613,RENT,15.8,HOMEIMPROVEMENT,E,8779,20.74,0.472,19.98,96.92,539,Y,31,1
CUST-19486,37,120013,MORTGAGE,1.1,HOMEIMPROVEMENT,A,12349,8.9,0.103,27.14,22.51,741,N,15,0
CUST-19487,65,42100,RENT,1.7,MEDICAL,A,18112,7.41,0.43,26.89,18.52,733,N,35,0
CUST-19488,37,24608,MORTGAGE,1.1,HOMEIMPROVEMENT,D,8622,19.08,0.35,13.17,72.91,623,N,15,1
CUST-19489,56,42259,RENT,0.1,MEDICAL,B,5765,12.14,0.136,19.86,68.17,703,N,35,0
CUST-19490,45,31775,MORTGAGE,1.6,VENTURE,C,5908,14.13,0.186,25.53,85.55,622,N,27,1
CUST-19491,28,63862,MORTGAGE,0.2,PERSONAL,D,12011,16.03,0.188,10.94,70.33,567,Y,9,0
CUST-19492,54,33227,RENT,0.8,PERSONAL,C,9490,13.06,0.286,28.47,59.5,636,N,34,0
CUST-19493,27,15568,MORTGAGE,2.3,PERSONAL,A,8603,7.74,0.553,27.06,46.77,747,N,5,0
CUST-19494,39,42944,MORTGAGE,0.1,EDUCATION,C,14923,13.37,0.347,18.29,67.16,624,N,19,1
CUST-19495,61,21721,RENT,7.0,VENTURE,A,4483,9.54,0.206,15.97,64.29,763,N,35,0
CUST-19496,41,55414,RENT,7.9,PERSONAL,A,5971,6.38,0.108,20.07,36.52,742,N,23,0
CUST-19497,38,24045,MORTGAGE,2.7,PERSONAL,C,10219,14.11,0.425,37.85,40.53,684,N,20,0
CUST-19498,49,36577,MORTGAGE,20.9,DEBTCONSOLIDATION,D,9142,14.1,0.25,11.6,67.73,623,N,30,0
CUST-19499,47,54696,MORTGAGE,5.7,VENTURE,C,7221,13.95,0.132,16.3,60.83,671,N,29,1
CUST-19500,54,43153,MORTGAGE,6.8,MEDICAL,B,6956,11.55,0.161,11.99,57.2,680,N,33,0
CUST-19501,62,56968,RENT,1.1,PERSONAL,D,13905,18.23,0.244,31.96,72.5,655,N,35,1
CUST-19502,30,73730,RENT,9.1,HOMEIMPROVEMENT,F,27544,21.29,0.374,11.19,49.7,539,N,9,0
CUST-19503,50,24470,RENT,14.5,PERSONAL,B,1683,9.65,0.069,10.77,52.07,746,N,29,0
CUST-19504,68,47162,MORTGAGE,1.3,VENTURE,A,3948,8.73,0.084,2.88,35.65,781,N,35,0
CUST-19505,67,15000,OWN,5.8,VENTURE,A,4261,8.93,0.284,20.54,50.58,743,N,35,0
CUST-19506,58,56862,RENT,6.9,EDUCATION,B,1000,10.23,0.018,8.82,49.1,679,N,35,0
CUST-19507,55,40925,MORTGAGE,1.8,DEBTCONSOLIDATION,A,10599,5.15,0.259,6.67,56.58,754,Y,35,0
CUST-19508,49,27171,MORTGAGE,3.2,PERSONAL,B,9339,9.23,0.344,18.84,54.25,690,N,30,0
CUST-19509,42,59244,RENT,0.5,HOMEIMPROVEMENT,C,13311,13.39,0.225,29.78,36.48,625,N,21,0
CUST-19510,38,99073,MORTGAGE,1.0,MEDICAL,B,25176,8.8,0.254,22.59,26.23,663,N,17,0
CUST-19511,31,36841,MORTGAGE,0.3,VENTURE,F,9597,22.87,0.26,16.3,44.81,597,N,10,0
CUST-19512,34,27808,RENT,4.1,DEBTCONSOLIDATION,B,10347,9.57,0.372,33.18,91.69,653,N,16,1
CUST-19513,50,54123,OWN,4.9,MEDICAL,A,10261,7.41,0.19,22.33,70.29,683,N,28,0
CUST-19514,62,21996,RENT,12.4,HOMEIMPROVEMENT,B,12041,11.81,0.547,29.83,85.69,713,Y,35,1
CUST-19515,56,32983,RENT,3.9,PERSONAL,E,2731,19.94,0.083,6.61,64.14,545,N,35,1
CUST-19516,56,102072,RENT,1.5,HOMEIMPROVEMENT,A,10891,,0.107,16.72,63.03,740,Y,34,0
CUST-19517,34,50884,MORTGAGE,0.3,VENTURE,A,18097,9.18,0.356,13.3,38.4,702,N,12,0
CUST-19518,48,15872,RENT,10.8,DEBTCONSOLIDATION,C,21484,12.25,1.354,53.0,50.36,664,N,28,1
CUST-19519,69,16677,MORTGAGE,3.3,DEBTCONSOLIDATION,A,4314,8.21,0.259,6.13,80.28,760,N,35,0
CUST-19520,62,54027,MORTGAGE,6.7,EDUCATION,C,40000,13.68,0.74,25.41,55.1,683,N,35,1
CUST-19521,45,82243,MORTGAGE,0.1,MEDICAL,B,9255,11.92,0.113,7.87,100.0,719,Y,24,1
CUST-19522,63,18572,MORTGAGE,3.3,DEBTCONSOLIDATION,C,2879,14.13,0.155,12.8,46.3,640,N,35,0
CUST-19523,21,64204,RENT,2.0,VENTURE,B,3008,9.9,0.047,12.21,75.05,644,N,1,1
CUST-19524,39,108902,MORTGAGE,0.2,MEDICAL,A,21090,8.07,0.194,18.35,47.89,722,N,21,0
CUST-19525,34,152164,RENT,7.5,PERSONAL,B,3868,10.06,0.025,5.18,87.41,670,N,15,0
CUST-19526,23,59798,MORTGAGE,3.6,EDUCATION,B,3116,,0.052,18.29,34.05,661,N,4,0
CUST-19527,41,66441,MORTGAGE,2.0,VENTURE,D,3216,16.37,0.048,20.17,29.99,655,N,21,0
CUST-19528,69,15000,OWN,,HOMEIMPROVEMENT,C,7739,13.8,0.516,35.99,40.39,699,N,35,1
CUST-19529,57,172793,RENT,3.0,MEDICAL,C,23392,15.06,0.135,10.3,54.01,632,Y,35,1
CUST-19530,42,34707,MORTGAGE,0.0,PERSONAL,B,1524,9.9,0.044,18.2,63.17,728,Y,23,0
CUST-19531,45,27998,RENT,14.5,VENTURE,C,10247,11.2,0.366,31.79,57.75,659,N,26,0
CUST-19532,30,42061,RENT,1.5,DEBTCONSOLIDATION,A,8657,7.26,0.206,7.39,53.62,730,N,8,0
CUST-19533,47,121419,RENT,8.9,MEDICAL,A,13752,7.81,0.113,6.56,43.44,753,N,29,0
CUST-19534,21,184393,RENT,3.0,DEBTCONSOLIDATION,A,8201,7.72,0.044,6.08,35.69,681,N,3,0
CUST-19535,27,52851,MORTGAGE,0.9,EDUCATION,C,16938,13.2,0.32,22.43,55.01,595,N,9,1
CUST-19536,48,89219,MORTGAGE,3.2,HOMEIMPROVEMENT,B,18612,11.64,0.209,11.6,39.7,715,N,27,0
CUST-19537,30,50308,RENT,0.2,HOMEIMPROVEMENT,B,13291,10.87,0.264,37.21,79.22,733,N,12,1
CUST-19538,56,26299,MORTGAGE,2.2,DEBTCONSOLIDATION,D,16513,17.22,0.628,24.52,100.0,642,N,34,1
CUST-19539,37,118900,RENT,6.6,HOMEIMPROVEMENT,B,15945,8.3,0.134,17.17,75.25,663,N,18,1
CUST-19540,69,33749,MORTGAGE,1.4,EDUCATION,B,3545,10.29,0.105,14.28,67.67,731,N,35,0
CUST-19541,33,123169,MORTGAGE,0.6,DEBTCONSOLIDATION,F,9441,21.83,0.077,19.94,100.0,553,N,14,1
CUST-19542,29,106843,MORTGAGE,3.5,VENTURE,B,2943,12.52,0.028,18.56,78.52,716,N,11,0
CUST-19543,54,70857,RENT,3.8,PERSONAL,C,11222,13.37,0.158,13.53,74.05,645,N,35,0
CUST-19544,28,146882,MORTGAGE,5.6,PERSONAL,B,6924,9.71,0.047,11.34,41.09,682,N,8,0
CUST-19545,54,187101,RENT,7.1,EDUCATION,A,7243,6.64,0.039,21.11,53.31,776,Y,34,0
CUST-19546,30,44128,MORTGAGE,6.0,HOMEIMPROVEMENT,D,13960,17.68,0.316,11.11,67.46,638,N,10,0
CUST-19547,63,30173,MORTGAGE,9.3,VENTURE,E,12260,18.8,0.406,30.29,42.18,563,Y,35,1
CUST-19548,31,16017,MORTGAGE,1.3,MEDICAL,B,11600,9.48,0.724,21.75,72.34,715,N,11,1
CUST-19549,22,188491,RENT,4.0,PERSONAL,B,4852,11.6,0.026,10.86,31.55,716,N,1,0
CUST-19550,58,37653,MORTGAGE,2.2,MEDICAL,B,9041,10.97,0.24,24.49,55.8,696,N,35,0
CUST-19551,33,96860,MORTGAGE,15.0,PERSONAL,G,4188,24.22,0.043,14.71,86.78,476,Y,12,1
CUST-19552,47,31421,MORTGAGE,2.9,MEDICAL,D,6329,14.91,0.201,13.57,69.85,612,Y,25,1
CUST-19553,30,123371,MORTGAGE,12.0,DEBTCONSOLIDATION,A,6933,8.17,0.056,6.8,38.42,780,N,11,0
CUST-19554,58,32206,OWN,7.3,HOMEIMPROVEMENT,C,6735,14.49,0.209,12.19,89.39,620,N,35,1
CUST-19555,44,23979,MORTGAGE,6.3,EDUCATION,B,14054,9.36,0.586,19.14,57.99,741,N,24,0
CUST-19556,40,43256,RENT,3.4,MEDICAL,A,16764,7.94,0.388,39.61,87.4,724,N,22,0
CUST-19557,29,35629,MORTGAGE,2.9,MEDICAL,B,6131,10.38,0.172,25.06,46.04,764,N,7,0
CUST-19558,62,70107,RENT,3.7,PERSONAL,A,8889,6.44,0.127,6.13,80.42,778,N,35,0
CUST-19559,34,47532,MORTGAGE,1.7,DEBTCONSOLIDATION,D,7777,15.97,0.164,6.51,62.28,595,N,14,0
CUST-19560,38,71440,OWN,11.7,MEDICAL,A,2952,7.44,0.041,20.73,63.33,703,N,18,0
CUST-19561,67,41166,RENT,7.9,MEDICAL,D,8665,14.92,0.21,20.44,61.07,591,N,35,1
CUST-19562,41,32890,MORTGAGE,8.1,VENTURE,E,5671,20.18,0.172,21.99,100.0,559,Y,19,1
CUST-19563,40,34539,MORTGAGE,2.8,PERSONAL,A,9819,6.65,0.284,6.72,76.44,738,N,21,0
CUST-19564,63,167202,MORTGAGE,0.4,EDUCATION,C,11928,12.7,0.071,10.92,59.12,626,N,35,1
CUST-19565,51,56111,RENT,5.7,PERSONAL,B,3296,11.11,0.059,11.12,65.13,701,N,31,0
CUST-19566,69,15000,RENT,2.3,EDUCATION,E,6534,18.96,0.436,12.52,63.17,567,N,35,0
CUST-19567,42,35877,OWN,10.2,PERSONAL,C,19532,,0.544,15.24,64.62,622,N,24,0
CUST-19568,32,51954,RENT,7.6,DEBTCONSOLIDATION,C,8209,13.37,0.158,23.32,73.82,687,N,10,0
CUST-19569,24,148336,MORTGAGE,0.8,VENTURE,E,10149,18.57,0.068,8.64,51.59,609,Y,4,1
CUST-19570,23,90873,RENT,4.6,HOMEIMPROVEMENT,A,2733,6.88,0.03,9.82,37.01,751,N,4,1
CUST-19571,47,28196,RENT,5.9,HOMEIMPROVEMENT,B,16671,10.48,0.591,36.84,24.02,733,N,27,0
CUST-19572,33,209193,MORTGAGE,4.2,VENTURE,D,6936,16.48,0.033,13.84,100.0,632,N,12,0
CUST-19573,27,48112,RENT,3.6,EDUCATION,A,4615,8.13,0.096,8.33,74.79,729,N,7,0
CUST-19574,28,103548,OTHER,1.3,VENTURE,E,3060,20.19,0.03,16.84,35.29,585,Y,8,1
CUST-19575,54,24513,MORTGAGE,1.3,PERSONAL,C,15568,14.96,0.635,24.68,78.52,619,Y,34,1
CUST-19576,56,15000,MORTGAGE,7.3,PERSONAL,B,11520,8.69,0.768,17.89,49.44,667,N,34,0
CUST-19577,40,21056,RENT,0.1,VENTURE,B,19939,11.6,0.947,24.07,78.41,721,N,22,1
CUST-19578,37,15000,OWN,7.5,VENTURE,A,3556,7.09,0.237,6.61,44.46,768,N,17,0
CUST-19579,52,174077,RENT,3.7,PERSONAL,A,4844,8.29,0.028,11.07,61.51,766,N,32,0
CUST-19580,27,55754,MORTGAGE,9.0,EDUCATION,B,11703,10.91,0.21,23.04,43.51,705,N,7,0
CUST-19581,68,28147,RENT,29.6,PERSONAL,D,11875,15.81,0.422,33.72,83.26,550,Y,35,0
CUST-19582,36,64316,RENT,5.4,VENTURE,B,6644,12.32,0.103,15.75,50.63,648,N,16,1
CUST-19583,62,54918,MORTGAGE,2.7,DEBTCONSOLIDATION,B,4175,11.41,0.076,15.6,44.2,713,N,35,0
CUST-19584,50,71151,MORTGAGE,3.2,VENTURE,B,13191,11.0,0.185,30.99,52.9,726,Y,28,1
CUST-19585,53,101287,RENT,1.1,HOMEIMPROVEMENT,A,12006,10.13,0.119,7.35,55.01,725,N,31,0
CUST-19586,25,41193,MORTGAGE,0.5,MEDICAL,G,8752,23.33,0.212,13.22,55.76,559,Y,5,1
CUST-19587,41,28914,MORTGAGE,4.3,PERSONAL,A,4913,7.53,0.17,17.29,42.58,728,N,22,0
CUST-19588,33,80552,RENT,8.2,VENTURE,B,5384,,0.067,28.17,38.87,742,N,12,0
CUST-19589,22,79332,RENT,1.5,EDUCATION,C,2693,,0.034,17.24,49.45,592,Y,1,1
CUST-19590,31,52075,RENT,2.7,EDUCATION,B,6111,9.7,0.117,9.1,35.05,671,N,12,0
CUST-19591,55,181050,RENT,4.0,VENTURE,B,9517,11.7,0.053,10.86,84.67,712,N,34,0
CUST-19592,31,37695,RENT,11.9,DEBTCONSOLIDATION,G,20049,23.9,0.532,30.81,45.55,489,Y,9,1
CUST-19593,64,28569,RENT,0.7,MEDICAL,B,11530,11.55,0.404,15.22,71.53,729,N,35,0
CUST-19594,21,62997,MORTGAGE,1.4,DEBTCONSOLIDATION,A,9447,6.74,0.15,13.06,49.92,759,N,1,0
CUST-19595,21,32696,RENT,3.0,MEDICAL,D,7801,18.92,0.239,9.06,42.01,660,N,3,0
CUST-19596,34,65993,MORTGAGE,0.2,PERSONAL,A,2048,5.0,0.031,20.69,54.7,733,N,15,0
CUST-19597,42,29738,OTHER,5.3,MEDICAL,B,10730,11.71,0.361,21.5,44.41,662,N,24,1
CUST-19598,48,38555,OWN,5.1,HOMEIMPROVEMENT,D,11471,16.8,0.298,10.8,58.42,602,Y,29,1
CUST-19599,36,152436,MORTGAGE,2.4,MEDICAL,F,2759,20.16,0.018,2.46,55.78,516,N,17,0
CUST-19600,51,38432,RENT,3.2,VENTURE,B,13809,10.23,0.359,25.09,82.09,677,N,32,1
CUST-19601,26,30354,RENT,8.0,MEDICAL,A,13372,5.19,0.441,45.66,35.66,720,N,4,0
CUST-19602,49,98953,MORTGAGE,0.9,MEDICAL,B,11622,10.92,0.117,9.67,55.65,650,N,27,0
CUST-19603,47,26091,RENT,1.3,EDUCATION,E,4053,18.78,0.155,25.06,49.62,615,N,28,0
CUST-19604,33,32345,RENT,3.6,EDUCATION,C,6219,11.16,0.192,15.57,47.67,598,N,13,0
CUST-19605,63,69281,MORTGAGE,2.6,EDUCATION,B,6833,10.7,0.099,8.71,75.72,697,N,35,0
CUST-19606,49,86081,RENT,4.3,MEDICAL,B,13703,10.67,0.159,16.8,100.0,705,N,29,0
CUST-19607,36,101954,MORTGAGE,12.7,HOMEIMPROVEMENT,B,1657,13.03,0.016,7.95,39.25,713,N,14,0
CUST-19608,51,31309,MORTGAGE,12.5,HOMEIMPROVEMENT,D,9473,17.49,0.303,14.85,31.4,608,N,32,0
CUST-19609,65,70094,MORTGAGE,1.3,PERSONAL,B,4196,7.64,0.06,4.3,47.4,650,N,35,0
CUST-19610,25,37061,MORTGAGE,1.8,MEDICAL,A,18670,6.87,0.504,22.84,38.5,722,N,4,1
CUST-19611,43,34084,RENT,0.9,EDUCATION,B,22946,11.83,0.673,43.03,75.42,698,N,25,1
CUST-19612,25,100904,MORTGAGE,7.0,MEDICAL,B,4270,8.55,0.042,11.66,56.97,700,N,7,0
CUST-19613,46,35251,RENT,2.5,VENTURE,B,4931,9.57,0.14,23.21,95.0,658,N,26,1
CUST-19614,37,57926,MORTGAGE,3.0,EDUCATION,A,9604,7.5,0.166,8.42,38.97,772,N,18,0
CUST-19615,43,53817,RENT,8.1,DEBTCONSOLIDATION,B,20292,9.87,0.377,11.06,32.3,668,N,21,1
CUST-19616,56,25784,MORTGAGE,3.6,DEBTCONSOLIDATION,D,7230,,0.28,11.91,45.46,669,N,35,0
CUST-19617,43,87522,OWN,0.6,PERSONAL,B,14307,10.72,0.163,15.5,55.66,633,N,23,0
CUST-19618,57,68608,RENT,2.9,VENTURE,F,4395,22.04,0.064,10.73,40.43,549,Y,35,1
CUST-19619,53,15000,RENT,5.0,PERSONAL,C,18717,12.4,1.248,32.13,29.82,655,N,32,1
CUST-19620,59,57898,RENT,6.4,PERSONAL,B,11198,9.18,0.193,20.37,77.96,694,N,35,1
CUST-19621,66,30829,RENT,5.2,DEBTCONSOLIDATION,A,5718,7.62,0.185,21.07,13.78,772,N,35,0
CUST-19622,34,94678,RENT,0.6,VENTURE,C,4665,13.4,0.049,15.26,36.4,625,N,13,0
CUST-19623,30,20594,MORTGAGE,1.8,EDUCATION,B,6276,9.04,0.305,24.24,35.74,689,N,12,1
CUST-19624,41,39581,RENT,6.6,VENTURE,E,16201,19.78,0.409,12.82,76.47,532,Y,23,1
CUST-19625,43,60913,MORTGAGE,10.6,HOMEIMPROVEMENT,A,9837,7.57,0.161,24.31,64.47,797,N,25,0
CUST-19626,20,50645,MORTGAGE,0.2,HOMEIMPROVEMENT,A,4699,7.13,0.093,16.52,31.73,731,N,1,0
CUST-19627,37,77479,RENT,0.2,PERSONAL,A,6464,8.93,0.083,7.24,43.91,730,N,18,0
CUST-19628,63,19711,RENT,5.2,HOMEIMPROVEMENT,B,10004,,0.508,19.58,64.88,746,N,35,0
CUST-19629,31,132078,MORTGAGE,4.0,HOMEIMPROVEMENT,D,2378,16.21,0.018,16.66,66.39,550,Y,13,0
CUST-19630,62,67177,MORTGAGE,0.8,MEDICAL,A,9502,8.86,0.141,17.77,47.12,808,N,35,0
CUST-19631,47,110838,RENT,4.0,MEDICAL,B,5429,10.32,0.049,9.51,81.95,696,N,29,0
CUST-19632,59,82829,RENT,18.3,PERSONAL,A,3248,7.02,0.039,30.92,32.09,785,N,35,0
CUST-19633,26,48680,RENT,5.0,EDUCATION,B,19663,9.1,0.404,28.36,81.36,718,N,8,1
CUST-19634,42,22685,RENT,3.0,MEDICAL,A,9566,7.57,0.422,17.35,58.16,682,N,24,0
CUST-19635,40,34956,RENT,8.8,HOMEIMPROVEMENT,B,6511,11.62,0.186,23.97,65.59,723,N,19,0
CUST-19636,53,127228,MORTGAGE,1.2,HOMEIMPROVEMENT,B,5254,10.0,0.041,24.41,61.26,663,N,34,0
CUST-19637,30,112562,MORTGAGE,2.7,MEDICAL,A,7107,5.9,0.063,15.21,41.91,741,N,12,0
CUST-19638,41,33800,RENT,3.8,HOMEIMPROVEMENT,C,7054,14.71,0.209,9.27,62.48,709,Y,21,0
CUST-19639,61,15000,MORTGAGE,3.5,VENTURE,B,12942,11.76,0.863,29.52,80.72,680,N,35,1
CUST-19640,54,43147,RENT,12.7,MEDICAL,C,3800,14.2,0.088,3.49,86.65,689,N,35,0
CUST-19641,48,41248,MORTGAGE,1.7,EDUCATION,B,6470,10.62,0.157,8.7,50.94,666,N,29,0
CUST-19642,61,42198,MORTGAGE,0.3,EDUCATION,C,16944,14.0,0.402,15.5,81.41,702,N,35,1
CUST-19643,47,67314,OWN,12.4,PERSONAL,B,6570,8.64,0.098,17.5,69.44,696,N,25,0
CUST-19644,37,82927,RENT,1.2,PERSONAL,E,11953,,0.144,6.03,35.94,585,N,16,1
CUST-19645,33,88803,RENT,2.4,PERSONAL,E,9859,20.31,0.111,21.91,53.93,567,N,14,0
CUST-19646,37,64050,MORTGAGE,3.8,VENTURE,C,14788,13.91,0.231,36.19,54.91,651,Y,19,1
CUST-19647,47,16639,RENT,18.6,PERSONAL,E,2700,20.58,0.162,9.81,47.59,523,N,29,0
CUST-19648,43,39945,RENT,3.8,EDUCATION,E,6749,21.34,0.169,26.1,63.41,552,Y,22,1
CUST-19649,27,195331,RENT,3.0,DEBTCONSOLIDATION,A,13868,6.02,0.071,33.81,48.66,725,N,8,0
CUST-19650,61,61361,MORTGAGE,4.4,HOMEIMPROVEMENT,G,11097,25.08,0.181,9.7,75.2,454,N,35,1
CUST-19651,64,61125,RENT,17.7,VENTURE,A,12463,7.19,0.204,7.64,34.86,753,N,35,1
CUST-19652,27,60821,OTHER,8.5,EDUCATION,A,8477,6.96,0.139,5.97,45.78,799,N,7,0
CUST-19653,23,62895,RENT,0.9,VENTURE,F,1790,24.97,0.028,13.43,64.87,499,Y,5,1
CUST-19654,46,15000,RENT,8.1,MEDICAL,A,2653,5.62,0.177,30.07,28.59,809,N,25,1
CUST-19655,55,42458,MORTGAGE,9.2,VENTURE,B,5171,10.28,0.122,5.71,42.93,695,N,34,0
CUST-19656,24,47918,RENT,5.9,MEDICAL,F,13353,21.72,0.279,19.42,63.77,514,Y,6,0
CUST-19657,52,105756,MORTGAGE,5.4,MEDICAL,A,5909,7.56,0.056,24.86,52.44,741,N,31,0
CUST-19658,68,50443,MORTGAGE,2.9,DEBTCONSOLIDATION,A,16115,,0.319,31.99,55.27,829,N,35,0
CUST-19659,53,18253,RENT,5.1,EDUCATION,B,10185,9.32,0.558,31.65,82.44,713,N,32,1
CUST-19660,49,63452,MORTGAGE,6.7,EDUCATION,C,16964,13.56,0.267,12.66,57.32,663,N,28,0
CUST-19661,27,30263,RENT,0.7,MEDICAL,D,8417,14.83,0.278,13.17,89.42,631,N,6,0
CUST-19662,58,23621,OWN,1.5,MEDICAL,D,2093,17.64,0.089,4.26,78.97,564,Y,35,0
CUST-19663,66,29717,MORTGAGE,1.1,PERSONAL,A,11569,8.2,0.389,13.43,15.16,789,N,35,0
CUST-19664,45,67880,RENT,9.2,HOMEIMPROVEMENT,B,9100,8.6,0.134,6.69,56.59,671,N,23,0
CUST-19665,56,104324,RENT,5.7,MEDICAL,C,1698,13.22,0.016,8.82,75.18,617,Y,35,1
CUST-19666,53,65496,RENT,3.0,EDUCATION,C,13228,13.95,0.202,20.37,52.4,634,N,34,1
CUST-19667,26,71626,RENT,8.0,VENTURE,B,8984,,0.125,30.15,81.21,692,N,7,0
CUST-19668,59,65109,MORTGAGE,6.3,HOMEIMPROVEMENT,B,11442,8.61,0.176,13.87,47.49,700,N,35,0
CUST-19669,47,52093,RENT,12.2,DEBTCONSOLIDATION,B,12185,9.35,0.234,10.4,45.69,689,N,26,0
CUST-19670,58,74470,OWN,0.4,PERSONAL,D,22276,19.72,0.299,25.53,72.44,591,N,35,0
CUST-19671,58,15000,RENT,3.6,EDUCATION,D,3714,17.81,0.248,30.88,45.62,587,N,35,0
CUST-19672,47,52399,RENT,6.1,PERSONAL,A,3863,6.77,0.074,4.15,33.92,751,Y,26,1
CUST-19673,33,26187,RENT,1.2,HOMEIMPROVEMENT,B,15161,8.9,0.579,21.12,67.15,638,N,12,1
CUST-19674,69,98493,RENT,2.0,MEDICAL,B,3931,9.51,0.04,7.48,85.83,701,N,35,0
CUST-19675,57,44878,MORTGAGE,2.7,HOMEIMPROVEMENT,F,1227,23.83,0.027,11.0,61.14,575,Y,35,0
CUST-19676,23,49939,MORTGAGE,5.0,DEBTCONSOLIDATION,E,10454,21.94,0.209,11.52,45.27,581,Y,2,0
CUST-19677,61,19869,RENT,3.4,MEDICAL,C,10108,12.53,0.509,20.35,52.4,676,N,35,1
CUST-19678,37,90228,MORTGAGE,3.4,PERSONAL,A,8536,7.87,0.095,8.48,69.0,798,N,18,0
CUST-19679,63,71424,MORTGAGE,2.8,EDUCATION,A,6504,7.19,0.091,9.81,27.92,772,Y,35,0
CUST-19680,67,68471,MORTGAGE,1.3,PERSONAL,B,1159,12.02,0.017,13.97,27.08,680,N,35,0
CUST-19681,44,30097,MORTGAGE,12.8,HOMEIMPROVEMENT,E,9621,18.19,0.32,28.15,74.56,553,N,22,1
CUST-19682,26,30816,MORTGAGE,1.9,PERSONAL,A,15885,8.67,0.515,30.5,86.98,754,N,5,1
CUST-19683,57,56058,MORTGAGE,4.2,MEDICAL,C,2354,11.89,0.042,7.3,71.32,607,Y,35,0
CUST-19684,47,32315,RENT,0.8,PERSONAL,A,5103,8.64,0.158,25.44,16.24,838,N,28,0
CUST-19685,24,63636,RENT,2.8,PERSONAL,B,13769,9.48,0.216,32.2,90.7,700,N,5,0
CUST-19686,22,15000,MORTGAGE,4.0,EDUCATION,C,4958,13.12,0.331,14.95,67.69,702,N,2,0
CUST-19687,63,36587,OWN,27.0,MEDICAL,C,8724,12.73,0.238,17.99,45.97,644,N,35,0
CUST-19688,50,144069,MORTGAGE,2.2,PERSONAL,C,1684,15.85,0.012,18.17,75.83,652,N,32,0
CUST-19689,66,63811,OWN,0.8,VENTURE,D,7741,17.69,0.121,26.12,69.34,608,Y,35,1
CUST-19690,61,54180,RENT,1.9,VENTURE,B,2645,10.01,0.049,21.09,46.27,745,N,35,0
CUST-19691,39,161318,MORTGAGE,2.0,DEBTCONSOLIDATION,B,6692,9.51,0.041,8.16,32.98,787,N,19,0
CUST-19692,38,15000,MORTGAGE,5.2,HOMEIMPROVEMENT,D,4569,18.08,0.305,35.43,79.77,559,N,19,1
CUST-19693,67,30055,MORTGAGE,3.4,MEDICAL,A,5089,5.0,0.169,23.38,73.03,741,N,35,0
CUST-19694,30,38533,MORTGAGE,7.3,HOMEIMPROVEMENT,B,6242,11.08,0.162,41.43,40.9,715,N,9,0
CUST-19695,59,82043,RENT,6.0,EDUCATION,E,5236,18.35,0.064,8.66,84.15,509,N,35,0
CUST-19696,22,82900,RENT,1.4,MEDICAL,D,22945,,0.277,7.29,46.79,588,N,3,0
CUST-19697,42,29155,OWN,7.7,EDUCATION,D,9827,19.78,0.337,16.81,61.72,625,N,21,1
CUST-19698,26,89212,RENT,8.0,EDUCATION,A,14170,,0.159,27.21,57.19,733,N,4,0
CUST-19699,42,38484,RENT,4.6,VENTURE,D,15540,16.06,0.404,23.28,57.73,611,Y,20,1
CUST-19700,26,101415,RENT,8.0,EDUCATION,E,9340,19.58,0.092,5.35,83.89,588,N,8,1
CUST-19701,65,26381,RENT,7.6,EDUCATION,C,7884,12.75,0.299,11.59,50.47,632,N,35,0
CUST-19702,53,45524,MORTGAGE,4.5,EDUCATION,A,5677,6.55,0.125,8.16,58.72,716,N,32,0
CUST-19703,61,36530,MORTGAGE,11.8,HOMEIMPROVEMENT,B,14276,10.78,0.391,38.47,57.75,665,N,35,0
CUST-19704,38,92375,OWN,4.6,PERSONAL,C,7091,14.25,0.077,13.29,88.31,572,N,20,0
CUST-19705,28,35822,RENT,3.7,EDUCATION,D,3988,16.66,0.111,7.65,83.01,629,N,6,0
CUST-19706,67,47788,MORTGAGE,2.2,HOMEIMPROVEMENT,B,2777,10.85,0.058,19.81,51.3,694,N,35,0
CUST-19707,37,66442,OWN,10.7,PERSONAL,B,6753,9.74,0.102,23.0,94.93,742,Y,15,0
CUST-19708,60,67992,OTHER,0.7,DEBTCONSOLIDATION,C,8458,12.38,0.124,28.97,33.42,673,N,35,0
CUST-19709,67,83464,OWN,3.2,HOMEIMPROVEMENT,C,18267,12.37,0.219,19.18,73.86,653,N,35,1
CUST-19710,64,55640,MORTGAGE,3.9,EDUCATION,B,7702,11.43,0.138,9.23,73.75,713,N,35,0
CUST-19711,61,38141,RENT,4.0,VENTURE,B,6956,10.6,0.182,38.45,92.13,639,N,35,0
CUST-19712,44,39742,RENT,5.3,DEBTCONSOLIDATION,C,7945,13.74,0.2,10.38,63.84,663,N,23,0
CUST-19713,33,49781,MORTGAGE,3.5,MEDICAL,A,2390,7.91,0.048,21.03,41.78,743,N,11,0
CUST-19714,63,56940,MORTGAGE,1.5,PERSONAL,A,8471,7.43,0.149,6.96,75.95,725,N,35,0
CUST-19715,44,44877,MORTGAGE,9.7,HOMEIMPROVEMENT,B,9677,10.63,0.216,16.79,26.59,685,N,26,0
CUST-19716,38,49588,RENT,5.4,PERSONAL,A,6764,9.05,0.136,18.23,78.38,773,N,19,0
CUST-19717,58,19725,MORTGAGE,9.8,EDUCATION,C,5297,14.43,0.269,12.92,86.86,630,N,35,1
CUST-19718,34,73160,RENT,1.6,HOMEIMPROVEMENT,C,4851,13.29,0.066,16.96,52.02,642,N,12,0
CUST-19719,35,54647,RENT,5.1,EDUCATION,C,8775,12.93,0.161,15.52,92.3,670,N,13,0
CUST-19720,46,89422,RENT,6.3,VENTURE,D,4753,17.73,0.053,4.42,79.96,601,N,24,0
CUST-19721,59,49025,OWN,2.4,MEDICAL,A,6505,7.9,0.133,21.4,22.83,756,N,35,0
CUST-19722,29,17274,RENT,8.4,VENTURE,A,12526,7.13,0.725,31.96,42.83,746,N,8,0
CUST-19723,23,39534,MORTGAGE,0.0,EDUCATION,A,14319,5.95,0.362,22.75,59.62,789,N,5,0
CUST-19724,38,43479,RENT,4.5,EDUCATION,C,3708,15.53,0.085,18.48,70.67,656,N,19,0
CUST-19725,47,76553,MORTGAGE,4.8,EDUCATION,B,5217,,0.068,10.05,28.95,643,N,26,0
CUST-19726,40,15000,MORTGAGE,3.8,EDUCATION,A,3540,7.84,0.236,15.97,31.44,778,N,20,0
CUST-19727,66,50247,OWN,5.0,EDUCATION,A,6396,9.69,0.127,7.24,39.11,727,N,35,0
CUST-19728,33,66716,RENT,0.9,EDUCATION,D,10992,16.09,0.165,21.39,70.77,592,N,14,0
CUST-19729,52,32961,RENT,5.8,DEBTCONSOLIDATION,C,5818,13.45,0.177,19.06,69.75,642,N,34,0
CUST-19730,67,51265,MORTGAGE,2.0,MEDICAL,B,8344,11.52,0.163,12.53,76.82,777,N,35,1
CUST-19731,29,33650,RENT,3.0,MEDICAL,F,7547,20.57,0.224,11.1,73.46,548,N,10,1
CUST-19732,38,31642,RENT,,MEDICAL,D,8596,14.5,0.272,8.63,60.02,677,N,20,0
CUST-19733,49,38366,MORTGAGE,3.2,DEBTCONSOLIDATION,A,11237,7.07,0.293,37.41,34.84,752,N,28,0
CUST-19734,41,32002,MORTGAGE,4.9,VENTURE,B,19275,10.6,0.602,38.87,71.9,726,Y,21,1
CUST-19735,22,73878,RENT,4.0,VENTURE,B,8646,10.58,0.117,26.29,22.36,763,Y,1,0
CUST-19736,56,31540,RENT,3.3,EDUCATION,D,4202,18.2,0.133,8.51,73.92,639,N,34,1
CUST-19737,60,28516,MORTGAGE,2.0,MEDICAL,A,6073,6.36,0.213,14.38,38.98,764,N,35,1
CUST-19738,37,141599,MORTGAGE,3.3,PERSONAL,B,6182,10.33,0.044,6.73,75.17,652,N,17,1
CUST-19739,30,87242,RENT,5.8,VENTURE,C,4286,15.31,0.049,14.86,40.12,615,Y,9,0
CUST-19740,67,16044,RENT,2.1,EDUCATION,E,8166,19.17,0.509,20.27,82.63,580,N,35,1
CUST-19741,21,30981,MORTGAGE,2.7,VENTURE,D,21516,18.88,0.694,32.64,100.0,645,N,1,1
CUST-19742,31,56697,RENT,4.1,EDUCATION,B,11085,10.22,0.196,9.25,97.72,695,N,9,1
CUST-19743,25,59531,MORTGAGE,1.7,EDUCATION,B,4585,9.67,0.077,7.93,49.71,724,N,6,0
CUST-19744,62,20044,MORTGAGE,1.2,MEDICAL,D,8735,16.45,0.436,25.59,55.03,580,Y,35,1
CUST-19745,59,98237,RENT,0.8,PERSONAL,C,4793,13.81,0.049,13.04,44.41,628,N,35,0
CUST-19746,63,80429,OWN,2.2,PERSONAL,D,10233,16.01,0.127,24.26,23.17,627,Y,35,0
CUST-19747,48,65456,RENT,0.2,EDUCATION,D,2992,16.98,0.046,3.72,48.49,612,N,27,0
CUST-19748,49,110640,RENT,4.4,MEDICAL,D,33988,16.32,0.307,22.93,45.67,597,N,29,0
CUST-19749,21,64303,MORTGAGE,1.0,VENTURE,A,17389,9.02,0.27,9.64,73.04,731,N,1,0
CUST-19750,28,64160,MORTGAGE,2.4,MEDICAL,B,2397,11.11,0.037,16.15,65.38,647,N,8,0
CUST-19751,66,124817,RENT,1.6,MEDICAL,B,9423,10.51,0.075,15.61,55.17,699,N,35,0
CUST-19752,21,94914,RENT,3.0,MEDICAL,C,11486,13.12,0.121,20.73,100.0,599,Y,1,1
CUST-19753,48,29587,RENT,9.5,MEDICAL,B,7799,11.46,0.264,15.49,59.06,689,N,29,1
CUST-19754,52,71676,RENT,5.0,PERSONAL,B,9175,10.54,0.128,23.55,80.02,694,N,30,1
CUST-19755,29,32906,MORTGAGE,3.9,EDUCATION,B,14268,9.96,0.434,11.06,15.02,750,N,7,0
CUST-19756,53,66336,MORTGAGE,5.5,EDUCATION,E,11105,18.63,0.167,30.71,82.4,533,Y,32,0
CUST-19757,63,65249,RENT,0.2,MEDICAL,B,4283,11.34,0.066,22.65,38.97,717,N,35,0
CUST-19758,27,21373,RENT,0.7,VENTURE,A,21937,6.93,1.026,37.34,16.02,756,N,5,0
CUST-19759,56,45564,RENT,0.5,MEDICAL,A,5961,7.14,0.131,33.69,55.6,713,N,35,0
CUST-19760,52,57477,RENT,0.5,EDUCATION,A,3923,8.16,0.068,23.37,79.63,752,N,30,0
CUST-19761,66,37730,RENT,1.5,EDUCATION,E,8997,20.79,0.238,17.58,93.57,524,Y,35,1
CUST-19762,25,59208,RENT,3.8,PERSONAL,E,18871,20.21,0.319,37.1,78.45,572,Y,5,1
CUST-19763,63,79502,RENT,0.6,MEDICAL,B,9281,11.52,0.117,29.47,75.27,692,N,35,1
CUST-19764,59,48129,MORTGAGE,,MEDICAL,C,18555,14.35,0.386,36.77,100.0,681,N,35,1
CUST-19765,64,56092,MORTGAGE,9.6,EDUCATION,C,14445,13.51,0.258,25.8,92.81,625,N,35,1
CUST-19766,38,112426,RENT,17.8,VENTURE,A,5477,,0.049,9.0,24.09,672,N,20,0
CUST-19767,51,65115,OWN,0.2,EDUCATION,B,10783,12.69,0.166,20.79,48.05,680,N,31,0
CUST-19768,46,55298,MORTGAGE,9.5,VENTURE,C,7719,13.26,0.14,14.01,35.38,672,N,25,0
CUST-19769,20,27588,OTHER,2.0,VENTURE,D,30883,15.19,1.119,37.0,89.86,615,N,2,1
CUST-19770,62,73321,MORTGAGE,11.6,VENTURE,C,14530,10.47,0.198,7.2,67.69,630,Y,35,0
CUST-19771,52,59759,MORTGAGE,3.8,DEBTCONSOLIDATION,B,2697,12.82,0.045,11.96,61.08,742,N,34,0
CUST-19772,59,105899,MORTGAGE,7.8,PERSONAL,D,14568,18.88,0.138,30.26,71.59,600,N,35,1
CUST-19773,51,50419,RENT,0.3,PERSONAL,C,6989,12.31,0.139,16.84,94.86,677,N,30,0
CUST-19774,24,16485,MORTGAGE,0.4,VENTURE,D,2699,18.04,0.164,6.38,61.59,611,Y,2,0
CUST-19775,36,17675,MORTGAGE,0.6,EDUCATION,B,13537,11.74,0.766,23.66,20.46,724,N,14,0
CUST-19776,27,76222,MORTGAGE,9.0,DEBTCONSOLIDATION,A,1273,8.27,0.017,7.27,42.02,777,N,9,0
CUST-19777,61,34817,MORTGAGE,0.3,EDUCATION,A,13271,8.1,0.381,31.15,43.64,797,N,35,1
CUST-19778,53,63707,RENT,0.5,PERSONAL,E,4262,18.61,0.067,25.61,75.3,543,Y,31,1
CUST-19779,28,52498,MORTGAGE,,MEDICAL,A,12472,7.66,0.238,16.27,39.78,770,N,7,0
CUST-19780,42,44351,RENT,0.6,EDUCATION,B,9829,10.92,0.222,9.86,56.17,657,N,24,0
CUST-19781,54,46266,MORTGAGE,10.2,EDUCATION,B,8025,10.58,0.173,17.62,41.95,720,N,35,0
CUST-19782,69,29166,MORTGAGE,7.8,DEBTCONSOLIDATION,B,9251,10.43,0.317,28.64,78.97,641,N,35,1
CUST-19783,26,48558,MORTGAGE,0.2,PERSONAL,B,16333,12.06,0.336,13.74,87.05,767,N,7,1
CUST-19784,34,34520,MORTGAGE,0.1,MEDICAL,A,21798,8.72,0.631,34.65,41.29,762,N,12,1
CUST-19785,39,39208,RENT,3.8,EDUCATION,A,8975,8.55,0.229,18.27,62.82,758,N,20,0
CUST-19786,69,40368,OWN,29.3,EDUCATION,A,20568,8.62,0.51,38.16,79.39,692,N,35,1
CUST-19787,44,42786,RENT,10.6,EDUCATION,A,3551,7.78,0.083,8.88,39.22,785,N,24,0
CUST-19788,22,85246,OWN,1.9,PERSONAL,A,9363,8.9,0.11,31.94,31.69,794,N,4,0
CUST-19789,65,45348,RENT,2.4,PERSONAL,C,8297,12.06,0.183,4.26,46.32,642,N,35,0
CUST-19790,43,90601,RENT,2.5,DEBTCONSOLIDATION,A,7310,7.58,0.081,30.55,35.83,735,N,24,1
CUST-19791,53,123341,MORTGAGE,6.6,VENTURE,A,3651,8.35,0.03,28.52,53.44,737,N,33,0
CUST-19792,65,81876,MORTGAGE,2.1,HOMEIMPROVEMENT,C,6868,14.15,0.084,16.32,95.46,710,N,35,0
CUST-19793,41,67553,RENT,0.8,PERSONAL,A,3073,7.95,0.045,16.46,89.08,747,N,19,0
CUST-19794,30,59641,MORTGAGE,6.9,PERSONAL,E,7508,20.61,0.126,20.21,63.38,576,Y,12,0
CUST-19795,67,82389,MORTGAGE,3.1,VENTURE,B,15233,12.23,0.185,16.1,58.37,733,N,35,0
CUST-19796,27,51720,RENT,0.4,VENTURE,F,4700,20.72,0.091,27.43,100.0,445,N,8,1
CUST-19797,58,88498,MORTGAGE,7.8,EDUCATION,A,10620,7.86,0.12,16.78,45.21,747,N,35,0
CUST-19798,62,70860,RENT,4.4,EDUCATION,A,3153,6.63,0.044,7.64,27.18,740,N,35,0
CUST-19799,54,39501,MORTGAGE,3.4,EDUCATION,B,15490,11.78,0.392,24.5,60.6,705,N,34,0
CUST-19800,68,83910,RENT,5.6,PERSONAL,B,9017,11.37,0.107,35.09,87.84,728,N,35,0
CUST-19801,65,51786,MORTGAGE,3.5,VENTURE,B,7937,9.34,0.153,25.23,97.74,734,N,35,0
CUST-19802,57,45996,RENT,5.2,EDUCATION,B,10073,10.49,0.219,34.42,26.12,692,N,35,0
CUST-19803,27,36837,RENT,9.0,EDUCATION,B,7447,8.7,0.202,12.31,70.64,695,N,5,0
CUST-19804,56,54155,MORTGAGE,4.8,VENTURE,D,8337,17.64,0.154,26.01,58.26,611,N,35,1
CUST-19805,46,89132,MORTGAGE,5.4,PERSONAL,A,16140,6.86,0.181,24.33,39.39,777,N,26,0
CUST-19806,47,83563,OWN,4.8,VENTURE,B,9299,9.14,0.111,25.94,64.04,740,N,29,0
CUST-19807,59,60599,MORTGAGE,3.8,HOMEIMPROVEMENT,B,6547,10.09,0.108,12.38,60.03,651,N,35,0
CUST-19808,53,70247,MORTGAGE,0.9,PERSONAL,C,20308,14.2,0.289,16.2,79.48,663,N,31,1
CUST-19809,51,105136,RENT,2.0,MEDICAL,A,12016,7.84,0.114,19.01,42.59,743,N,30,0
CUST-19810,34,44802,RENT,5.9,EDUCATION,B,7415,9.91,0.166,18.47,44.19,772,N,12,0
CUST-19811,63,25103,RENT,2.8,PERSONAL,B,13603,10.37,0.542,40.82,100.0,661,N,35,1
CUST-19812,36,107010,RENT,2.6,VENTURE,F,7099,21.65,0.066,11.88,53.67,489,N,17,1
CUST-19813,52,35672,MORTGAGE,7.1,VENTURE,C,2962,12.38,0.083,12.95,81.63,629,N,32,0
CUST-19814,66,32396,RENT,0.0,VENTURE,A,2209,5.26,0.068,22.11,15.95,771,N,35,0
CUST-19815,65,16685,RENT,5.7,HOMEIMPROVEMENT,B,6132,10.49,0.368,24.42,43.6,721,N,35,1
CUST-19816,35,69062,RENT,3.4,EDUCATION,C,12961,14.2,0.188,11.65,48.92,631,N,14,1
CUST-19817,48,18529,RENT,2.4,VENTURE,B,6710,10.48,0.362,13.07,81.89,736,N,27,1
CUST-19818,28,31252,RENT,2.1,VENTURE,B,5395,12.96,0.173,19.54,70.67,685,N,8,1
CUST-19819,52,69768,MORTGAGE,,PERSONAL,B,9183,9.79,0.132,15.12,41.8,730,N,32,0
CUST-19820,68,75595,RENT,2.0,DEBTCONSOLIDATION,B,7170,10.45,0.095,18.63,59.39,651,N,35,0
CUST-19821,48,33155,MORTGAGE,2.5,EDUCATION,A,5387,8.08,0.162,13.75,34.34,716,N,29,0
CUST-19822,32,45229,MORTGAGE,2.9,VENTURE,C,16220,14.03,0.359,16.69,54.17,635,N,12,0
CUST-19823,40,29040,MORTGAGE,5.6,VENTURE,B,10809,10.19,0.372,31.2,77.55,698,N,19,1
CUST-19824,40,35276,MORTGAGE,3.0,MEDICAL,A,11466,7.43,0.325,13.36,72.52,721,N,19,1
CUST-19825,24,57510,MORTGAGE,6.0,PERSONAL,C,1682,13.4,0.029,10.22,77.51,620,N,3,0
CUST-19826,29,36279,MORTGAGE,5.1,EDUCATION,B,12817,11.32,0.353,24.52,58.17,716,N,10,0
CUST-19827,25,42339,RENT,1.1,EDUCATION,A,13834,6.67,0.327,28.12,34.74,779,N,3,1
CUST-19828,32,20356,OWN,1.6,MEDICAL,C,1903,10.58,0.093,21.2,29.3,623,N,14,0
CUST-19829,20,96739,RENT,0.4,EDUCATION,D,9748,16.09,0.101,14.78,71.54,563,N,1,0
CUST-19830,39,66572,RENT,14.6,MEDICAL,C,12819,15.53,0.193,29.45,43.8,653,N,21,1
CUST-19831,66,78884,RENT,10.9,EDUCATION,C,15048,14.46,0.191,12.94,63.7,666,N,35,1
CUST-19832,65,106324,MORTGAGE,0.4,PERSONAL,B,9142,8.62,0.086,7.74,69.48,663,Y,35,1
CUST-19833,27,29877,RENT,4.3,EDUCATION,A,12673,8.31,0.424,20.39,70.92,809,N,8,0
CUST-19834,29,39535,MORTGAGE,11.0,VENTURE,B,11361,10.75,0.287,17.52,58.17,669,N,10,0
CUST-19835,28,15726,MORTGAGE,6.9,HOMEIMPROVEMENT,A,9597,7.05,0.61,15.65,54.41,741,N,7,1
CUST-19836,68,322627,MORTGAGE,3.4,PERSONAL,C,4275,12.21,0.013,7.13,42.4,641,N,35,0
CUST-19837,60,44812,RENT,1.4,EDUCATION,B,7997,9.52,0.178,16.38,57.61,672,N,35,1
CUST-19838,22,91421,MORTGAGE,1.6,DEBTCONSOLIDATION,C,11384,12.83,0.125,6.41,22.94,714,Y,1,1
CUST-19839,30,23320,RENT,6.7,EDUCATION,B,11981,12.7,0.514,20.5,59.51,667,Y,11,1
CUST-19840,31,89128,RENT,7.6,HOMEIMPROVEMENT,D,19669,17.27,0.221,11.3,25.62,671,N,12,0
CUST-19841,29,149425,RENT,3.8,MEDICAL,D,11048,15.65,0.074,5.56,100.0,599,N,7,1
CUST-19842,44,47279,MORTGAGE,0.6,PERSONAL,A,5568,6.85,0.118,23.24,89.96,740,N,24,1
CUST-19843,68,26728,MORTGAGE,13.6,VENTURE,A,6174,7.46,0.231,24.26,83.89,727,N,35,0
CUST-19844,68,45103,MORTGAGE,9.3,DEBTCONSOLIDATION,D,3803,15.98,0.084,19.42,45.55,634,N,35,0
CUST-19845,44,15000,MORTGAGE,0.8,HOMEIMPROVEMENT,B,19140,10.52,1.276,27.12,52.12,769,N,22,1
CUST-19846,30,47919,MORTGAGE,0.3,VENTURE,B,7722,10.33,0.161,19.92,52.0,680,N,10,0
CUST-19847,55,80224,RENT,3.8,MEDICAL,A,9143,7.62,0.114,24.59,27.54,739,N,35,1
CUST-19848,58,47980,RENT,1.7,EDUCATION,B,8135,8.1,0.17,14.24,87.78,751,N,35,1
CUST-19849,45,41337,OWN,1.7,EDUCATION,A,8077,8.46,0.195,30.29,54.46,711,N,27,0
CUST-19850,33,67274,MORTGAGE,0.5,EDUCATION,D,17876,15.83,0.266,10.72,54.56,583,Y,11,1
CUST-19851,58,70432,MORTGAGE,15.3,DEBTCONSOLIDATION,A,4332,8.59,0.062,10.91,20.58,798,N,35,0
CUST-19852,59,18107,RENT,8.9,EDUCATION,B,3564,13.14,0.197,9.92,71.65,715,N,35,1
CUST-19853,20,51704,MORTGAGE,0.6,EDUCATION,A,6009,5.76,0.116,16.88,82.95,720,Y,1,0
CUST-19854,23,211417,MORTGAGE,5.0,MEDICAL,B,9975,10.62,0.047,19.56,52.34,722,N,4,0
CUST-19855,49,22004,RENT,5.7,EDUCATION,E,12606,19.0,0.573,22.41,64.67,516,Y,28,1
CUST-19856,31,46571,OWN,2.0,PERSONAL,A,3924,7.97,0.084,13.13,14.93,788,N,13,0
CUST-19857,54,157164,RENT,10.2,EDUCATION,A,1000,,0.006,13.99,21.29,681,N,35,0
CUST-19858,32,95082,RENT,4.6,MEDICAL,B,4684,10.07,0.049,5.42,78.38,664,N,10,0
CUST-19859,50,36024,RENT,9.4,VENTURE,C,10592,12.52,0.294,12.55,49.24,663,N,30,0
CUST-19860,57,55474,MORTGAGE,3.2,MEDICAL,F,3904,23.95,0.07,26.59,82.57,486,N,35,1
CUST-19861,62,48958,MORTGAGE,3.5,EDUCATION,A,6808,9.73,0.139,18.69,39.78,750,N,35,1
CUST-19862,42,31293,MORTGAGE,1.7,VENTURE,C,9728,13.16,0.311,12.39,61.38,670,N,20,1
CUST-19863,23,46884,OWN,2.5,VENTURE,B,8453,9.12,0.18,9.5,56.53,674,N,1,0
CUST-19864,35,41440,RENT,4.2,EDUCATION,A,3005,6.49,0.073,17.78,53.1,746,N,13,0
CUST-19865,26,52451,MORTGAGE,8.0,PERSONAL,A,9055,7.55,0.173,34.05,45.78,779,N,6,0
CUST-19866,41,31287,MORTGAGE,4.6,HOMEIMPROVEMENT,E,12770,17.82,0.408,38.29,80.14,586,Y,19,1
CUST-19867,48,22788,OWN,0.8,MEDICAL,D,1525,17.12,0.067,13.81,34.72,663,N,28,0
CUST-19868,30,47821,RENT,0.0,PERSONAL,B,6814,10.26,0.142,21.81,78.44,671,N,11,1
CUST-19869,52,137182,OWN,9.5,EDUCATION,E,12203,19.93,0.089,32.38,75.08,535,N,31,0
CUST-19870,48,51499,RENT,2.3,VENTURE,A,10768,7.97,0.209,28.65,78.45,796,N,30,1
CUST-19871,58,40176,MORTGAGE,1.9,VENTURE,B,9114,12.16,0.227,19.88,25.77,713,N,35,0
CUST-19872,31,77068,MORTGAGE,8.1,DEBTCONSOLIDATION,C,8814,14.26,0.114,10.03,61.27,641,N,12,0
CUST-19873,26,44578,MORTGAGE,8.0,MEDICAL,G,10092,24.85,0.226,12.61,48.48,480,N,7,0
CUST-19874,58,150364,RENT,6.9,PERSONAL,B,7690,10.8,0.051,15.71,56.29,728,N,35,0
CUST-19875,61,48905,RENT,1.0,VENTURE,D,4117,14.13,0.084,4.05,58.42,596,N,35,1
CUST-19876,67,74630,RENT,2.5,EDUCATION,E,3517,19.72,0.047,10.71,40.39,597,N,35,0
CUST-19877,45,31170,MORTGAGE,7.1,EDUCATION,A,7470,8.23,0.24,14.61,35.11,794,N,27,0
CUST-19878,59,66293,MORTGAGE,11.9,PERSONAL,A,9852,7.35,0.149,26.58,27.52,754,N,35,0
CUST-19879,28,57818,OWN,10.0,EDUCATION,A,11249,9.5,0.195,11.76,56.36,702,N,6,0
CUST-19880,60,47386,RENT,3.6,HOMEIMPROVEMENT,C,13331,11.72,0.281,23.14,86.14,670,N,35,0
CUST-19881,53,36277,RENT,8.6,MEDICAL,B,4000,9.61,0.11,17.07,69.09,739,N,31,1
CUST-19882,64,33429,RENT,0.2,PERSONAL,A,10868,6.74,0.325,9.53,55.38,792,N,35,0
CUST-19883,32,58070,RENT,1.7,MEDICAL,B,5964,10.51,0.103,6.78,26.35,706,N,11,0
CUST-19884,55,71493,MORTGAGE,2.3,VENTURE,B,3498,9.72,0.049,17.8,58.63,640,N,35,0
CUST-19885,44,45419,MORTGAGE,18.6,HOMEIMPROVEMENT,C,7193,12.01,0.158,23.13,45.96,634,Y,24,0
CUST-19886,43,58241,OTHER,0.0,HOMEIMPROVEMENT,C,10223,13.07,0.176,15.39,40.24,633,N,21,0
CUST-19887,63,47918,RENT,1.8,PERSONAL,A,5153,8.72,0.108,29.73,72.2,780,N,35,0
CUST-19888,36,52006,RENT,13.3,HOMEIMPROVEMENT,B,10161,11.41,0.195,8.3,60.31,714,N,17,0
CUST-19889,21,43465,RENT,1.8,PERSONAL,A,16768,6.67,0.386,21.14,75.81,781,N,1,0
CUST-19890,32,49552,MORTGAGE,1.3,PERSONAL,C,8716,13.05,0.176,22.02,65.2,626,Y,12,1
CUST-19891,50,247415,OWN,6.5,PERSONAL,C,13575,12.57,0.055,4.37,48.7,657,N,28,0
CUST-19892,48,59099,RENT,6.8,PERSONAL,C,12827,11.99,0.217,27.4,58.85,570,N,29,0
CUST-19893,69,72198,RENT,3.2,HOMEIMPROVEMENT,A,5410,8.01,0.075,16.05,75.05,736,N,35,0
CUST-19894,47,63755,MORTGAGE,14.7,VENTURE,B,3207,8.96,0.05,18.24,59.57,648,N,27,0
CUST-19895,46,41869,MORTGAGE,1.1,VENTURE,D,6909,,0.165,12.22,60.02,671,Y,27,0
CUST-19896,34,106552,RENT,12.2,DEBTCONSOLIDATION,C,9276,15.68,0.087,15.55,38.92,666,N,16,0
CUST-19897,50,41163,MORTGAGE,7.0,EDUCATION,D,12525,16.95,0.304,14.11,36.09,625,N,30,0
CUST-19898,59,92321,RENT,2.3,PERSONAL,A,6395,8.25,0.069,2.25,28.58,707,N,35,0
CUST-19899,34,40113,OWN,8.2,VENTURE,A,5695,8.21,0.142,8.57,39.45,745,N,16,0
CUST-19900,52,27557,RENT,0.7,HOMEIMPROVEMENT,B,5635,9.91,0.204,14.89,97.45,723,N,31,0
CUST-19901,39,61037,RENT,0.7,DEBTCONSOLIDATION,B,10188,10.94,0.167,9.92,59.68,669,N,18,0
CUST-19902,61,25265,RENT,13.3,EDUCATION,A,5677,7.87,0.225,19.78,45.36,734,N,35,0
CUST-19903,31,67601,RENT,0.5,HOMEIMPROVEMENT,B,5140,9.75,0.076,16.87,32.24,739,N,9,0
CUST-19904,56,23944,MORTGAGE,0.0,HOMEIMPROVEMENT,C,8897,10.48,0.372,26.06,92.59,612,N,35,1
CUST-19905,28,40481,MORTGAGE,2.5,PERSONAL,C,9523,12.24,0.235,12.59,35.54,635,N,9,0
CUST-19906,42,20763,MORTGAGE,0.5,VENTURE,A,7156,,0.345,19.79,57.6,721,N,22,0
CUST-19907,27,266865,MORTGAGE,9.0,PERSONAL,F,11047,22.6,0.041,17.82,52.18,542,Y,7,0
CUST-19908,51,18171,RENT,12.8,MEDICAL,B,14264,8.73,0.785,34.25,32.54,727,N,33,0
CUST-19909,67,49310,RENT,3.3,HOMEIMPROVEMENT,B,10831,12.75,0.22,21.24,47.79,756,N,35,1
CUST-19910,33,97341,OWN,2.8,HOMEIMPROVEMENT,F,11610,23.96,0.119,20.04,72.53,544,N,11,0
CUST-19911,46,91293,MORTGAGE,3.9,MEDICAL,A,1405,8.76,0.015,9.98,55.68,794,N,27,0
CUST-19912,44,81699,RENT,1.3,HOMEIMPROVEMENT,B,30180,9.89,0.369,27.94,92.36,713,N,23,0
CUST-19913,32,40524,RENT,1.8,PERSONAL,D,10310,14.01,0.254,15.76,96.51,562,Y,11,1
CUST-19914,40,110266,MORTGAGE,0.5,PERSONAL,B,6428,11.5,0.058,21.66,23.21,701,N,22,0
CUST-19915,64,84798,RENT,3.0,EDUCATION,C,8208,12.6,0.097,23.98,72.47,652,N,35,0
CUST-19916,50,55680,MORTGAGE,4.7,HOMEIMPROVEMENT,D,4275,17.45,0.077,24.36,39.91,647,N,29,0
CUST-19917,56,56633,MORTGAGE,13.3,HOMEIMPROVEMENT,A,12817,8.22,0.226,6.56,79.81,747,N,35,0
CUST-19918,67,40849,RENT,6.7,MEDICAL,A,2641,6.97,0.065,9.21,41.32,737,N,35,0
CUST-19919,62,28401,RENT,6.4,DEBTCONSOLIDATION,B,4833,9.04,0.17,8.29,36.9,670,N,35,0
CUST-19920,24,102980,MORTGAGE,1.8,VENTURE,B,3369,10.72,0.033,33.67,51.52,691,Y,4,1
CUST-19921,32,107723,RENT,11.0,MEDICAL,A,12331,5.62,0.114,11.88,60.33,747,N,12,0
CUST-19922,47,28840,RENT,14.7,VENTURE,A,12416,7.84,0.431,12.01,58.88,771,N,26,0
CUST-19923,62,44700,MORTGAGE,13.5,HOMEIMPROVEMENT,D,3822,17.06,0.086,15.04,60.45,581,Y,35,1
CUST-19924,44,44978,MORTGAGE,,PERSONAL,B,11749,9.71,0.261,10.67,34.86,782,N,22,0
CUST-19925,54,48069,RENT,4.6,PERSONAL,A,19937,5.7,0.415,26.63,21.51,718,N,34,0
CUST-19926,66,50948,MORTGAGE,5.2,EDUCATION,E,8160,21.45,0.16,15.86,80.65,525,Y,35,1
CUST-19927,58,86518,MORTGAGE,1.7,HOMEIMPROVEMENT,C,7505,12.86,0.087,8.72,41.56,668,N,35,0
CUST-19928,26,31309,RENT,8.0,DEBTCONSOLIDATION,B,14799,10.25,0.473,26.84,39.89,655,N,8,0
CUST-19929,57,29501,RENT,1.7,EDUCATION,C,4261,14.81,0.144,14.4,54.33,651,N,35,0
CUST-19930,51,102947,MORTGAGE,1.2,DEBTCONSOLIDATION,B,10877,9.82,0.106,4.9,68.24,676,N,31,0
CUST-19931,22,37138,RENT,3.3,MEDICAL,C,7643,12.59,0.206,11.97,58.5,673,Y,1,0
CUST-19932,64,22975,RENT,2.0,MEDICAL,B,2148,12.91,0.093,7.32,48.16,705,Y,35,0
CUST-19933,58,36640,MORTGAGE,12.9,HOMEIMPROVEMENT,A,20457,6.62,0.558,36.34,80.14,790,N,35,0
CUST-19934,56,40213,MORTGAGE,2.9,MEDICAL,A,21173,8.96,0.527,15.73,43.94,765,N,34,1
CUST-19935,69,124614,MORTGAGE,2.6,MEDICAL,A,13455,7.68,0.108,4.83,31.48,752,N,35,0
CUST-19936,41,85382,MORTGAGE,4.9,PERSONAL,B,1651,10.66,0.019,13.16,66.1,707,N,23,0
CUST-19937,27,97588,RENT,0.4,PERSONAL,B,6182,9.89,0.063,20.11,84.5,666,N,9,0
CUST-19938,36,80176,RENT,7.1,VENTURE,A,4865,7.26,0.061,22.08,28.14,726,N,16,0
CUST-19939,46,86486,MORTGAGE,7.3,PERSONAL,D,1000,,0.012,4.3,50.78,618,N,25,0
CUST-19940,52,32440,MORTGAGE,3.2,VENTURE,C,9618,14.53,0.296,22.05,23.92,671,N,33,0
CUST-19941,65,43514,MORTGAGE,15.6,VENTURE,B,9514,8.86,0.219,25.05,41.25,689,N,35,0
CUST-19942,36,27066,RENT,4.3,MEDICAL,F,10793,20.81,0.399,28.69,75.26,523,N,14,1
CUST-19943,61,43204,OWN,5.9,VENTURE,E,4386,19.96,0.102,5.26,55.05,556,Y,35,1
CUST-19944,31,73899,RENT,12.9,DEBTCONSOLIDATION,A,18656,8.27,0.252,22.79,51.33,763,N,12,0
CUST-19945,67,53143,RENT,5.5,EDUCATION,B,4961,11.42,0.093,10.93,66.5,700,N,35,0
CUST-19946,65,107676,RENT,2.8,MEDICAL,D,11282,16.41,0.105,8.65,61.53,632,N,35,0
CUST-19947,46,24714,RENT,0.1,HOMEIMPROVEMENT,A,10027,,0.406,27.74,54.08,728,Y,28,0
CUST-19948,67,66180,MORTGAGE,6.5,PERSONAL,A,6238,6.53,0.094,25.58,85.98,748,N,35,0
CUST-19949,27,23179,RENT,9.0,EDUCATION,A,3426,5.0,0.148,7.72,47.06,803,N,9,0
CUST-19950,42,51870,RENT,3.2,MEDICAL,A,3405,9.46,0.066,20.96,65.91,821,N,24,0
CUST-19951,61,76435,RENT,2.1,MEDICAL,F,1000,18.84,0.013,15.05,44.55,522,Y,35,0
CUST-19952,68,43100,MORTGAGE,3.7,PERSONAL,C,2657,13.21,0.062,5.97,49.05,696,N,35,1
CUST-19953,48,68232,MORTGAGE,6.5,EDUCATION,A,10432,5.37,0.153,17.73,22.8,794,N,29,0
CUST-19954,69,27561,MORTGAGE,0.0,MEDICAL,C,7772,12.8,0.282,8.57,52.74,679,N,35,0
CUST-19955,39,18065,RENT,10.9,MEDICAL,A,13111,8.19,0.726,23.5,41.71,688,N,18,1
CUST-19956,35,68474,MORTGAGE,10.9,VENTURE,B,14094,7.76,0.206,5.96,45.75,650,N,13,0
CUST-19957,36,139581,RENT,3.9,HOMEIMPROVEMENT,B,11580,10.92,0.083,13.45,84.86,682,N,17,1
CUST-19958,35,26967,RENT,0.7,MEDICAL,A,6440,8.55,0.239,10.95,53.38,733,N,15,0
CUST-19959,38,102060,MORTGAGE,5.6,MEDICAL,B,4418,10.0,0.043,4.55,49.36,668,N,16,1
CUST-19960,27,50314,RENT,0.7,VENTURE,C,2963,16.79,0.059,4.69,50.35,669,N,5,0
CUST-19961,57,21995,RENT,3.5,MEDICAL,A,8127,5.0,0.369,33.84,80.36,771,N,35,0
CUST-19962,57,24862,RENT,0.5,HOMEIMPROVEMENT,D,2749,14.44,0.111,21.13,36.95,673,N,35,1
CUST-19963,48,49487,RENT,4.4,MEDICAL,A,7256,7.14,0.147,9.24,55.36,729,N,27,1
CUST-19964,60,38458,RENT,1.9,MEDICAL,B,24837,10.16,0.646,33.57,91.74,677,N,35,0
CUST-19965,55,22297,MORTGAGE,8.9,PERSONAL,D,21365,16.64,0.958,36.68,93.76,617,N,35,1
CUST-19966,45,17739,RENT,8.0,HOMEIMPROVEMENT,A,9869,8.61,0.556,30.4,67.75,705,N,23,1
CUST-19967,50,29494,OWN,32.0,MEDICAL,C,5566,11.99,0.189,18.44,26.92,715,N,30,0
CUST-19968,63,55065,MORTGAGE,1.5,VENTURE,B,14235,8.87,0.259,31.61,37.57,687,N,35,0
CUST-19969,31,48832,MORTGAGE,0.3,MEDICAL,B,14016,9.67,0.287,7.93,53.47,697,N,13,0
CUST-19970,36,36288,MORTGAGE,2.9,PERSONAL,A,9395,8.74,0.259,36.52,40.43,755,N,14,0
CUST-19971,34,55333,MORTGAGE,0.4,EDUCATION,C,22766,14.47,0.411,17.6,81.84,645,N,16,1
CUST-19972,28,91492,MORTGAGE,1.0,PERSONAL,B,9563,10.42,0.105,21.09,55.73,690,Y,6,1
CUST-19973,58,62098,RENT,4.5,EDUCATION,B,15173,9.89,0.244,23.87,42.37,782,Y,35,1
CUST-19974,61,45579,MORTGAGE,4.5,EDUCATION,C,5156,13.32,0.113,8.53,74.58,653,N,35,1
CUST-19975,67,85548,RENT,0.2,EDUCATION,E,21696,19.93,0.254,24.74,74.04,587,Y,35,1
CUST-19976,31,27559,RENT,2.9,PERSONAL,B,5121,10.62,0.186,14.29,75.64,683,N,13,1
CUST-19977,51,42832,RENT,3.8,VENTURE,C,5927,11.81,0.138,19.83,77.36,672,N,29,1
CUST-19978,44,43449,MORTGAGE,1.6,VENTURE,E,2627,17.73,0.06,12.5,76.65,571,Y,26,1
CUST-19979,58,23337,OWN,10.3,EDUCATION,A,4690,7.19,0.201,19.41,37.68,759,N,35,0
CUST-19980,37,38104,RENT,0.9,MEDICAL,B,12106,11.37,0.318,42.41,33.19,717,Y,16,0
CUST-19981,34,15000,MORTGAGE,1.5,MEDICAL,A,5395,6.23,0.36,18.15,55.48,781,N,15,0
CUST-19982,51,154400,MORTGAGE,0.9,EDUCATION,D,4858,16.99,0.031,4.45,60.58,634,N,33,0
CUST-19983,25,27932,RENT,0.6,EDUCATION,A,7772,5.35,0.278,29.53,49.8,749,N,3,1
CUST-19984,63,126965,RENT,10.6,PERSONAL,B,3488,10.59,0.027,7.86,49.56,700,N,35,0
CUST-19985,62,50153,RENT,1.6,HOMEIMPROVEMENT,C,14436,12.56,0.288,10.74,92.38,611,N,35,0
CUST-19986,54,68797,OWN,6.4,HOMEIMPROVEMENT,C,7066,10.99,0.103,11.26,47.59,644,N,34,0
CUST-19987,53,36560,RENT,2.8,EDUCATION,B,4394,9.84,0.12,19.37,76.29,704,N,35,0
CUST-19988,57,55534,RENT,5.1,VENTURE,C,23753,11.98,0.428,39.23,34.88,682,N,35,0
CUST-19989,24,72424,RENT,6.0,MEDICAL,E,2463,19.17,0.034,5.78,86.83,487,Y,6,1
CUST-19990,37,73037,MORTGAGE,9.3,PERSONAL,D,8468,17.0,0.116,30.05,46.3,621,N,15,0
CUST-19991,35,78031,OWN,0.4,HOMEIMPROVEMENT,C,8500,14.05,0.109,29.15,97.65,623,N,13,0
CUST-19992,27,39300,RENT,9.0,EDUCATION,E,13391,17.13,0.341,12.07,65.71,597,N,7,0
CUST-19993,44,36745,OWN,3.0,VENTURE,D,10369,17.19,0.282,11.58,48.8,657,N,22,0
CUST-19994,51,18835,RENT,2.2,MEDICAL,C,11489,14.0,0.61,19.19,53.6,648,N,29,1
CUST-19995,45,67099,RENT,5.6,VENTURE,E,16898,18.99,0.252,30.28,66.91,620,N,27,0
CUST-19996,41,93847,OWN,15.0,MEDICAL,D,8254,14.98,0.088,5.12,34.12,640,N,21,0
CUST-19997,50,129261,MORTGAGE,,VENTURE,B,14616,10.01,0.113,15.03,74.94,705,N,31,0
CUST-19998,62,58870,RENT,7.3,PERSONAL,B,4310,12.43,0.073,11.71,36.59,644,N,35,0
CUST-19999,29,30949,MORTGAGE,1.1,PERSONAL,A,11954,8.22,0.386,19.46,25.83,763,N,9,0
